solid Created by Gmsh
facet normal -0.94108 0.214979 0.26106
  outer loop
    vertex 0.2661682812032691 0.9088719202795104 1.265638522204815
    vertex 0.3068475511530568 1.111301353813323 1.245583125318704
    vertex 0.2448540905191985 0.9877521781071605 1.123847560826959
  endloop
endfacet
facet normal -0.939869 -0.234375 0.248422
  outer loop
    vertex 0.2591861263919286 -0.996650952365484 1.17162150388983
    vertex 0.2615078024120283 -1.120149790671968 1.063889591648878
    vertex 0.3175696336028802 -1.190100956804636 1.209995639150464
  endloop
endfacet
facet normal -0.928811 -0.130849 -0.346684
  outer loop
    vertex 0.3205842500054192 -0.695756417199953 -1.556511987995731
    vertex 0.3183335420537103 -0.5066368266166504 -1.621861433048819
    vertex 0.374309397871 -0.6746595745906275 -1.708411161990343
  endloop
endfacet
facet normal -0.926854 0.106493 -0.36
  outer loop
    vertex 0.374309397871 0.4426094758723038 -1.78267526259497
    vertex 0.3020438501874896 0.4674973129424468 -1.589258642180568
    vertex 0.374309397871 0.5984304924131381 -1.736581465336472
  endloop
endfacet
facet normal -0.949642 0.309421 0.0493855
  outer loop
    vertex 0.2075081209347021 1.35715436211242 0.2512312776231874
    vertex 0.2665242003069137 1.532768838628907 0.2857628835594258
    vertex 0.235253457778426 1.461523205020416 0.1308363203489327
  endloop
endfacet
facet normal -0.9684 0.0713093 0.23899
  outer loop
    vertex 0.1403104751754576 0.4117547494182285 1.062062933982598
    vertex 0.1302865813639684 0.2548769956223 1.068254413680421
    vertex 0.1692699957781612 0.3029090275923127 1.211885578715483
  endloop
endfacet
facet normal -0.991114 0.0571647 0.120106
  outer loop
    vertex 0.04226368878399533 0.3642879791311556 0.5121241123373318
    vertex 0.03330395542076126 0.1639633087379438 0.5335332722896127
    vertex 0.05732209423022105 0.3007180728709265 0.6666417136485867
  endloop
endfacet
facet normal -0.936109 0.26766 0.228162
  outer loop
    vertex 0.3205842500053935 1.244908543980155 1.164907411760403
    vertex 0.320199164920715 1.347024540608594 1.04353394876495
    vertex 0.2697962978345672 1.219142339965344 0.9867601519061937
  endloop
endfacet
facet normal -0.986345 -0.089876 0.138006
  outer loop
    vertex 0.08211639970458062 -0.4958354081608917 0.7199281089526551
    vertex 0.06618003312550869 -0.3370467195697463 0.7094396570663565
    vertex 0.05551012770508379 -0.4625047276529301 0.5514761821607862
  endloop
endfacet
facet normal -0.937227 -0.0963405 0.335149
  outer loop
    vertex 0.3179604739158215 -0.5406635439794014 1.609824029596342
    vertex 0.3170785989458214 -0.3940707736162594 1.649496850150257
    vertex 0.26516822364548 -0.385625204701355 1.506759856316453
  endloop
endfacet
facet normal -0.938559 -0.100011 0.33031
  outer loop
    vertex 0.26516822364548 -0.385625204701355 1.506759856316453
    vertex 0.2736299706665921 -0.5392791010280085 1.484280340424698
    vertex 0.3179604739158215 -0.5406635439794014 1.609824029596342
  endloop
endfacet
facet normal -0.926309 0.197924 0.32059
  outer loop
    vertex 0.374309397871 1.033106851538586 1.51872462062878
    vertex 0.3061269054417579 0.8718796025763351 1.421256640892883
    vertex 0.374309397871 0.8948390797871905 1.604087672568309
  endloop
endfacet
facet normal -0.93822 0.215374 0.270846
  outer loop
    vertex 0.3213897046753154 1.016511977906166 1.371333047094299
    vertex 0.3068475511530568 1.111301353813323 1.245583125318704
    vertex 0.2661682812032691 0.9088719202795104 1.265638522204815
  endloop
endfacet
facet normal -0.938989 0.33361 0.0836906
  outer loop
    vertex 0.2665242003069137 1.532768838628907 0.2857628835594258
    vertex 0.2743357603184178 1.504107560320414 0.4876572447064974
    vertex 0.325528112537496 1.672778257202413 0.3896628864263794
  endloop
endfacet
facet normal -0.937059 -0.255338 -0.238166
  outer loop
    vertex 0.2613953282313553 -1.126643105782817 -1.05653909390102
    vertex 0.318813188683575 -1.189355487549266 -1.215214436912896
    vertex 0.3225059967209898 -1.295274436896297 -1.116188071616648
  endloop
endfacet
facet normal -0.939189 0.0273516 0.342309
  outer loop
    vertex 0.2637651764424307 0.0448591363253297 1.550674147908157
    vertex 0.3188407490977445 0.1767643068814564 1.691244553844096
    vertex 0.2673540602074009 0.2104137093673601 1.547292578608172
  endloop
endfacet
facet normal -0.987843 -0.0821532 0.131973
  outer loop
    vertex 0.05551012770508379 -0.4625047276529301 0.5514761821607862
    vertex 0.06618003312550869 -0.3370467195697463 0.7094396570663565
    vertex 0.04245900885019527 -0.3176043915635159 0.5439865497518195
  endloop
endfacet
facet normal -0.940847 0.163838 0.296587
  outer loop
    vertex 0.2434687721869038 0.7529188091940293 1.288205093635272
    vertex 0.2703070299658608 0.663072672286099 1.422974728072118
    vertex 0.3061269054417579 0.8718796025763351 1.421256640892883
  endloop
endfacet
facet normal -0.978927 0.199179 0.0450441
  outer loop
    vertex 0.09726278029404334 0.8972697104983959 0.3138957582319601
    vertex 0.1132654906491011 1.015446816474485 0.1391131361715334
    vertex 0.0809364494229925 0.8570113521831391 0.1370986260952211
  endloop
endfacet
facet normal -0.976901 0.207545 0.0508864
  outer loop
    vertex 0.1315770674077958 1.063327849635498 0.2953651180028172
    vertex 0.1132654906491011 1.015446816474485 0.1391131361715334
    vertex 0.09726278029404334 0.8972697104983959 0.3138957582319601
  endloop
endfacet
facet normal -0.965935 0.0812151 0.24571
  outer loop
    vertex 0.1692699957781612 0.3029090275923127 1.211885578715483
    vertex 0.1793930126162602 0.4667412849947045 1.197529308094331
    vertex 0.1403104751754576 0.4117547494182285 1.062062933982598
  endloop
endfacet
facet normal -0.9497 0.306919 0.0622067
  outer loop
    vertex 0.234896248503615 1.414655785879516 0.3856575704154859
    vertex 0.2665242003069137 1.532768838628907 0.2857628835594258
    vertex 0.2075081209347021 1.35715436211242 0.2512312776231874
  endloop
endfacet
facet normal -0.990739 -0.0222182 0.133947
  outer loop
    vertex 0.05023481333810853 -0.01949671129791476 0.6846099052985937
    vertex 0.0353800730760705 -0.1683290397834065 0.5500496657741565
    vertex 0.05553390884648479 -0.1783877257850012 0.697448947039503
  endloop
endfacet
facet normal -0.93792 0.259787 0.229817
  outer loop
    vertex 0.2697962978345672 1.219142339965344 0.9867601519061937
    vertex 0.2716414016904727 1.128740390660818 1.09648129494685
    vertex 0.3205842500053935 1.244908543980155 1.164907411760403
  endloop
endfacet
facet normal -0.982403 0.171206 0.0746535
  outer loop
    vertex 0.09726278029404334 0.8972697104983959 0.3138957582319601
    vertex 0.07194169406299622 0.7787405167191551 0.2525110607476878
    vertex 0.07329462662876018 0.7193922012430785 0.4064210309069448
  endloop
endfacet
facet normal -0.981983 0.172478 0.077208
  outer loop
    vertex 0.07329462662876018 0.7193922012430785 0.4064210309069448
    vertex 0.09763065545686622 0.8341891184289588 0.4594930218270419
    vertex 0.09726278029404334 0.8972697104983959 0.3138957582319601
  endloop
endfacet
facet normal -0.99148 -0.0177145 0.129048
  outer loop
    vertex 0.03178717199807135 -0.001522518033547744 0.5453428929753227
    vertex 0.0353800730760705 -0.1683290397834065 0.5500496657741565
    vertex 0.05023481333810853 -0.01949671129791476 0.6846099052985937
  endloop
endfacet
facet normal -0.936319 0.245719 -0.250857
  outer loop
    vertex 0.3214386929329214 1.244471043936439 -1.168576548200846
    vertex 0.3205378702198214 1.139367234339691 -1.268165287775099
    vertex 0.2671622841362788 1.103458899399943 -1.104114515023107
  endloop
endfacet
facet normal -0.938527 0.332888 -0.091391
  outer loop
    vertex 0.3118913216400836 1.637476142202184 -0.3864829058277141
    vertex 0.2849189935708951 1.527276807720443 -0.5108906414749164
    vertex 0.2592371328584928 1.488347305745321 -0.3889534191608479
  endloop
endfacet
facet normal -0.937341 -0.254727 0.237709
  outer loop
    vertex 0.2615078024120283 -1.120149790671968 1.063889591648878
    vertex 0.2976111085134265 -1.266586305000935 1.049333276216774
    vertex 0.3175696336028802 -1.190100956804636 1.209995639150464
  endloop
endfacet
facet normal -0.939997 0.333115 -0.0737637
  outer loop
    vertex 0.2592371328584928 1.488347305745321 -0.3889534191608479
    vertex 0.2728406110684878 1.555814998489905 -0.2576252705275138
    vertex 0.3118913216400836 1.637476142202184 -0.3864829058277141
  endloop
endfacet
facet normal -0.926207 0.251445 0.28092
  outer loop
    vertex 0.374309397871 1.284367156404724 1.313101385098974
    vertex 0.3068475511530568 1.111301353813323 1.245583125318704
    vertex 0.374309397871 1.163289161438652 1.421475489369886
  endloop
endfacet
facet normal -0.937188 0.0201974 0.348239
  outer loop
    vertex 0.3194471302488262 0.02152584368690731 1.701880118686181
    vertex 0.3188407490977445 0.1767643068814564 1.691244553844096
    vertex 0.2637651764424307 0.0448591363253297 1.550674147908157
  endloop
endfacet
facet normal -0.935892 -0.335555 0.107276
  outer loop
    vertex 0.3189136716493755 -1.640986870154607 0.4464906815660459
    vertex 0.3244842640690067 -1.613792496514667 0.5801526650732329
    vertex 0.2711863411980424 -1.491320238476433 0.4982620280105631
  endloop
endfacet
facet normal -0.962687 0.118679 0.243205
  outer loop
    vertex 0.1953506529950602 0.6582621969901415 1.167236849390537
    vertex 0.1518341662530052 0.5690416937229392 1.038521411774042
    vertex 0.1793930126162602 0.4667412849947045 1.197529308094331
  endloop
endfacet
facet normal -0.989222 -0.0561577 0.135226
  outer loop
    vertex 0.04245900885019527 -0.3176043915635159 0.5439865497518195
    vertex 0.06618003312550869 -0.3370467195697463 0.7094396570663565
    vertex 0.05553390884648479 -0.1783877257850012 0.697448947039503
  endloop
endfacet
facet normal -0.938893 0.231388 -0.254831
  outer loop
    vertex 0.2671622841362788 1.103458899399943 -1.104114515023107
    vertex 0.3205378702198214 1.139367234339691 -1.268165287775099
    vertex 0.271390515346952 0.9944042853028704 -1.218715383313561
  endloop
endfacet
facet normal -0.937977 0.163422 0.305765
  outer loop
    vertex 0.3061269054417579 0.8718796025763351 1.421256640892883
    vertex 0.2703070299658608 0.663072672286099 1.422974728072118
    vertex 0.324684108644508 0.7627524233224382 1.536508524363722
  endloop
endfacet
facet normal -0.993094 0.055466 0.103383
  outer loop
    vertex 0.02118856759287358 0.2267919624598186 0.3834455440024813
    vertex 0.03330395542076126 0.1639633087379438 0.5335332722896127
    vertex 0.04226368878399533 0.3642879791311556 0.5121241123373318
  endloop
endfacet
facet normal -0.994189 0.083574 -0.0678487
  outer loop
    vertex 0.03413832795669869 0.390199286010003 -0.408733271160423
    vertex 0.0186436746062526 0.3113575891765509 -0.2788045077252608
    vertex 0.03156037723429783 0.4701551158231662 -0.2724713178561588
  endloop
endfacet
facet normal -0.9719 0.231437 0.0429791
  outer loop
    vertex 0.1457013626909429 1.152752563946859 0.1332212141288974
    vertex 0.1132654906491011 1.015446816474485 0.1391131361715334
    vertex 0.1315770674077958 1.063327849635498 0.2953651180028172
  endloop
endfacet
facet normal -0.962664 -0.265082 0.0548531
  outer loop
    vertex 0.154196944054922 -1.176200452410381 0.2008628128662322
    vertex 0.1952491606576281 -1.322322354025568 0.2151776654963403
    vertex 0.1791090612464297 -1.236215833922435 0.3480379308467876
  endloop
endfacet
facet normal -0.989899 -0.0522955 0.13178
  outer loop
    vertex 0.05553390884648479 -0.1783877257850012 0.697448947039503
    vertex 0.0353800730760705 -0.1683290397834065 0.5500496657741565
    vertex 0.04245900885019527 -0.3176043915635159 0.5439865497518195
  endloop
endfacet
facet normal -0.936159 -0.34289 -0.0776703
  outer loop
    vertex 0.3225041697505704 -1.650548036911341 -0.4464155946268261
    vertex 0.3219191834309942 -1.680604282260714 -0.3066760440588095
    vertex 0.2677063257958467 -1.520928917032671 -0.3581647634385143
  endloop
endfacet
facet normal -0.925294 -0.12356 -0.358559
  outer loop
    vertex 0.374309397871 -0.6746595745906275 -1.708411161990343
    vertex 0.3183335420537103 -0.5066368266166504 -1.621861433048819
    vertex 0.374309397871 -0.521029954444439 -1.761352328914243
  endloop
endfacet
facet normal -0.939842 0.0643891 0.335487
  outer loop
    vertex 0.3161820078699309 0.331430197170751 1.660854122367172
    vertex 0.2617821985918329 0.3634037917613419 1.50232043471901
    vertex 0.2673540602074009 0.2104137093673601 1.547292578608172
  endloop
endfacet
facet normal -0.925965 0.107113 0.362099
  outer loop
    vertex 0.374309397871 0.5984304924131435 1.73658146533647
    vertex 0.3089557502284244 0.4884487043368414 1.601992197117968
    vertex 0.374309397871 0.4426094758723085 1.782675262594969
  endloop
endfacet
facet normal -0.935049 0.340457 -0.09885
  outer loop
    vertex 0.3303297071565314 1.645726979284287 -0.5324793132787201
    vertex 0.2849189935708951 1.527276807720443 -0.5108906414749164
    vertex 0.3118913216400836 1.637476142202184 -0.3864829058277141
  endloop
endfacet
facet normal -0.937129 -0.327842 0.119617
  outer loop
    vertex 0.2711863411980424 -1.491320238476433 0.4982620280105631
    vertex 0.3244842640690067 -1.613792496514667 0.5801526650732329
    vertex 0.2906691003742763 -1.497830872960584 0.6330541292712453
  endloop
endfacet
facet normal -0.936383 0.0521037 0.347091
  outer loop
    vertex 0.2673540602074009 0.2104137093673601 1.547292578608172
    vertex 0.3188407490977445 0.1767643068814564 1.691244553844096
    vertex 0.3161820078699309 0.331430197170751 1.660854122367172
  endloop
endfacet
facet normal -0.937575 -0.231473 0.259562
  outer loop
    vertex 0.3175696336028802 -1.190100956804636 1.209995639150464
    vertex 0.3179421414359567 -1.067714652043133 1.320483037332932
    vertex 0.2591861263919286 -0.996650952365484 1.17162150388983
  endloop
endfacet
facet normal -0.939193 -0.241016 -0.244598
  outer loop
    vertex 0.2613953282313553 -1.126643105782817 -1.05653909390102
    vertex 0.2708580807422072 -1.041974914453898 -1.176301690952256
    vertex 0.318813188683575 -1.189355487549266 -1.215214436912896
  endloop
endfacet
facet normal -0.928758 0.116745 -0.351822
  outer loop
    vertex 0.3020438501874896 0.4674973129424468 -1.589258642180568
    vertex 0.3183413792107457 0.625514287707944 -1.57984677798515
    vertex 0.374309397871 0.5984304924131381 -1.736581465336472
  endloop
endfacet
facet normal -0.92855 0.0942122 -0.359053
  outer loop
    vertex 0.3267888887516062 0.3377800757115363 -1.687288467471738
    vertex 0.3020438501874896 0.4674973129424468 -1.589258642180568
    vertex 0.374309397871 0.4426094758723038 -1.78267526259497
  endloop
endfacet
facet normal -0.924675 -0.241143 0.294663
  outer loop
    vertex 0.374309397871 -1.09927394667491 1.471540359678173
    vertex 0.3179421414359567 -1.067714652043133 1.320483037332932
    vertex 0.374309397871 -1.225027183040761 1.36862801403859
  endloop
endfacet
facet normal -0.934647 -0.126016 -0.332497
  outer loop
    vertex 0.2708603308103452 -0.5715930097632754 -1.463795998752706
    vertex 0.3183335420537103 -0.5066368266166504 -1.621861433048819
    vertex 0.3205842500054192 -0.695756417199953 -1.556511987995731
  endloop
endfacet
facet normal -0.943135 0.322083 0.0822146
  outer loop
    vertex 0.234896248503615 1.414655785879516 0.3856575704154859
    vertex 0.2743357603184178 1.504107560320414 0.4876572447064974
    vertex 0.2665242003069137 1.532768838628907 0.2857628835594258
  endloop
endfacet
facet normal -0.928386 0.183448 0.323182
  outer loop
    vertex 0.374309397871 0.8948390797871905 1.604087672568309
    vertex 0.3061269054417579 0.8718796025763351 1.421256640892883
    vertex 0.324684108644508 0.7627524233224382 1.536508524363722
  endloop
endfacet
facet normal -0.925221 -0.154838 0.346397
  outer loop
    vertex 0.374309397871 -0.6746595745906268 1.708411161990343
    vertex 0.3140332113629274 -0.6952723561155396 1.538200401318217
    vertex 0.374309397871 -0.8230090688283854 1.642099361374407
  endloop
endfacet
facet normal -0.938107 0.131547 0.320391
  outer loop
    vertex 0.2702642474225385 0.5282216357240804 1.478217116012196
    vertex 0.3235807810699285 0.6316712521997332 1.591853813575503
    vertex 0.2703070299658608 0.663072672286099 1.422974728072118
  endloop
endfacet
facet normal -0.996254 -0.0863562 -0.00460845
  outer loop
    vertex 0.01772925705988815 -0.3920552698658337 -0.1114318546976242
    vertex 0.02525183724148938 -0.4858349828713762 0.01964463768949627
    vertex 0.01118921303137022 -0.3234609293925325 0.01702711849223637
  endloop
endfacet
facet normal -0.938513 -0.339268 -0.0639603
  outer loop
    vertex 0.2677063257958467 -1.520928917032671 -0.3581647634385143
    vertex 0.3219191834309942 -1.680604282260714 -0.3066760440588095
    vertex 0.2771471394594487 -1.575338745317494 -0.2080846376077843
  endloop
endfacet
facet normal -0.990419 0.0951796 0.100055
  outer loop
    vertex 0.04226368878399533 0.3642879791311556 0.5121241123373318
    vertex 0.05843863784085723 0.5221824151431601 0.5220351475187918
    vertex 0.03366922168494657 0.4067119671520522 0.386693261669214
  endloop
endfacet
facet normal -0.935705 0.339566 0.095657
  outer loop
    vertex 0.325528112537496 1.672778257202413 0.3896628864263794
    vertex 0.2743357603184178 1.504107560320414 0.4876572447064974
    vertex 0.323256787426863 1.623084856536975 0.5438480181711749
  endloop
endfacet
facet normal -0.96304 -0.267331 0.0329763
  outer loop
    vertex 0.1759709728044969 -1.271621157722675 0.06319925993507665
    vertex 0.1952491606576281 -1.322322354025568 0.2151776654963403
    vertex 0.154196944054922 -1.176200452410381 0.2008628128662322
  endloop
endfacet
facet normal -0.928293 0.205038 0.310211
  outer loop
    vertex 0.3213897046753154 1.016511977906166 1.371333047094299
    vertex 0.3061269054417579 0.8718796025763351 1.421256640892883
    vertex 0.374309397871 1.033106851538586 1.51872462062878
  endloop
endfacet
facet normal -0.967299 -0.252672 0.0221418
  outer loop
    vertex 0.154196944054922 -1.176200452410381 0.2008628128662322
    vertex 0.1314732884485901 -1.101483223995745 0.06078173227317017
    vertex 0.1759709728044969 -1.271621157722675 0.06319925993507665
  endloop
endfacet
facet normal -0.967465 -0.252984 0.00320922
  outer loop
    vertex 0.1314732884485901 -1.101483223995745 0.06078173227317017
    vertex 0.1562189423154621 -1.197952593821481 -0.08400840248046937
    vertex 0.1759709728044969 -1.271621157722675 0.06319925993507665
  endloop
endfacet
facet normal -0.990352 0.1 0.0959301
  outer loop
    vertex 0.03366922168494657 0.4067119671520522 0.386693261669214
    vertex 0.05843863784085723 0.5221824151431601 0.5220351475187918
    vertex 0.05009670788670739 0.548820221320658 0.4081477169203447
  endloop
endfacet
facet normal -0.994734 0.06527 -0.0790207
  outer loop
    vertex 0.02205044683953172 0.2182157806562103 -0.3986236768017363
    vertex 0.0186436746062526 0.3113575891765509 -0.2788045077252608
    vertex 0.03413832795669869 0.390199286010003 -0.408733271160423
  endloop
endfacet
facet normal -0.939057 -0.331248 0.0919071
  outer loop
    vertex 0.2711863411980424 -1.491320238476433 0.4982620280105631
    vertex 0.2699423562958048 -1.531003109319074 0.3425280367598441
    vertex 0.3189136716493755 -1.640986870154607 0.4464906815660459
  endloop
endfacet
facet normal -0.958322 0.120797 0.258897
  outer loop
    vertex 0.1953506529950602 0.6582621969901415 1.167236849390537
    vertex 0.1793930126162602 0.4667412849947045 1.197529308094331
    vertex 0.2255653079323539 0.5888884304480181 1.311446798825327
  endloop
endfacet
facet normal -0.990314 0.0466354 0.13078
  outer loop
    vertex 0.05732209423022105 0.3007180728709265 0.6666417136485867
    vertex 0.03330395542076126 0.1639633087379438 0.5335332722896127
    vertex 0.05024964174073787 0.1391183843567755 0.6707120361023684
  endloop
endfacet
facet normal -0.928707 0.091928 0.359238
  outer loop
    vertex 0.374309397871 0.4426094758723085 1.782675262594969
    vertex 0.3089557502284244 0.4884487043368414 1.601992197117968
    vertex 0.3161820078699309 0.331430197170751 1.660854122367172
  endloop
endfacet
facet normal -0.938516 -0.259614 -0.227571
  outer loop
    vertex 0.3225059967209898 -1.295274436896297 -1.116188071616648
    vertex 0.2867791022446378 -1.276170665543737 -0.990641728867518
    vertex 0.2613953282313553 -1.126643105782817 -1.05653909390102
  endloop
endfacet
facet normal -0.936914 0.327425 0.122416
  outer loop
    vertex 0.323256787426863 1.623084856536975 0.5438480181711749
    vertex 0.2743357603184178 1.504107560320414 0.4876572447064974
    vertex 0.2843514414798394 1.473836211502115 0.6452794291761271
  endloop
endfacet
facet normal -0.971231 -0.238026 -0.00740055
  outer loop
    vertex 0.1166152076761353 -1.03633389444105 -0.08469474123771571
    vertex 0.1562189423154621 -1.197952593821481 -0.08400840248046937
    vertex 0.1314732884485901 -1.101483223995745 0.06078173227317017
  endloop
endfacet
facet normal -0.963743 0.264113 0.0379956
  outer loop
    vertex 0.1710511374143984 1.22440111818033 0.278167715608573
    vertex 0.1905040088612289 1.318376157823995 0.1183472157530021
    vertex 0.1457013626909429 1.152752563946859 0.1332212141288974
  endloop
endfacet
facet normal -0.939902 -0.296322 0.16964
  outer loop
    vertex 0.2544523863911756 -1.305617867496589 0.7869968742609935
    vertex 0.2896818359131315 -1.450513258433157 0.729089061937511
    vertex 0.3123721396398791 -1.44810307818639 0.8590158868351412
  endloop
endfacet
facet normal -0.93571 -0.352509 0.0135859
  outer loop
    vertex 0.3178537095347647 -1.691927500157667 0.1424689717646666
    vertex 0.2716700409392079 -1.573004047413137 0.04730397453779895
    vertex 0.3231334684420117 -1.71146038072764 -0.0007083870102148944
  endloop
endfacet
facet normal -0.93491 0.330888 0.12828
  outer loop
    vertex 0.2843514414798394 1.473836211502115 0.6452794291761271
    vertex 0.3318094686628736 1.594029862384288 0.6811256890223057
    vertex 0.323256787426863 1.623084856536975 0.5438480181711749
  endloop
endfacet
facet normal -0.937869 0.276685 0.209395
  outer loop
    vertex 0.2697962978345672 1.219142339965344 0.9867601519061937
    vertex 0.320199164920715 1.347024540608594 1.04353394876495
    vertex 0.285498084831695 1.332262303092427 0.9076160642580561
  endloop
endfacet
facet normal -0.92844 0.237027 0.286037
  outer loop
    vertex 0.374309397871 1.163289161438652 1.421475489369886
    vertex 0.3068475511530568 1.111301353813323 1.245583125318704
    vertex 0.3213897046753154 1.016511977906166 1.371333047094299
  endloop
endfacet
facet normal -0.961885 -0.227294 0.152036
  outer loop
    vertex 0.1658374110631913 -0.9792577631834882 0.7552487232135917
    vertex 0.1637652088101698 -1.062955408088413 0.6170103597728882
    vertex 0.2065691800746565 -1.140256648242886 0.77225261325945
  endloop
endfacet
facet normal -0.968836 0.242713 0.0494648
  outer loop
    vertex 0.1315770674077958 1.063327849635498 0.2953651180028172
    vertex 0.1710511374143984 1.22440111818033 0.278167715608573
    vertex 0.1457013626909429 1.152752563946859 0.1332212141288974
  endloop
endfacet
facet normal -0.95002 -0.275755 0.146362
  outer loop
    vertex 0.2042454905880957 -1.218812085726629 0.6246572626681476
    vertex 0.2491452068412947 -1.373896397172179 0.6239076282031025
    vertex 0.2544523863911756 -1.305617867496589 0.7869968742609935
  endloop
endfacet
facet normal -0.939681 -0.291625 0.178757
  outer loop
    vertex 0.3123721396398791 -1.44810307818639 0.8590158868351412
    vertex 0.2845322115425457 -1.324796606630378 0.9138308744918033
    vertex 0.2544523863911756 -1.305617867496589 0.7869968742609935
  endloop
endfacet
facet normal -0.958932 -0.0553598 -0.278182
  outer loop
    vertex 0.2133942414204411 -0.3399489377687488 -1.357276713513243
    vertex 0.1668052688882984 -0.2634036728854011 -1.211911304779007
    vertex 0.2047267659807153 -0.1793610233697524 -1.359356652339845
  endloop
endfacet
facet normal -0.961107 0.272746 0.0433925
  outer loop
    vertex 0.2075081209347021 1.35715436211242 0.2512312776231874
    vertex 0.1905040088612289 1.318376157823995 0.1183472157530021
    vertex 0.1710511374143984 1.22440111818033 0.278167715608573
  endloop
endfacet
facet normal -0.928402 0.257316 0.268062
  outer loop
    vertex 0.3205842500053935 1.244908543980155 1.164907411760403
    vertex 0.3068475511530568 1.111301353813323 1.245583125318704
    vertex 0.374309397871 1.284367156404724 1.313101385098974
  endloop
endfacet
facet normal -0.990686 -0.12857 0.044842
  outer loop
    vertex 0.05411105049212317 -0.6897770872874694 0.1710651451284136
    vertex 0.04951036554904586 -0.6073850168954468 0.3056559743493439
    vertex 0.03383801892203842 -0.5462115991075029 0.1348051612964745
  endloop
endfacet
facet normal -0.938662 -0.343871 0.0258133
  outer loop
    vertex 0.272401226648487 -1.564315073664039 0.1896421829618589
    vertex 0.2716700409392079 -1.573004047413137 0.04730397453779895
    vertex 0.3178537095347647 -1.691927500157667 0.1424689717646666
  endloop
endfacet
facet normal -0.957155 -0.10833 -0.268551
  outer loop
    vertex 0.192435431849554 -0.5842009056088869 -1.195082948406461
    vertex 0.1800349263686964 -0.4204800064680618 -1.216928868591788
    vertex 0.2282525509441102 -0.4995913292349641 -1.3568708761315
  endloop
endfacet
facet normal -0.966033 0.106048 0.235658
  outer loop
    vertex 0.1793930126162602 0.4667412849947045 1.197529308094331
    vertex 0.1518341662530052 0.5690416937229392 1.038521411774042
    vertex 0.1403104751754576 0.4117547494182285 1.062062933982598
  endloop
endfacet
facet normal -0.996235 -0.0861199 0.00995089
  outer loop
    vertex 0.01118921303137022 -0.3234609293925325 0.01702711849223637
    vertex 0.02525183724148938 -0.4858349828713762 0.01964463768949627
    vertex 0.01854218801600727 -0.3951743621133069 0.1325283496033769
  endloop
endfacet
facet normal -0.995366 0.0829068 -0.0487187
  outer loop
    vertex 0.03156037723429783 0.4701551158231662 -0.2724713178561588
    vertex 0.0186436746062526 0.3113575891765509 -0.2788045077252608
    vertex 0.01841381959538602 0.3923981387016302 -0.1361979720442686
  endloop
endfacet
facet normal -0.927858 0.305034 0.214556
  outer loop
    vertex 0.374309397871 1.495498473497125 1.06645138462462
    vertex 0.3272078651228441 1.457188235672974 0.9172237758683932
    vertex 0.320199164920715 1.347024540608594 1.04353394876495
  endloop
endfacet
facet normal -0.948936 0.151829 -0.276529
  outer loop
    vertex 0.2375845078939607 0.6216038532750671 -1.336995921612814
    vertex 0.2105086435343804 0.6915120067525327 -1.205699091517637
    vertex 0.2711439390373593 0.7760661918970064 -1.367350467514714
  endloop
endfacet
facet normal -0.938593 -0.00412989 0.345002
  outer loop
    vertex 0.3194471302488262 0.02152584368690731 1.701880118686181
    vertex 0.2637651764424307 0.0448591363253297 1.550674147908157
    vertex 0.2785606179888509 -0.1112301803913403 1.589057330190297
  endloop
endfacet
facet normal -0.968873 -0.237965 -0.0682549
  outer loop
    vertex 0.1396544591211937 -1.114266550492032 -0.2235057445348892
    vertex 0.1299172656952479 -1.033417163748115 -0.3671617853738581
    vertex 0.1707477941742921 -1.201035050343046 -0.3623618920106101
  endloop
endfacet
facet normal -0.967883 -0.0380818 -0.248498
  outer loop
    vertex 0.1637184299112091 -0.1017282611590392 -1.224664653245701
    vertex 0.1668052688882984 -0.2634036728854011 -1.211911304779007
    vertex 0.1277357682843983 -0.184031604490593 -1.071901948664004
  endloop
endfacet
facet normal -0.947801 -0.125691 -0.293044
  outer loop
    vertex 0.2282525509441102 -0.4995913292349641 -1.3568708761315
    vertex 0.2708603308103452 -0.5715930097632754 -1.463795998752706
    vertex 0.2390927407077488 -0.6658234634005397 -1.32063189729098
  endloop
endfacet
facet normal -0.959497 -0.242144 0.143983
  outer loop
    vertex 0.1637652088101698 -1.062955408088413 0.6170103597728882
    vertex 0.2042454905880957 -1.218812085726629 0.6246572626681476
    vertex 0.2065691800746565 -1.140256648242886 0.77225261325945
  endloop
endfacet
facet normal -0.955728 0.104863 0.274931
  outer loop
    vertex 0.1793930126162602 0.4667412849947045 1.197529308094331
    vertex 0.2200501881787895 0.4182037293774434 1.357376407634272
    vertex 0.2255653079323539 0.5888884304480181 1.311446798825327
  endloop
endfacet
facet normal -0.948823 0.160958 -0.271711
  outer loop
    vertex 0.2711439390373593 0.7760661918970064 -1.367350467514714
    vertex 0.2105086435343804 0.6915120067525327 -1.205699091517637
    vertex 0.2401567054845808 0.8390116153331847 -1.221854077169178
  endloop
endfacet
facet normal -0.957857 -0.279801 0.0649762
  outer loop
    vertex 0.1791090612464297 -1.236215833922435 0.3480379308467876
    vertex 0.1952491606576281 -1.322322354025568 0.2151776654963403
    vertex 0.2234252267074233 -1.387558484709615 0.3496197403823784
  endloop
endfacet
facet normal -0.936139 0.119015 0.330876
  outer loop
    vertex 0.3089557502284244 0.4884487043368414 1.601992197117968
    vertex 0.3235807810699285 0.6316712521997332 1.591853813575503
    vertex 0.2702642474225385 0.5282216357240804 1.478217116012196
  endloop
endfacet
facet normal -0.958924 -0.224256 0.173709
  outer loop
    vertex 0.1658374110631913 -0.9792577631834882 0.7552487232135917
    vertex 0.2065691800746565 -1.140256648242886 0.77225261325945
    vertex 0.2115320939511847 -1.053071981708803 0.9122031386503
  endloop
endfacet
facet normal -0.97087 -0.238023 -0.0275076
  outer loop
    vertex 0.1166152076761353 -1.03633389444105 -0.08469474123771571
    vertex 0.1396544591211937 -1.114266550492032 -0.2235057445348892
    vertex 0.1562189423154621 -1.197952593821481 -0.08400840248046937
  endloop
endfacet
facet normal -0.991891 0.0180689 0.125801
  outer loop
    vertex 0.05024964174073787 0.1391183843567755 0.6707120361023684
    vertex 0.03330395542076126 0.1639633087379438 0.5335332722896127
    vertex 0.03178717199807135 -0.001522518033547744 0.5453428929753227
  endloop
endfacet
facet normal -0.935977 -0.184415 -0.299896
  outer loop
    vertex 0.2680316991841893 -0.8281451579475605 -1.326108061660807
    vertex 0.3245194206797013 -0.8385295910269753 -1.496020951735216
    vertex 0.3205842500053935 -0.9589400051480906 -1.409695224995706
  endloop
endfacet
facet normal -0.940251 -0.0575128 -0.335591
  outer loop
    vertex 0.2852660627510133 -0.1758576693734652 -1.601785908746556
    vertex 0.2984384880060533 -0.3607942812179881 -1.606998068829046
    vertex 0.2481544441048715 -0.2604910353158083 -1.483303098749144
  endloop
endfacet
facet normal -0.928517 -0.136391 0.34533
  outer loop
    vertex 0.3179604739158215 -0.5406635439794014 1.609824029596342
    vertex 0.3140332113629274 -0.6952723561155396 1.538200401318217
    vertex 0.374309397871 -0.6746595745906268 1.708411161990343
  endloop
endfacet
facet normal -0.96735 -0.238125 -0.0867778
  outer loop
    vertex 0.1707477941742921 -1.201035050343046 -0.3623618920106101
    vertex 0.1299172656952479 -1.033417163748115 -0.3671617853738581
    vertex 0.1641147438290851 -1.122896696707869 -0.5028376989637466
  endloop
endfacet
facet normal -0.932825 0.295601 0.206053
  outer loop
    vertex 0.320199164920715 1.347024540608594 1.04353394876495
    vertex 0.3272078651228441 1.457188235672974 0.9172237758683932
    vertex 0.285498084831695 1.332262303092427 0.9076160642580561
  endloop
endfacet
facet normal -0.953655 -0.122139 -0.274998
  outer loop
    vertex 0.2282525509441102 -0.4995913292349641 -1.3568708761315
    vertex 0.2390927407077488 -0.6658234634005397 -1.32063189729098
    vertex 0.192435431849554 -0.5842009056088869 -1.195082948406461
  endloop
endfacet
facet normal -0.966794 -0.0900808 -0.239153
  outer loop
    vertex 0.1365878435663124 -0.3426883286062913 -1.070592279188839
    vertex 0.1800349263686964 -0.4204800064680618 -1.216928868591788
    vertex 0.1505255210651235 -0.5025167808223805 -1.066734474532042
  endloop
endfacet
facet normal -0.991725 -0.118906 0.0483976
  outer loop
    vertex 0.03383801892203842 -0.5462115991075029 0.1348051612964745
    vertex 0.04951036554904586 -0.6073850168954468 0.3056559743493439
    vertex 0.0318437261365947 -0.4750052846649175 0.2688837832061627
  endloop
endfacet
facet normal -0.947821 -0.207326 -0.24218
  outer loop
    vertex 0.2398172924458084 -0.8998958230641507 -1.176448873474075
    vertex 0.2708580807422072 -1.041974914453898 -1.176301690952256
    vertex 0.2250593265056811 -0.9734922736840288 -1.055686050869455
  endloop
endfacet
facet normal -0.965309 -0.254829 -0.0569191
  outer loop
    vertex 0.1826746925915037 -1.277712714168298 -0.2213451057733153
    vertex 0.1396544591211937 -1.114266550492032 -0.2235057445348892
    vertex 0.1707477941742921 -1.201035050343046 -0.3623618920106101
  endloop
endfacet
facet normal -0.952605 -0.262069 0.15448
  outer loop
    vertex 0.2065691800746565 -1.140256648242886 0.77225261325945
    vertex 0.2042454905880957 -1.218812085726629 0.6246572626681476
    vertex 0.2544523863911756 -1.305617867496589 0.7869968742609935
  endloop
endfacet
facet normal -0.927906 -0.221322 0.30001
  outer loop
    vertex 0.3209776901443417 -0.9465442038930678 1.41926098799449
    vertex 0.3179421414359567 -1.067714652043133 1.320483037332932
    vertex 0.374309397871 -1.09927394667491 1.471540359678173
  endloop
endfacet
facet normal -0.970192 -0.0235154 -0.241194
  outer loop
    vertex 0.1637184299112091 -0.1017282611590392 -1.224664653245701
    vertex 0.1277357682843983 -0.184031604490593 -1.071901948664004
    vertex 0.1282726621833818 -0.0252210613256819 -1.089544914286301
  endloop
endfacet
facet normal -0.948426 -0.315252 0.033232
  outer loop
    vertex 0.272401226648487 -1.564315073664039 0.1896421829618589
    vertex 0.2358690607997334 -1.448422834555302 0.2464318312880358
    vertex 0.2243479021537818 -1.431854052736608 0.07480124531199915
  endloop
endfacet
facet normal -0.946582 -0.223287 -0.232648
  outer loop
    vertex 0.2250593265056811 -0.9734922736840288 -1.055686050869455
    vertex 0.2708580807422072 -1.041974914453898 -1.176301690952256
    vertex 0.2613953282313553 -1.126643105782817 -1.05653909390102
  endloop
endfacet
facet normal -0.937075 -0.0570374 -0.344437
  outer loop
    vertex 0.3285116213689712 -0.2672140654409138 -1.704311637272861
    vertex 0.2984384880060533 -0.3607942812179881 -1.606998068829046
    vertex 0.2852660627510133 -0.1758576693734652 -1.601785908746556
  endloop
endfacet
facet normal -0.937232 0.0837607 0.338498
  outer loop
    vertex 0.3161820078699309 0.331430197170751 1.660854122367172
    vertex 0.3089557502284244 0.4884487043368414 1.601992197117968
    vertex 0.2617821985918329 0.3634037917613419 1.50232043471901
  endloop
endfacet
facet normal -0.993264 0.0641389 -0.0965045
  outer loop
    vertex 0.03413832795669869 0.390199286010003 -0.408733271160423
    vertex 0.0427271942060532 0.3081669112173661 -0.551653782252616
    vertex 0.02205044683953172 0.2182157806562103 -0.3986236768017363
  endloop
endfacet
facet normal -0.944254 -0.136693 -0.299498
  outer loop
    vertex 0.2708603308103452 -0.5715930097632754 -1.463795998752706
    vertex 0.2825820296433594 -0.727320882959008 -1.429676644427087
    vertex 0.2390927407077488 -0.6658234634005397 -1.32063189729098
  endloop
endfacet
facet normal -0.94151 0.227193 0.248883
  outer loop
    vertex 0.2448540905191985 0.9877521781071605 1.123847560826959
    vertex 0.3068475511530568 1.111301353813323 1.245583125318704
    vertex 0.2716414016904727 1.128740390660818 1.09648129494685
  endloop
endfacet
facet normal -0.93528 0.34831 -0.0627043
  outer loop
    vertex 0.3118913216400836 1.637476142202184 -0.3864829058277141
    vertex 0.2728406110684878 1.555814998489905 -0.2576252705275138
    vertex 0.3231674498741652 1.696315337373523 -0.22783428508867
  endloop
endfacet
facet normal -0.963184 -0.105924 -0.247098
  outer loop
    vertex 0.1505255210651235 -0.5025167808223805 -1.066734474532042
    vertex 0.1800349263686964 -0.4204800064680618 -1.216928868591788
    vertex 0.192435431849554 -0.5842009056088869 -1.195082948406461
  endloop
endfacet
facet normal -0.997728 -0.0654815 -0.0158302
  outer loop
    vertex 0.01772925705988815 -0.3920552698658337 -0.1114318546976242
    vertex 0.01118921303137022 -0.3234609293925325 0.01702711849223637
    vertex 0.007922752484375906 -0.2370161556594874 -0.1346766042127992
  endloop
endfacet
facet normal -0.991074 0.0117281 0.132794
  outer loop
    vertex 0.05023481333810853 -0.01949671129791476 0.6846099052985937
    vertex 0.05024964174073787 0.1391183843567755 0.6707120361023684
    vertex 0.03178717199807135 -0.001522518033547744 0.5453428929753227
  endloop
endfacet
facet normal -0.994724 -0.0677796 -0.0770046
  outer loop
    vertex 0.02200238445215685 -0.2320381793098049 -0.390164277171772
    vertex 0.0335331191905377 -0.4048554943621827 -0.3870010012119297
    vertex 0.01851818102275438 -0.3164373201756632 -0.2708680106196948
  endloop
endfacet
facet normal -0.995581 -0.0828472 -0.0442194
  outer loop
    vertex 0.03072710169707538 -0.4769636195657292 -0.2449927267162482
    vertex 0.01772925705988815 -0.3920552698658337 -0.1114318546976242
    vertex 0.01851818102275438 -0.3164373201756632 -0.2708680106196948
  endloop
endfacet
facet normal -0.966235 -0.254824 -0.0381373
  outer loop
    vertex 0.1562189423154621 -1.197952593821481 -0.08400840248046937
    vertex 0.1396544591211937 -1.114266550492032 -0.2235057445348892
    vertex 0.1826746925915037 -1.277712714168298 -0.2213451057733153
  endloop
endfacet
facet normal -0.962033 -0.039669 -0.270036
  outer loop
    vertex 0.2047267659807153 -0.1793610233697524 -1.359356652339845
    vertex 0.1668052688882984 -0.2634036728854011 -1.211911304779007
    vertex 0.1637184299112091 -0.1017282611590392 -1.224664653245701
  endloop
endfacet
facet normal -0.961011 -0.208338 0.181803
  outer loop
    vertex 0.2115320939511847 -1.053071981708803 0.9122031386503
    vertex 0.1708700762267323 -0.8857072824652046 0.889055751030098
    vertex 0.1658374110631913 -0.9792577631834882 0.7552487232135917
  endloop
endfacet
facet normal -0.935486 -0.0120189 0.353159
  outer loop
    vertex 0.2785606179888509 -0.1112301803913403 1.589057330190297
    vertex 0.3295022546995732 -0.1130166125413584 1.723936418811968
    vertex 0.3194471302488262 0.02152584368690731 1.701880118686181
  endloop
endfacet
facet normal -0.938 0.252456 -0.237535
  outer loop
    vertex 0.2671622841362788 1.103458899399943 -1.104114515023107
    vertex 0.2864064773081276 1.231991381860246 -1.043501457809844
    vertex 0.3214386929329214 1.244471043936439 -1.168576548200846
  endloop
endfacet
facet normal -0.96023 -0.0722596 -0.269699
  outer loop
    vertex 0.1800349263686964 -0.4204800064680618 -1.216928868591788
    vertex 0.1668052688882984 -0.2634036728854011 -1.211911304779007
    vertex 0.2133942414204411 -0.3399489377687488 -1.357276713513243
  endloop
endfacet
facet normal -0.928254 -0.247682 0.277486
  outer loop
    vertex 0.374309397871 -1.225027183040761 1.36862801403859
    vertex 0.3179421414359567 -1.067714652043133 1.320483037332932
    vertex 0.3175696336028802 -1.190100956804636 1.209995639150464
  endloop
endfacet
facet normal -0.944284 0.326646 0.0403826
  outer loop
    vertex 0.2665242003069137 1.532768838628907 0.2857628835594258
    vertex 0.2833866997500474 1.601384645079353 0.1250474182953923
    vertex 0.235253457778426 1.461523205020416 0.1308363203489327
  endloop
endfacet
facet normal -0.943081 -0.253867 0.214824
  outer loop
    vertex 0.2615078024120283 -1.120149790671968 1.063889591648878
    vertex 0.2501449534396425 -1.199972089635428 0.9196767259561079
    vertex 0.2976111085134265 -1.266586305000935 1.049333276216774
  endloop
endfacet
facet normal -0.977025 -0.189563 -0.0974048
  outer loop
    vertex 0.09675625734264148 -0.8758246768420933 -0.3631773048811464
    vertex 0.09865474931703933 -0.8103074286581053 -0.5097255802264429
    vertex 0.1291090834608077 -0.9685221878686726 -0.5072926866093787
  endloop
endfacet
facet normal -0.993455 -0.0679658 -0.0918059
  outer loop
    vertex 0.04116580186760821 -0.3281471926340522 -0.5263849461142678
    vertex 0.0335331191905377 -0.4048554943621827 -0.3870010012119297
    vertex 0.02200238445215685 -0.2320381793098049 -0.390164277171772
  endloop
endfacet
facet normal -0.996933 -0.0686813 -0.0375074
  outer loop
    vertex 0.01851818102275438 -0.3164373201756632 -0.2708680106196948
    vertex 0.01772925705988815 -0.3920552698658337 -0.1114318546976242
    vertex 0.007922752484375906 -0.2370161556594874 -0.1346766042127992
  endloop
endfacet
facet normal -0.986189 -0.126579 0.10681
  outer loop
    vertex 0.0760951185903247 -0.5964216739966268 0.5940172337702313
    vertex 0.05049348053215752 -0.534670867540601 0.4308133799766637
    vertex 0.07116344494196802 -0.6750964832971289 0.4552457476682778
  endloop
endfacet
facet normal -0.942031 0.178249 0.284261
  outer loop
    vertex 0.2434687721869038 0.7529188091940293 1.288205093635272
    vertex 0.3061269054417579 0.8718796025763351 1.421256640892883
    vertex 0.2661682812032691 0.9088719202795104 1.265638522204815
  endloop
endfacet
facet normal -0.939539 -0.209677 0.270743
  outer loop
    vertex 0.3179421414359567 -1.067714652043133 1.320483037332932
    vertex 0.2674522094099308 -0.8839189047551745 1.287611951248012
    vertex 0.2591861263919286 -0.996650952365484 1.17162150388983
  endloop
endfacet
facet normal -0.965989 0.181745 -0.183941
  outer loop
    vertex 0.1663135700026972 0.9326554944481383 -0.8147466217051618
    vertex 0.1783724871133394 0.8548168687557367 -0.9549851366666636
    vertex 0.1372107049496964 0.7742677587409813 -0.8184065714228995
  endloop
endfacet
facet normal -0.937475 0.0490739 -0.344576
  outer loop
    vertex 0.2776945545708074 0.1423495192575756 -1.58416012073549
    vertex 0.2780781373491701 0.3063376167075725 -1.56184882492669
    vertex 0.324351308920674 0.2009803409340359 -1.702747294475897
  endloop
endfacet
facet normal -0.936719 -0.206804 0.282472
  outer loop
    vertex 0.3209776901443417 -0.9465442038930678 1.41926098799449
    vertex 0.2674522094099308 -0.8839189047551745 1.287611951248012
    vertex 0.3179421414359567 -1.067714652043133 1.320483037332932
  endloop
endfacet
facet normal -0.927567 -0.344449 -0.144828
  outer loop
    vertex 0.374309397871 -1.693068196039987 -0.7122880902822274
    vertex 0.3279462421480144 -1.61923937929291 -0.590938936646792
    vertex 0.3275677148974907 -1.554304432663174 -0.7429517593189408
  endloop
endfacet
facet normal -0.993908 -0.0183416 0.108676
  outer loop
    vertex 0.01945995025160929 -0.08221866287246875 0.4189839170943451
    vertex 0.0353800730760705 -0.1683290397834065 0.5500496657741565
    vertex 0.03178717199807135 -0.001522518033547744 0.5453428929753227
  endloop
endfacet
facet normal -0.977144 -0.0050855 -0.212516
  outer loop
    vertex 0.09825621581219846 0.05915469045424367 -0.9535492338905645
    vertex 0.1282726621833818 -0.0252210613256819 -1.089544914286301
    vertex 0.09686965813320114 -0.1004578663491793 -0.9433543676925413
  endloop
endfacet
facet normal -0.924717 -0.374708 0.0670213
  outer loop
    vertex 0.374309397871 -1.792030445795645 0.4030646614892738
    vertex 0.3176703885270395 -1.672741371339506 0.2885271257203522
    vertex 0.374309397871 -1.820640808756045 0.2431075595125233
  endloop
endfacet
facet normal -0.99323 0.0495943 -0.105049
  outer loop
    vertex 0.02205044683953172 0.2182157806562103 -0.3986236768017363
    vertex 0.0427271942060532 0.3081669112173661 -0.551653782252616
    vertex 0.03374130403125797 0.1497988893723597 -0.5414595378509135
  endloop
endfacet
facet normal -0.974786 -0.189447 -0.117909
  outer loop
    vertex 0.1291090834608077 -0.9685221878686726 -0.5072926866093787
    vertex 0.09865474931703933 -0.8103074286581053 -0.5097255802264429
    vertex 0.1298111109219473 -0.8863899387077389 -0.6450602290886905
  endloop
endfacet
facet normal -0.935025 -0.036906 0.352655
  outer loop
    vertex 0.3260968837568621 -0.2537103306167643 1.700183582991869
    vertex 0.3295022546995732 -0.1130166125413584 1.723936418811968
    vertex 0.2785606179888509 -0.1112301803913403 1.589057330190297
  endloop
endfacet
facet normal -0.960847 0.217506 0.17165
  outer loop
    vertex 0.1667621666827364 1.015753601617808 0.7113120756376341
    vertex 0.1771356555172101 0.9430491048143328 0.8615076623674565
    vertex 0.2102057265805657 1.107268494068084 0.838534050918608
  endloop
endfacet
facet normal -0.937599 -0.17396 -0.301074
  outer loop
    vertex 0.2680316991841893 -0.8281451579475605 -1.326108061660807
    vertex 0.2825820296433594 -0.727320882959008 -1.429676644427087
    vertex 0.3245194206797013 -0.8385295910269753 -1.496020951735216
  endloop
endfacet
facet normal -0.938496 -0.0760543 0.336811
  outer loop
    vertex 0.3170785989458214 -0.3940707736162594 1.649496850150257
    vertex 0.2785562228696667 -0.2755619620320726 1.568917507339847
    vertex 0.26516822364548 -0.385625204701355 1.506759856316453
  endloop
endfacet
facet normal -0.980692 0.183827 -0.0667133
  outer loop
    vertex 0.07326335779508586 0.7794254965151759 -0.2736971430164543
    vertex 0.1037166397113047 0.9440416949596075 -0.2677670762184357
    vertex 0.09754895410547615 0.8606883225305205 -0.4067798967057207
  endloop
endfacet
facet normal -0.92812 -0.3635 0.0803773
  outer loop
    vertex 0.3189136716493755 -1.640986870154607 0.4464906815660459
    vertex 0.3176703885270395 -1.672741371339506 0.2885271257203522
    vertex 0.374309397871 -1.792030445795645 0.4030646614892738
  endloop
endfacet
facet normal -0.949334 0.109902 0.294427
  outer loop
    vertex 0.2255653079323539 0.5888884304480181 1.311446798825327
    vertex 0.2200501881787895 0.4182037293774434 1.357376407634272
    vertex 0.2702642474225385 0.5282216357240804 1.478217116012196
  endloop
endfacet
facet normal -0.969437 0.0463693 -0.24092
  outer loop
    vertex 0.138019520310098 0.3034572938267392 -1.088376743413724
    vertex 0.1676356667505043 0.2199207120214123 -1.22362709841581
    vertex 0.1289226528817533 0.1351606212637121 -1.084163565499626
  endloop
endfacet
facet normal -0.971639 0.233128 -0.0396149
  outer loop
    vertex 0.1493360814557061 1.166657250371534 -0.1361868584734493
    vertex 0.1383054924793301 1.097083635073005 -0.2750697924209582
    vertex 0.1152320343657944 1.025185752054184 -0.1322537117067941
  endloop
endfacet
facet normal -0.975407 -0.154299 -0.157392
  outer loop
    vertex 0.1122764478699585 -0.6450981131614489 -0.7907409569276408
    vertex 0.136417916512614 -0.8051484849610027 -0.7834476280240312
    vertex 0.1019225707037386 -0.7282219121307698 -0.6450839833124866
  endloop
endfacet
facet normal -0.959507 0.0828778 0.269217
  outer loop
    vertex 0.1692699957781612 0.3029090275923127 1.211885578715483
    vertex 0.2200501881787895 0.4182037293774434 1.357376407634272
    vertex 0.1793930126162602 0.4667412849947045 1.197529308094331
  endloop
endfacet
facet normal -0.96205 -0.243864 0.122439
  outer loop
    vertex 0.1685614302984169 -1.149557090303885 0.4822100535070761
    vertex 0.2042454905880957 -1.218812085726629 0.6246572626681476
    vertex 0.1637652088101698 -1.062955408088413 0.6170103597728882
  endloop
endfacet
facet normal -0.996605 -0.0506272 -0.0649246
  outer loop
    vertex 0.01055593881705974 -0.158627346669906 -0.2717038451530417
    vertex 0.02200238445215685 -0.2320381793098049 -0.390164277171772
    vertex 0.01851818102275438 -0.3164373201756632 -0.2708680106196948
  endloop
endfacet
facet normal -0.967237 -0.189542 0.168896
  outer loop
    vertex 0.1658374110631913 -0.9792577631834882 0.7552487232135917
    vertex 0.1708700762267323 -0.8857072824652046 0.889055751030098
    vertex 0.1300955850736321 -0.8117952525609643 0.7384950509096687
  endloop
endfacet
facet normal -0.981817 0.183397 -0.0489914
  outer loop
    vertex 0.0820773277029101 0.8631713076652954 -0.136836190059181
    vertex 0.1037166397113047 0.9440416949596075 -0.2677670762184357
    vertex 0.07326335779508586 0.7794254965151759 -0.2736971430164543
  endloop
endfacet
facet normal -0.972873 0.23061 0.0183543
  outer loop
    vertex 0.1285082384495979 1.090823209125898 -4.844228170268702e-16
    vertex 0.1132654906491011 1.015446816474485 0.1391131361715334
    vertex 0.1457013626909429 1.152752563946859 0.1332212141288974
  endloop
endfacet
facet normal -0.968144 0.0558937 0.244076
  outer loop
    vertex 0.1302865813639684 0.2548769956223 1.068254413680421
    vertex 0.1493317465974116 0.1835577644965005 1.160130659563136
    vertex 0.1692699957781612 0.3029090275923127 1.211885578715483
  endloop
endfacet
facet normal -0.986104 0.151908 0.0672447
  outer loop
    vertex 0.07329462662876018 0.7193922012430785 0.4064210309069448
    vertex 0.07194169406299622 0.7787405167191551 0.2525110607476878
    vertex 0.05095723627308502 0.6331441312490216 0.2736936459269668
  endloop
endfacet
facet normal -0.974621 0.00161989 0.223854
  outer loop
    vertex 0.09949284277248882 0.00440974185702311 0.9613015332315729
    vertex 0.1293441183586941 -0.07366355252032901 1.09183354702255
    vertex 0.1264697940285844 0.09475080360035379 1.078100555976574
  endloop
endfacet
facet normal -0.935777 0.143804 0.321935
  outer loop
    vertex 0.2703070299658608 0.663072672286099 1.422974728072118
    vertex 0.3235807810699285 0.6316712521997332 1.591853813575503
    vertex 0.324684108644508 0.7627524233224382 1.536508524363722
  endloop
endfacet
facet normal -0.973685 -0.220384 -0.0580344
  outer loop
    vertex 0.1036548865905198 -0.9549982578811832 -0.2243330922184632
    vertex 0.1299172656952479 -1.033417163748115 -0.3671617853738581
    vertex 0.1396544591211937 -1.114266550492032 -0.2235057445348892
  endloop
endfacet
facet normal -0.968816 -0.172881 0.177503
  outer loop
    vertex 0.1300955850736321 -0.8117952525609643 0.7384950509096687
    vertex 0.1708700762267323 -0.8857072824652046 0.889055751030098
    vertex 0.1390025082564952 -0.7241278783267339 0.8724934759290504
  endloop
endfacet
facet normal -0.96946 0.181933 -0.16446
  outer loop
    vertex 0.129421038150328 0.8573179649315834 -0.6806136377103491
    vertex 0.1663135700026972 0.9326554944481383 -0.8147466217051618
    vertex 0.1372107049496964 0.7742677587409813 -0.8184065714228995
  endloop
endfacet
facet normal -0.956168 -0.0897015 -0.278742
  outer loop
    vertex 0.2282525509441102 -0.4995913292349641 -1.3568708761315
    vertex 0.1800349263686964 -0.4204800064680618 -1.216928868591788
    vertex 0.2133942414204411 -0.3399489377687488 -1.357276713513243
  endloop
endfacet
facet normal -0.958745 -0.260649 0.11345
  outer loop
    vertex 0.1685614302984169 -1.149557090303885 0.4822100535070761
    vertex 0.2101897196344025 -1.301480706307713 0.4849611354043065
    vertex 0.2042454905880957 -1.218812085726629 0.6246572626681476
  endloop
endfacet
facet normal -0.974921 0.0114087 -0.222259
  outer loop
    vertex 0.1289226528817533 0.1351606212637121 -1.084163565499626
    vertex 0.1282726621833818 -0.0252210613256819 -1.089544914286301
    vertex 0.09825621581219846 0.05915469045424367 -0.9535492338905645
  endloop
endfacet
facet normal -0.966031 -0.0734488 -0.247768
  outer loop
    vertex 0.1365878435663124 -0.3426883286062913 -1.070592279188839
    vertex 0.1668052688882984 -0.2634036728854011 -1.211911304779007
    vertex 0.1800349263686964 -0.4204800064680618 -1.216928868591788
  endloop
endfacet
facet normal -0.973698 0.04705 -0.22293
  outer loop
    vertex 0.1033751481672454 0.2193689479775151 -0.954806817827097
    vertex 0.138019520310098 0.3034572938267392 -1.088376743413724
    vertex 0.1289226528817533 0.1351606212637121 -1.084163565499626
  endloop
endfacet
facet normal -0.948746 -0.23885 0.206958
  outer loop
    vertex 0.2615078024120283 -1.120149790671968 1.063889591648878
    vertex 0.2115320939511847 -1.053071981708803 0.9122031386503
    vertex 0.2501449534396425 -1.199972089635428 0.9196767259561079
  endloop
endfacet
facet normal -0.937216 0.324549 -0.127646
  outer loop
    vertex 0.2779089033354607 1.452364904532874 -0.6498892430720274
    vertex 0.2849189935708951 1.527276807720443 -0.5108906414749164
    vertex 0.3246742209546936 1.585150974338632 -0.6556368585423057
  endloop
endfacet
facet normal -0.979023 -0.139038 -0.148939
  outer loop
    vertex 0.08134732853255588 -0.572459110978627 -0.6552447093995536
    vertex 0.1122764478699585 -0.6450981131614489 -0.7907409569276408
    vertex 0.1019225707037386 -0.7282219121307698 -0.6450839833124866
  endloop
endfacet
facet normal -0.940857 0.0959388 0.324936
  outer loop
    vertex 0.3089557502284244 0.4884487043368414 1.601992197117968
    vertex 0.2702642474225385 0.5282216357240804 1.478217116012196
    vertex 0.2617821985918329 0.3634037917613419 1.50232043471901
  endloop
endfacet
facet normal -0.928014 0.119736 0.35278
  outer loop
    vertex 0.374309397871 0.5984304924131435 1.73658146533647
    vertex 0.3235807810699285 0.6316712521997332 1.591853813575503
    vertex 0.3089557502284244 0.4884487043368414 1.601992197117968
  endloop
endfacet
facet normal -0.952897 -0.241109 0.183995
  outer loop
    vertex 0.2115320939511847 -1.053071981708803 0.9122031386503
    vertex 0.2065691800746565 -1.140256648242886 0.77225261325945
    vertex 0.2501449534396425 -1.199972089635428 0.9196767259561079
  endloop
endfacet
facet normal -0.991087 -0.0528461 -0.122287
  outer loop
    vertex 0.03444269443798031 -0.1599483261570754 -0.5445836580400463
    vertex 0.05439574989261686 -0.2526799671743851 -0.6662209524056411
    vertex 0.04116580186760821 -0.3281471926340522 -0.5263849461142678
  endloop
endfacet
facet normal -0.965702 0.20122 0.164101
  outer loop
    vertex 0.1385342583423306 0.8628346243665853 0.7327049752293505
    vertex 0.1771356555172101 0.9430491048143328 0.8615076623674565
    vertex 0.1667621666827364 1.015753601617808 0.7113120756376341
  endloop
endfacet
facet normal -0.974648 -0.220498 -0.0379737
  outer loop
    vertex 0.1166152076761353 -1.03633389444105 -0.08469474123771571
    vertex 0.1036548865905198 -0.9549982578811832 -0.2243330922184632
    vertex 0.1396544591211937 -1.114266550492032 -0.2235057445348892
  endloop
endfacet
facet normal -0.969977 -0.222766 -0.0975692
  outer loop
    vertex 0.1641147438290851 -1.122896696707869 -0.5028376989637466
    vertex 0.1299172656952479 -1.033417163748115 -0.3671617853738581
    vertex 0.1291090834608077 -0.9685221878686726 -0.5072926866093787
  endloop
endfacet
facet normal -0.976701 -0.172233 -0.128027
  outer loop
    vertex 0.1298111109219473 -0.8863899387077389 -0.6450602290886905
    vertex 0.09865474931703933 -0.8103074286581053 -0.5097255802264429
    vertex 0.1019225707037386 -0.7282219121307698 -0.6450839833124866
  endloop
endfacet
facet normal -0.951848 0.265438 -0.15339
  outer loop
    vertex 0.1984159692839107 1.168681465267524 -0.6763905471817152
    vertex 0.2395654099032773 1.321386489991665 -0.6674865643107519
    vertex 0.2410232037098092 1.243301887666947 -0.8116562469322951
  endloop
endfacet
facet normal -0.967193 0.24944 -0.0481392
  outer loop
    vertex 0.1766876768357974 1.247362932746813 -0.2675364488490056
    vertex 0.1383054924793301 1.097083635073005 -0.2750697924209582
    vertex 0.1493360814557061 1.166657250371534 -0.1361868584734493
  endloop
endfacet
facet normal -0.966976 0.165514 -0.193811
  outer loop
    vertex 0.1372107049496964 0.7742677587409813 -0.8184065714228995
    vertex 0.1783724871133394 0.8548168687557367 -0.9549851366666636
    vertex 0.1506394437628913 0.694767958763142 -0.953298595203085
  endloop
endfacet
facet normal -0.969462 -0.0560609 -0.238747
  outer loop
    vertex 0.1277357682843983 -0.184031604490593 -1.071901948664004
    vertex 0.1668052688882984 -0.2634036728854011 -1.211911304779007
    vertex 0.1365878435663124 -0.3426883286062913 -1.070592279188839
  endloop
endfacet
facet normal -0.927685 0.30413 -0.216575
  outer loop
    vertex 0.374309397871 1.49549847349712 -1.066451384624627
    vertex 0.3271286967517222 1.35189697759653 -1.066011330658686
    vertex 0.3264925202835602 1.447811880685393 -0.9285956462654356
  endloop
endfacet
facet normal -0.987686 -0.0368484 -0.15205
  outer loop
    vertex 0.05439574989261686 -0.2526799671743851 -0.6662209524056411
    vertex 0.04932309509043531 -0.09010529647346188 -0.6726690270319606
    vertex 0.07296214773590304 -0.176693609118176 -0.805239060161431
  endloop
endfacet
facet normal -0.956892 0.219332 0.190396
  outer loop
    vertex 0.1771356555172101 0.9430491048143328 0.8615076623674565
    vertex 0.2254511443208269 1.046712594802846 0.9849135891338794
    vertex 0.2102057265805657 1.107268494068084 0.838534050918608
  endloop
endfacet
facet normal -0.953759 -0.298502 0.035207
  outer loop
    vertex 0.2243479021537818 -1.431854052736608 0.07480124531199915
    vertex 0.2358690607997334 -1.448422834555302 0.2464318312880358
    vertex 0.1952491606576281 -1.322322354025568 0.2151776654963403
  endloop
endfacet
facet normal -0.944637 -0.290581 0.152394
  outer loop
    vertex 0.2491452068412947 -1.373896397172179 0.6239076282031025
    vertex 0.2896818359131315 -1.450513258433157 0.729089061937511
    vertex 0.2544523863911756 -1.305617867496589 0.7869968742609935
  endloop
endfacet
facet normal -0.937106 -0.0424351 0.346456
  outer loop
    vertex 0.2785606179888509 -0.1112301803913403 1.589057330190297
    vertex 0.2785562228696667 -0.2755619620320726 1.568917507339847
    vertex 0.3260968837568621 -0.2537103306167643 1.700183582991869
  endloop
endfacet
facet normal -0.927572 -0.345384 0.14255
  outer loop
    vertex 0.3309366744236284 -1.565233719274435 0.7397916150659535
    vertex 0.3244842640690067 -1.613792496514667 0.5801526650732329
    vertex 0.374309397871 -1.693068196039989 0.7122880902822242
  endloop
endfacet
facet normal -0.981626 0.184516 0.0486321
  outer loop
    vertex 0.0809364494229925 0.8570113521831391 0.1370986260952211
    vertex 0.07194169406299622 0.7787405167191551 0.2525110607476878
    vertex 0.09726278029404334 0.8972697104983959 0.3138957582319601
  endloop
endfacet
facet normal -0.927598 -0.165155 0.335091
  outer loop
    vertex 0.3140332113629274 -0.6952723561155396 1.538200401318217
    vertex 0.3334875861016355 -0.8468812960128224 1.517330834453938
    vertex 0.374309397871 -0.8230090688283854 1.642099361374407
  endloop
endfacet
facet normal -0.958149 -0.205177 0.199631
  outer loop
    vertex 0.2117279038790443 -0.941471853416727 1.02784301329471
    vertex 0.1708700762267323 -0.8857072824652046 0.889055751030098
    vertex 0.2115320939511847 -1.053071981708803 0.9122031386503
  endloop
endfacet
facet normal -0.957735 0.181481 -0.223179
  outer loop
    vertex 0.2250014894277994 0.9302201486817683 -1.09377044538241
    vertex 0.1917650020199497 0.7651792180199257 -1.085347149198628
    vertex 0.1783724871133394 0.8548168687557367 -0.9549851366666636
  endloop
endfacet
facet normal -0.951072 0.0302622 -0.307483
  outer loop
    vertex 0.2446400591716511 0.2235044246764039 -1.478793075818989
    vertex 0.2403521603392536 0.06114678999638803 -1.481509338453941
    vertex 0.2027711528876406 0.1421973065606347 -1.357290983776917
  endloop
endfacet
facet normal -0.974056 -0.17177 -0.147342
  outer loop
    vertex 0.136417916512614 -0.8051484849610027 -0.7834476280240312
    vertex 0.1298111109219473 -0.8863899387077389 -0.6450602290886905
    vertex 0.1019225707037386 -0.7282219121307698 -0.6450839833124866
  endloop
endfacet
facet normal -0.967642 0.0296619 -0.250576
  outer loop
    vertex 0.1676356667505043 0.2199207120214123 -1.22362709841581
    vertex 0.1632861276795881 0.05915472458845084 -1.225861276204084
    vertex 0.1289226528817533 0.1351606212637121 -1.084163565499626
  endloop
endfacet
facet normal -0.951067 0.267259 0.155063
  outer loop
    vertex 0.2474464157952019 1.261269078135592 0.8191141837688408
    vertex 0.2397212561258542 1.322967052641555 0.6653924445352954
    vertex 0.2019476562354461 1.172766414849794 0.6925895520064482
  endloop
endfacet
facet normal -0.935381 0.0561234 -0.34916
  outer loop
    vertex 0.324351308920674 0.2009803409340359 -1.702747294475897
    vertex 0.2780781373491701 0.3063376167075725 -1.56184882492669
    vertex 0.3267888887516062 0.3377800757115363 -1.687288467471738
  endloop
endfacet
facet normal -0.97665 0.200585 -0.0769408
  outer loop
    vertex 0.09754895410547615 0.8606883225305205 -0.4067798967057207
    vertex 0.1037166397113047 0.9440416949596075 -0.2677670762184357
    vertex 0.1303794158757023 1.020480453243098 -0.4069357846424788
  endloop
endfacet
facet normal -0.927756 0.151891 -0.340877
  outer loop
    vertex 0.374309397871 0.7495679789687902 -1.676896563567545
    vertex 0.3183413792107457 0.625514287707944 -1.57984677798515
    vertex 0.3238357058697519 0.7708605601879621 -1.530035709359293
  endloop
endfacet
facet normal -0.947899 0.195606 -0.251449
  outer loop
    vertex 0.2250014894277994 0.9302201486817683 -1.09377044538241
    vertex 0.271390515346952 0.9944042853028704 -1.218715383313561
    vertex 0.2401567054845808 0.8390116153331847 -1.221854077169178
  endloop
endfacet
facet normal -0.96337 0.139074 0.229298
  outer loop
    vertex 0.1699619186011843 0.7271798181128026 1.018769334932611
    vertex 0.1518341662530052 0.5690416937229392 1.038521411774042
    vertex 0.1953506529950602 0.6582621969901415 1.167236849390537
  endloop
endfacet
facet normal -0.946399 -0.322068 0.0245221
  outer loop
    vertex 0.2243479021537818 -1.431854052736608 0.07480124531199915
    vertex 0.2716700409392079 -1.573004047413137 0.04730397453779895
    vertex 0.272401226648487 -1.564315073664039 0.1896421829618589
  endloop
endfacet
facet normal -0.949678 -0.259333 0.175662
  outer loop
    vertex 0.2065691800746565 -1.140256648242886 0.77225261325945
    vertex 0.2544523863911756 -1.305617867496589 0.7869968742609935
    vertex 0.2501449534396425 -1.199972089635428 0.9196767259561079
  endloop
endfacet
facet normal -0.953089 -0.276532 0.123089
  outer loop
    vertex 0.2101897196344025 -1.301480706307713 0.4849611354043065
    vertex 0.2491452068412947 -1.373896397172179 0.6239076282031025
    vertex 0.2042454905880957 -1.218812085726629 0.6246572626681476
  endloop
endfacet
facet normal -0.953761 0.179778 -0.240872
  outer loop
    vertex 0.2250014894277994 0.9302201486817683 -1.09377044538241
    vertex 0.2401567054845808 0.8390116153331847 -1.221854077169178
    vertex 0.1917650020199497 0.7651792180199257 -1.085347149198628
  endloop
endfacet
facet normal -0.923866 0.379349 -0.0506539
  outer loop
    vertex 0.374309397871 1.808105352844302 -0.3234026484365628
    vertex 0.3231674498741652 1.696315337373523 -0.22783428508867
    vertex 0.374309397871 1.829612274787259 -0.1623365761244011
  endloop
endfacet
facet normal -0.923778 0.379559 0.050682
  outer loop
    vertex 0.374309397871 1.829612274787259 0.162336576124398
    vertex 0.32374366867987 1.697705697060815 0.2285305581094935
    vertex 0.374309397871 1.808105352844303 0.3234026484365587
  endloop
endfacet
facet normal -0.988542 0.0829013 -0.126146
  outer loop
    vertex 0.06583157649810012 0.3847362603482484 -0.6823913007636344
    vertex 0.0427271942060532 0.3081669112173661 -0.551653782252616
    vertex 0.0552577465180768 0.4673331983426349 -0.5452475914105299
  endloop
endfacet
facet normal -0.924025 0.364139 0.116537
  outer loop
    vertex 0.374309397871 1.772447554995497 0.4819376565391868
    vertex 0.323256787426863 1.623084856536975 0.5438480181711749
    vertex 0.374309397871 1.722917951855639 0.6367008490441708
  endloop
endfacet
facet normal -0.922732 0.367102 -0.117485
  outer loop
    vertex 0.374309397871 1.722917951855637 -0.6367008490441769
    vertex 0.3303297071565314 1.645726979284287 -0.5324793132787201
    vertex 0.374309397871 1.772447554995496 -0.4819376565391918
  endloop
endfacet
facet normal -0.982983 0.0987221 -0.154913
  outer loop
    vertex 0.0947435964450003 0.4606480734565059 -0.817472285805365
    vertex 0.06583157649810012 0.3847362603482484 -0.6823913007636344
    vertex 0.08158910627088822 0.5428382854635714 -0.6816245487236635
  endloop
endfacet
facet normal -0.985817 0.0989108 -0.135577
  outer loop
    vertex 0.08158910627088822 0.5428382854635714 -0.6816245487236635
    vertex 0.06583157649810012 0.3847362603482484 -0.6823913007636344
    vertex 0.0552577465180768 0.4673331983426349 -0.5452475914105299
  endloop
endfacet
facet normal -0.954998 0.287882 0.0714295
  outer loop
    vertex 0.234896248503615 1.414655785879516 0.3856575704154859
    vertex 0.2075081209347021 1.35715436211242 0.2512312776231874
    vertex 0.2002150655429205 1.296445445714442 0.3983994554712107
  endloop
endfacet
facet normal -0.970599 0.22621 0.082265
  outer loop
    vertex 0.1607573952675576 1.143447493544651 0.4193365768282363
    vertex 0.1315770674077958 1.063327849635498 0.2953651180028172
    vertex 0.1265635549243571 0.9892544160747323 0.4398985198434205
  endloop
endfacet
facet normal -0.988397 0.0798883 0.12919
  outer loop
    vertex 0.06778588523337969 0.4600090319228908 0.6481952620209502
    vertex 0.04226368878399533 0.3642879791311556 0.5121241123373318
    vertex 0.05732209423022105 0.3007180728709265 0.6666417136485867
  endloop
endfacet
facet normal -0.981666 -0.123247 0.145404
  outer loop
    vertex 0.08211639970458062 -0.4958354081608917 0.7199281089526551
    vertex 0.0760951185903247 -0.5964216739966268 0.5940172337702313
    vertex 0.1034382581846014 -0.6541766431171259 0.7296650783264538
  endloop
endfacet
facet normal -0.970261 0.0120441 -0.241761
  outer loop
    vertex 0.1632861276795881 0.05915472458845084 -1.225861276204084
    vertex 0.1282726621833818 -0.0252210613256819 -1.089544914286301
    vertex 0.1289226528817533 0.1351606212637121 -1.084163565499626
  endloop
endfacet
facet normal -0.987382 0.0470218 0.151216
  outer loop
    vertex 0.05732209423022105 0.3007180728709265 0.6666417136485867
    vertex 0.05024964174073787 0.1391183843567755 0.6707120361023684
    vertex 0.07424184992209337 0.230630109968664 0.7989152262878813
  endloop
endfacet
facet normal -0.974774 0.218031 -0.0477221
  outer loop
    vertex 0.1152320343657944 1.025185752054184 -0.1322537117067941
    vertex 0.1383054924793301 1.097083635073005 -0.2750697924209582
    vertex 0.1037166397113047 0.9440416949596075 -0.2677670762184357
  endloop
endfacet
facet normal -0.977331 0.18318 -0.106157
  outer loop
    vertex 0.09758515083869312 0.7809524586181229 -0.5447020054649874
    vertex 0.09754895410547615 0.8606883225305205 -0.4067798967057207
    vertex 0.1267511118764553 0.9375320866631447 -0.543030229535081
  endloop
endfacet
facet normal -0.988795 -0.0704871 -0.131591
  outer loop
    vertex 0.04116580186760821 -0.3281471926340522 -0.5263849461142678
    vertex 0.05439574989261686 -0.2526799671743851 -0.6662209524056411
    vertex 0.06489433955840784 -0.4117003715148667 -0.6599292459758215
  endloop
endfacet
facet normal -0.975029 0.200233 -0.0960459
  outer loop
    vertex 0.1267511118764553 0.9375320866631447 -0.543030229535081
    vertex 0.09754895410547615 0.8606883225305205 -0.4067798967057207
    vertex 0.1303794158757023 1.020480453243098 -0.4069357846424788
  endloop
endfacet
facet normal -0.987599 0.0307963 -0.153947
  outer loop
    vertex 0.07320453787969416 0.1422857818049876 -0.8134035976297092
    vertex 0.04932620017859435 0.06598218664405076 -0.6754833669737678
    vertex 0.05476859991441785 0.2252913804897417 -0.6785284493792511
  endloop
endfacet
facet normal -0.923303 0.339469 0.179643
  outer loop
    vertex 0.374309397871 1.659904179724016 0.786480994134468
    vertex 0.3269832721097208 1.526023527695295 0.7962334422720914
    vertex 0.374309397871 1.583899406804787 0.9301058590953201
  endloop
endfacet
facet normal -0.924256 0.337437 -0.178568
  outer loop
    vertex 0.374309397871 1.583899406804783 -0.9301058590953274
    vertex 0.3205842500053935 1.506940251023281 -0.797456983601624
    vertex 0.374309397871 1.659904179724013 -0.7864809941344747
  endloop
endfacet
facet normal -0.985564 0.0819006 0.148174
  outer loop
    vertex 0.08220707236425273 0.3889611655727115 0.7833867262538672
    vertex 0.06778588523337969 0.4600090319228908 0.6481952620209502
    vertex 0.05732209423022105 0.3007180728709265 0.6666417136485867
  endloop
endfacet
facet normal -0.96833 0.228235 0.101218
  outer loop
    vertex 0.1611758758926287 1.080271248168421 0.5657943576209512
    vertex 0.1607573952675576 1.143447493544651 0.4193365768282363
    vertex 0.1265635549243571 0.9892544160747323 0.4398985198434205
  endloop
endfacet
facet normal -0.987406 -0.0202519 0.156905
  outer loop
    vertex 0.07424494426556816 -0.08706525048243512 0.8269848959840393
    vertex 0.05023481333810853 -0.01949671129791476 0.6846099052985937
    vertex 0.05553390884648479 -0.1783877257850012 0.697448947039503
  endloop
endfacet
facet normal -0.97499 0.20969 0.0736464
  outer loop
    vertex 0.1315770674077958 1.063327849635498 0.2953651180028172
    vertex 0.09726278029404334 0.8972697104983959 0.3138957582319601
    vertex 0.1265635549243571 0.9892544160747323 0.4398985198434205
  endloop
endfacet
facet normal -0.93786 -0.186754 0.292474
  outer loop
    vertex 0.2878719535251797 -0.7956700359831465 1.409440760555708
    vertex 0.2674522094099308 -0.8839189047551745 1.287611951248012
    vertex 0.3209776901443417 -0.9465442038930678 1.41926098799449
  endloop
endfacet
facet normal -0.985432 -0.162921 0.0487874
  outer loop
    vertex 0.08148760446096315 -0.8503057865338547 0.1879605619934246
    vertex 0.07485433919620021 -0.769302401440232 0.3244814456141935
    vertex 0.05411105049212317 -0.6897770872874694 0.1710651451284136
  endloop
endfacet
facet normal -0.99437 -0.100795 -0.0326915
  outer loop
    vertex 0.0334747536812392 -0.5498835858527494 -0.103738977652764
    vertex 0.01772925705988815 -0.3920552698658337 -0.1114318546976242
    vertex 0.03072710169707538 -0.4769636195657292 -0.2449927267162482
  endloop
endfacet
facet normal -0.981782 -0.180493 0.0593909
  outer loop
    vertex 0.102949881370467 -0.9202987627992608 0.3300369758763763
    vertex 0.07485433919620021 -0.769302401440232 0.3244814456141935
    vertex 0.08148760446096315 -0.8503057865338547 0.1879605619934246
  endloop
endfacet
facet normal -0.990869 0.0823054 -0.106788
  outer loop
    vertex 0.0552577465180768 0.4673331983426349 -0.5452475914105299
    vertex 0.0427271942060532 0.3081669112173661 -0.551653782252616
    vertex 0.03413832795669869 0.390199286010003 -0.408733271160423
  endloop
endfacet
facet normal -0.985211 0.16692 -0.0386905
  outer loop
    vertex 0.0820773277029101 0.8631713076652954 -0.136836190059181
    vertex 0.07326335779508586 0.7794254965151759 -0.2736971430164543
    vertex 0.05515886779005896 0.7044150258030821 -0.1362988986253363
  endloop
endfacet
facet normal -0.962407 -0.271528 -0.00674956
  outer loop
    vertex 0.1759709728044969 -1.271621157722675 0.06319925993507665
    vertex 0.1562189423154621 -1.197952593821481 -0.08400840248046937
    vertex 0.1998942499323864 -1.352857750051806 -0.0799089261846644
  endloop
endfacet
facet normal -0.982871 -0.0879451 0.161959
  outer loop
    vertex 0.09558694098647447 -0.4051105947309577 0.8509404370121358
    vertex 0.06618003312550869 -0.3370467195697463 0.7094396570663565
    vertex 0.08211639970458062 -0.4958354081608917 0.7199281089526551
  endloop
endfacet
facet normal -0.988799 -0.0871364 -0.121175
  outer loop
    vertex 0.05431398980617974 -0.4867647809282144 -0.5196141954004853
    vertex 0.04116580186760821 -0.3281471926340522 -0.5263849461142678
    vertex 0.06489433955840784 -0.4117003715148667 -0.6599292459758215
  endloop
endfacet
facet normal -0.981235 -0.159931 0.107705
  outer loop
    vertex 0.09794639904969404 -0.7438539075773848 0.5971507951043616
    vertex 0.07116344494196802 -0.6750964832971289 0.4552457476682778
    vertex 0.09777973219810221 -0.8325725615353825 0.4638950567520913
  endloop
endfacet
facet normal -0.986486 0.0135694 -0.163285
  outer loop
    vertex 0.07041770020874871 -0.01722005109186264 -0.8098222665235835
    vertex 0.04932620017859435 0.06598218664405076 -0.6754833669737678
    vertex 0.07320453787969416 0.1422857818049876 -0.8134035976297092
  endloop
endfacet
facet normal -0.978794 0.148888 0.140696
  outer loop
    vertex 0.1031623544682079 0.769611684084108 0.604584928375194
    vertex 0.0837077438539886 0.6141789765012132 0.633726089249346
    vertex 0.1139707713070885 0.703916052347516 0.7492981125105278
  endloop
endfacet
facet normal -0.985977 -0.0710687 -0.150995
  outer loop
    vertex 0.06489433955840784 -0.4117003715148667 -0.6599292459758215
    vertex 0.05439574989261686 -0.2526799671743851 -0.6662209524056411
    vertex 0.0808306716953151 -0.3360161886179339 -0.7996134711479289
  endloop
endfacet
facet normal -0.963256 0.245608 0.108698
  outer loop
    vertex 0.1980824682648255 1.234174441566209 0.5451012558482895
    vertex 0.1607573952675576 1.143447493544651 0.4193365768282363
    vertex 0.1611758758926287 1.080271248168421 0.5657943576209512
  endloop
endfacet
facet normal -0.97922 0.132509 0.153525
  outer loop
    vertex 0.1139707713070885 0.703916052347516 0.7492981125105278
    vertex 0.0837077438539886 0.6141789765012132 0.633726089249346
    vertex 0.09545395987284166 0.5467304491460522 0.7668618141591158
  endloop
endfacet
facet normal -0.987969 0.0135905 0.154053
  outer loop
    vertex 0.07158426685145347 0.07189942886244011 0.813464778104543
    vertex 0.05024964174073787 0.1391183843567755 0.6707120361023684
    vertex 0.05023481333810853 -0.01949671129791476 0.6846099052985937
  endloop
endfacet
facet normal -0.975062 0.195262 0.105487
  outer loop
    vertex 0.1265635549243571 0.9892544160747323 0.4398985198434205
    vertex 0.09763065545686622 0.8341891184289588 0.4594930218270419
    vertex 0.1295540731704463 0.9254356594373208 0.5856725283605823
  endloop
endfacet
facet normal -0.985132 -0.0363354 0.167915
  outer loop
    vertex 0.07424494426556816 -0.08706525048243512 0.8269848959840393
    vertex 0.05553390884648479 -0.1783877257850012 0.697448947039503
    vertex 0.08223842440785933 -0.2461279624230061 0.8394615823970236
  endloop
endfacet
facet normal -0.970518 0.216445 -0.106047
  outer loop
    vertex 0.1267511118764553 0.9375320866631447 -0.543030229535081
    vertex 0.1303794158757023 1.020480453243098 -0.4069357846424788
    vertex 0.1612238808162738 1.09323460539167 -0.5407240573117496
  endloop
endfacet
facet normal -0.924131 0.278984 -0.261056
  outer loop
    vertex 0.374309397871 1.284367156404717 -1.313101385098981
    vertex 0.3214386929329214 1.244471043936439 -1.168576548200846
    vertex 0.374309397871 1.395393236962572 -1.194450482121011
  endloop
endfacet
facet normal -0.924256 0.278763 0.260849
  outer loop
    vertex 0.374309397871 1.395393236962578 1.194450482121004
    vertex 0.3205842500053935 1.244908543980155 1.164907411760403
    vertex 0.374309397871 1.284367156404724 1.313101385098974
  endloop
endfacet
facet normal -0.990255 0.133761 0.0387767
  outer loop
    vertex 0.05095723627308502 0.6331441312490216 0.2736936459269668
    vertex 0.05509796043122162 0.7047549938971692 0.1324131650159581
    vertex 0.03420024307965264 0.5489522064218788 0.1361868584739661
  endloop
endfacet
facet normal -0.999252 -0.0336428 0.0190534
  outer loop
    vertex 0.002627781146965269 -0.07922907339414287 0.1355910489185482
    vertex 0.002631138884008344 -0.1571320752086331 -0.001787082564878322
    vertex 0.007922681527497311 -0.2372953524025039 0.1341815802911325
  endloop
endfacet
facet normal -0.986264 -0.00246096 0.165156
  outer loop
    vertex 0.07158426685145347 0.07189942886244011 0.813464778104543
    vertex 0.05023481333810853 -0.01949671129791476 0.6846099052985937
    vertex 0.07424494426556816 -0.08706525048243512 0.8269848959840393
  endloop
endfacet
facet normal -0.956543 -0.279217 0.0840395
  outer loop
    vertex 0.2101897196344025 -1.301480706307713 0.4849611354043065
    vertex 0.1791090612464297 -1.236215833922435 0.3480379308467876
    vertex 0.2234252267074233 -1.387558484709615 0.3496197403823784
  endloop
endfacet
facet normal -0.988474 -0.150253 0.0185412
  outer loop
    vertex 0.05411105049212317 -0.6897770872874694 0.1710651451284136
    vertex 0.04403273765349613 -0.6406275775136091 0.03206180729891805
    vertex 0.06537817179998573 -0.7793411561329769 0.0459375470972212
  endloop
endfacet
facet normal -0.985325 0.0475322 -0.163936
  outer loop
    vertex 0.07320453787969416 0.1422857818049876 -0.8134035976297092
    vertex 0.05476859991441785 0.2252913804897417 -0.6785284493792511
    vertex 0.08131731822107291 0.3016322946406381 -0.8159633402199803
  endloop
endfacet
facet normal -0.986263 0.0313779 0.162174
  outer loop
    vertex 0.07424184992209337 0.230630109968664 0.7989152262878813
    vertex 0.05024964174073787 0.1391183843567755 0.6707120361023684
    vertex 0.07158426685145347 0.07189942886244011 0.813464778104543
  endloop
endfacet
facet normal -0.974891 0.166164 0.148247
  outer loop
    vertex 0.1385342583423306 0.8628346243665853 0.7327049752293505
    vertex 0.1031623544682079 0.769611684084108 0.604584928375194
    vertex 0.1139707713070885 0.703916052347516 0.7492981125105278
  endloop
endfacet
facet normal -0.992137 -0.118029 -0.0416316
  outer loop
    vertex 0.0334747536812392 -0.5498835858527494 -0.103738977652764
    vertex 0.03072710169707538 -0.4769636195657292 -0.2449927267162482
    vertex 0.04917859647719247 -0.6347012434960309 -0.2375176312649485
  endloop
endfacet
facet normal -0.982712 0.115099 0.145013
  outer loop
    vertex 0.0837077438539886 0.6141789765012132 0.633726089249346
    vertex 0.06778588523337969 0.4600090319228908 0.6481952620209502
    vertex 0.09545395987284166 0.5467304491460522 0.7668618141591158
  endloop
endfacet
facet normal -0.990441 -0.134396 -0.0310559
  outer loop
    vertex 0.05461118660397446 -0.7074573381005335 -0.0959199179847557
    vertex 0.0334747536812392 -0.5498835858527494 -0.103738977652764
    vertex 0.04917859647719247 -0.6347012434960309 -0.2375176312649485
  endloop
endfacet
facet normal -0.981268 0.166669 -0.0966123
  outer loop
    vertex 0.07113276770422416 0.7041058028615603 -0.4086016940605262
    vertex 0.09754895410547615 0.8606883225305205 -0.4067798967057207
    vertex 0.09758515083869312 0.7809524586181229 -0.5447020054649874
  endloop
endfacet
facet normal -0.978897 -0.121722 0.164145
  outer loop
    vertex 0.1142548455940942 -0.5636039341311273 0.8613350539473124
    vertex 0.08211639970458062 -0.4958354081608917 0.7199281089526551
    vertex 0.1034382581846014 -0.6541766431171259 0.7296650783264538
  endloop
endfacet
facet normal -0.970551 0.212726 0.113041
  outer loop
    vertex 0.1611758758926287 1.080271248168421 0.5657943576209512
    vertex 0.1265635549243571 0.9892544160747323 0.4398985198434205
    vertex 0.1295540731704463 0.9254356594373208 0.5856725283605823
  endloop
endfacet
facet normal -0.961926 -0.271938 -0.0273682
  outer loop
    vertex 0.1998942499323864 -1.352857750051806 -0.0799089261846644
    vertex 0.1562189423154621 -1.197952593821481 -0.08400840248046937
    vertex 0.1826746925915037 -1.277712714168298 -0.2213451057733153
  endloop
endfacet
facet normal -0.985404 -0.0543626 -0.161319
  outer loop
    vertex 0.0808306716953151 -0.3360161886179339 -0.7996134711479289
    vertex 0.05439574989261686 -0.2526799671743851 -0.6662209524056411
    vertex 0.07296214773590304 -0.176693609118176 -0.805239060161431
  endloop
endfacet
facet normal -0.924148 0.228638 0.306065
  outer loop
    vertex 0.374309397871 1.163289161438652 1.421475489369886
    vertex 0.3213897046753154 1.016511977906166 1.371333047094299
    vertex 0.374309397871 1.033106851538586 1.51872462062878
  endloop
endfacet
facet normal -0.9239 0.228995 -0.306544
  outer loop
    vertex 0.374309397871 1.033106851538578 -1.518724620628785
    vertex 0.322942963623241 1.02476305634181 -1.370143231383309
    vertex 0.374309397871 1.163289161438645 -1.421475489369892
  endloop
endfacet
facet normal -0.982938 -0.161276 0.0884437
  outer loop
    vertex 0.07116344494196802 -0.6750964832971289 0.4552457476682778
    vertex 0.07485433919620021 -0.769302401440232 0.3244814456141935
    vertex 0.09777973219810221 -0.8325725615353825 0.4638950567520913
  endloop
endfacet
facet normal -0.984861 0.0652945 0.160576
  outer loop
    vertex 0.08220707236425273 0.3889611655727115 0.7833867262538672
    vertex 0.05732209423022105 0.3007180728709265 0.6666417136485867
    vertex 0.07424184992209337 0.230630109968664 0.7989152262878813
  endloop
endfacet
facet normal -0.982858 -0.143204 0.116117
  outer loop
    vertex 0.09794639904969404 -0.7438539075773848 0.5971507951043616
    vertex 0.0760951185903247 -0.5964216739966268 0.5940172337702313
    vertex 0.07116344494196802 -0.6750964832971289 0.4552457476682778
  endloop
endfacet
facet normal -0.991028 -0.118826 -0.0611912
  outer loop
    vertex 0.04917859647719247 -0.6347012434960309 -0.2375176312649485
    vertex 0.03072710169707538 -0.4769636195657292 -0.2449927267162482
    vertex 0.04907773236645596 -0.5611178495743966 -0.3787744328549468
  endloop
endfacet
facet normal -0.955971 -0.106168 0.273584
  outer loop
    vertex 0.2298070057019066 -0.4801542247006894 1.368949549384768
    vertex 0.1854333692881065 -0.426554088901432 1.234697314728924
    vertex 0.2097931596442626 -0.5843001743410945 1.258600953654436
  endloop
endfacet
facet normal -0.960485 0.260953 0.0968052
  outer loop
    vertex 0.1980824682648255 1.234174441566209 0.5451012558482895
    vertex 0.2002150655429205 1.296445445714442 0.3983994554712107
    vertex 0.1607573952675576 1.143447493544651 0.4193365768282363
  endloop
endfacet
facet normal -0.981715 -0.0346527 0.187178
  outer loop
    vertex 0.1036579647615534 -0.1545716703081889 0.9687532537587347
    vertex 0.07424494426556816 -0.08706525048243512 0.8269848959840393
    vertex 0.08223842440785933 -0.2461279624230061 0.8394615823970236
  endloop
endfacet
facet normal -0.956797 -0.0175834 0.290226
  outer loop
    vertex 0.2284745869720695 -0.05748045284690723 1.445465007609955
    vertex 0.1864877014893418 -0.01046369213068746 1.309893924095329
    vertex 0.1968672032356169 -0.1685578017857335 1.334534189252066
  endloop
endfacet
facet normal -0.980517 -0.179508 0.0797717
  outer loop
    vertex 0.09777973219810221 -0.8325725615353825 0.4638950567520913
    vertex 0.07485433919620021 -0.769302401440232 0.3244814456141935
    vertex 0.102949881370467 -0.9202987627992608 0.3300369758763763
  endloop
endfacet
facet normal -0.977355 0.193252 0.0861967
  outer loop
    vertex 0.09726278029404334 0.8972697104983959 0.3138957582319601
    vertex 0.09763065545686622 0.8341891184289588 0.4594930218270419
    vertex 0.1265635549243571 0.9892544160747323 0.4398985198434205
  endloop
endfacet
facet normal -0.998668 -0.033801 0.0389814
  outer loop
    vertex 0.0108486718296037 -0.1608902720778655 0.2753938780586773
    vertex 0.002627781146965269 -0.07922907339414287 0.1355910489185482
    vertex 0.007922681527497311 -0.2372953524025039 0.1341815802911325
  endloop
endfacet
facet normal -0.95739 -0.288771 0.00387722
  outer loop
    vertex 0.2243479021537818 -1.431854052736608 0.07480124531199915
    vertex 0.1759709728044969 -1.271621157722675 0.06319925993507665
    vertex 0.1998942499323864 -1.352857750051806 -0.0799089261846644
  endloop
endfacet
facet normal -0.983163 -0.0882732 -0.159996
  outer loop
    vertex 0.09402684154132412 -0.4950773583138415 -0.7929454870143338
    vertex 0.06489433955840784 -0.4117003715148667 -0.6599292459758215
    vertex 0.0808306716953151 -0.3360161886179339 -0.7996134711479289
  endloop
endfacet
facet normal -0.958431 0.0155906 0.284897
  outer loop
    vertex 0.2202601169217111 0.1008714463101554 1.417416084941386
    vertex 0.1848704697028678 0.150525776740011 1.295643429129035
    vertex 0.1864877014893418 -0.01046369213068746 1.309893924095329
  endloop
endfacet
facet normal -0.976724 0.179651 0.117197
  outer loop
    vertex 0.1295540731704463 0.9254356594373208 0.5856725283605823
    vertex 0.09763065545686622 0.8341891184289588 0.4594930218270419
    vertex 0.1031623544682079 0.769611684084108 0.604584928375194
  endloop
endfacet
facet normal -0.985923 -0.104704 -0.130356
  outer loop
    vertex 0.08134732853255588 -0.572459110978627 -0.6552447093995536
    vertex 0.05431398980617974 -0.4867647809282144 -0.5196141954004853
    vertex 0.06489433955840784 -0.4117003715148667 -0.6599292459758215
  endloop
endfacet
facet normal -0.95982 0.0531838 0.275532
  outer loop
    vertex 0.2173399164434988 0.2589833808011283 1.387816499677616
    vertex 0.1692699957781612 0.3029090275923127 1.211885578715483
    vertex 0.1848704697028678 0.150525776740011 1.295643429129035
  endloop
endfacet
facet normal -0.923646 0.171721 0.342623
  outer loop
    vertex 0.374309397871 0.8948390797871905 1.604087672568309
    vertex 0.324684108644508 0.7627524233224382 1.536508524363722
    vertex 0.374309397871 0.749567978968796 1.676896563567543
  endloop
endfacet
facet normal -0.923767 0.171589 -0.342362
  outer loop
    vertex 0.374309397871 0.7495679789687902 -1.676896563567545
    vertex 0.3238357058697519 0.7708605601879621 -1.530035709359293
    vertex 0.374309397871 0.8948390797871835 -1.604087672568313
  endloop
endfacet
facet normal -0.979515 -0.0685718 0.189336
  outer loop
    vertex 0.1136764092416032 -0.3127421559826388 0.9779782270232755
    vertex 0.08223842440785933 -0.2461279624230061 0.8394615823970236
    vertex 0.09558694098647447 -0.4051105947309577 0.8509404370121358
  endloop
endfacet
facet normal -0.982701 -0.000696889 0.185196
  outer loop
    vertex 0.09949284277248882 0.00440974185702311 0.9613015332315729
    vertex 0.07158426685145347 0.07189942886244011 0.813464778104543
    vertex 0.07424494426556816 -0.08706525048243512 0.8269848959840393
  endloop
endfacet
facet normal -0.98266 0.0989328 0.156815
  outer loop
    vertex 0.09545395987284166 0.5467304491460522 0.7668618141591158
    vertex 0.06778588523337969 0.4600090319228908 0.6481952620209502
    vertex 0.08220707236425273 0.3889611655727115 0.7833867262538672
  endloop
endfacet
facet normal -0.97519 -0.202968 -0.0883705
  outer loop
    vertex 0.1291090834608077 -0.9685221878686726 -0.5072926866093787
    vertex 0.1299172656952479 -1.033417163748115 -0.3671617853738581
    vertex 0.09675625734264148 -0.8758246768420933 -0.3631773048811464
  endloop
endfacet
facet normal -0.95427 -0.0512445 0.29452
  outer loop
    vertex 0.2392331596598956 -0.2158881689456147 1.46356853275944
    vertex 0.1968672032356169 -0.1685578017857335 1.334534189252066
    vertex 0.2132209027968361 -0.3259358924126847 1.360138901702246
  endloop
endfacet
facet normal -0.923302 0.0759707 -0.376486
  outer loop
    vertex 0.374309397871 0.2833244400706621 -1.81481720888321
    vertex 0.3267888887516062 0.3377800757115363 -1.687288467471738
    vertex 0.374309397871 0.4426094758723038 -1.78267526259497
  endloop
endfacet
facet normal -0.924905 0.0752041 0.372687
  outer loop
    vertex 0.374309397871 0.4426094758723085 1.782675262594969
    vertex 0.3161820078699309 0.331430197170751 1.660854122367172
    vertex 0.374309397871 0.2833244400706662 1.81481720888321
  endloop
endfacet
facet normal -0.973827 0.181536 0.136769
  outer loop
    vertex 0.1385342583423306 0.8628346243665853 0.7327049752293505
    vertex 0.1295540731704463 0.9254356594373208 0.5856725283605823
    vertex 0.1031623544682079 0.769611684084108 0.604584928375194
  endloop
endfacet
facet normal -0.923967 0.00846111 -0.38238
  outer loop
    vertex 0.374309397871 -0.04063384968297799 -1.836350492215454
    vertex 0.3225149084938428 0.03987566989354214 -1.70941496504162
    vertex 0.374309397871 0.1218220063799942 -1.832755749891827
  endloop
endfacet
facet normal -0.924502 0.00843243 0.381084
  outer loop
    vertex 0.374309397871 0.1218220063799975 1.832755749891827
    vertex 0.3194471302488262 0.02152584368690731 1.701880118686181
    vertex 0.374309397871 -0.04063384968297509 1.836350492215454
  endloop
endfacet
facet normal -0.98585 -0.165037 0.0293594
  outer loop
    vertex 0.08148760446096315 -0.8503057865338547 0.1879605619934246
    vertex 0.05411105049212317 -0.6897770872874694 0.1710651451284136
    vertex 0.06537817179998573 -0.7793411561329769 0.0459375470972212
  endloop
endfacet
facet normal -0.924272 -0.214706 0.31563
  outer loop
    vertex 0.374309397871 -0.9649174012256256 1.562935906815115
    vertex 0.3209776901443417 -0.9465442038930678 1.41926098799449
    vertex 0.374309397871 -1.09927394667491 1.471540359678173
  endloop
endfacet
facet normal -0.923968 -0.369069 -0.100352
  outer loop
    vertex 0.374309397871 -1.792030445795644 -0.4030646614892758
    vertex 0.3225041697505704 -1.650548036911341 -0.4464155946268261
    vertex 0.374309397871 -1.749395014872215 -0.559867235994607
  endloop
endfacet
facet normal -0.923455 -0.0591862 0.379114
  outer loop
    vertex 0.374309397871 -0.2027716907787688 1.825573302121479
    vertex 0.3260968837568621 -0.2537103306167643 1.700183582991869
    vertex 0.374309397871 -0.3633225684661998 1.800508525734639
  endloop
endfacet
facet normal -0.924504 -0.367819 0.100012
  outer loop
    vertex 0.374309397871 -1.749395014872216 0.5598672359946043
    vertex 0.3189136716493755 -1.640986870154607 0.4464906815660459
    vertex 0.374309397871 -1.792030445795645 0.4030646614892738
  endloop
endfacet
facet normal -0.923022 -0.0593469 -0.380143
  outer loop
    vertex 0.374309397871 -0.3633225684662014 -1.800508525734639
    vertex 0.3285116213689712 -0.2672140654409138 -1.704311637272861
    vertex 0.374309397871 -0.2027716907787713 -1.825573302121478
  endloop
endfacet
facet normal -0.924256 -0.214728 -0.315662
  outer loop
    vertex 0.374309397871 -1.099273946674909 -1.471540359678174
    vertex 0.3205842500053935 -0.9589400051480906 -1.409695224995706
    vertex 0.374309397871 -0.9649174012256253 -1.562935906815115
  endloop
endfacet
facet normal -0.923871 -0.382704 -5.22952e-16
  outer loop
    vertex 0.374309397871 -1.835002188871888 0.08124781126517423
    vertex 0.3231334684420117 -1.71146038072764 -0.0007083870102148944
    vertex 0.374309397871 -1.835002188871887 -0.08124781126517705
  endloop
endfacet
facet normal -0.925457 -0.326691 0.191841
  outer loop
    vertex 0.374309397871 -1.541207433113708 0.9992566677861369
    vertex 0.3123721396398791 -1.44810307818639 0.8590158868351412
    vertex 0.374309397871 -1.623490823027048 0.8591343245075005
  endloop
endfacet
facet normal -0.923922 -0.329905 -0.193729
  outer loop
    vertex 0.374309397871 -1.623490823027047 -0.8591343245075023
    vertex 0.3228016870351338 -1.474421719924126 -0.8673392301814112
    vertex 0.374309397871 -1.541207433113708 -0.9992566677861381
  endloop
endfacet
facet normal -0.924694 -0.124036 0.359938
  outer loop
    vertex 0.374309397871 -0.5210299544444373 1.761352328914243
    vertex 0.3179604739158215 -0.5406635439794014 1.609824029596342
    vertex 0.374309397871 -0.6746595745906268 1.708411161990343
  endloop
endfacet
facet normal -0.923977 -0.290541 -0.248702
  outer loop
    vertex 0.374309397871 -1.446862005389986 -1.131558472797084
    vertex 0.3225059967209898 -1.295274436896297 -1.116188071616648
    vertex 0.374309397871 -1.341192920746077 -1.255004298534713
  endloop
endfacet
facet normal -0.924707 -0.266188 0.272143
  outer loop
    vertex 0.374309397871 -1.225027183040761 1.36862801403859
    vertex 0.3175696336028802 -1.190100956804636 1.209995639150464
    vertex 0.374309397871 -1.341192920746078 1.255004298534712
  endloop
endfacet
facet normal -0.924256 -0.155795 -0.348538
  outer loop
    vertex 0.374309397871 -0.823009068828386 -1.642099361374406
    vertex 0.3205842500054192 -0.695756417199953 -1.556511987995731
    vertex 0.374309397871 -0.6746595745906275 -1.708411161990343
  endloop
endfacet
facet normal -0.981602 0.0669205 0.178827
  outer loop
    vertex 0.10455996881503 0.3230525958531154 0.9307482519326629
    vertex 0.08220707236425273 0.3889611655727115 0.7833867262538672
    vertex 0.07424184992209337 0.230630109968664 0.7989152262878813
  endloop
endfacet
facet normal -0.980288 -0.142379 0.13698
  outer loop
    vertex 0.1034382581846014 -0.6541766431171259 0.7296650783264538
    vertex 0.0760951185903247 -0.5964216739966268 0.5940172337702313
    vertex 0.09794639904969404 -0.7438539075773848 0.5971507951043616
  endloop
endfacet
facet normal -0.987676 -0.120236 -0.100196
  outer loop
    vertex 0.0728160689712789 -0.64491777451577 -0.5122124329824181
    vertex 0.04907773236645596 -0.5611178495743966 -0.3787744328549468
    vertex 0.05431398980617974 -0.4867647809282144 -0.5196141954004853
  endloop
endfacet
facet normal -0.979456 -0.104034 0.172749
  outer loop
    vertex 0.1142548455940942 -0.5636039341311273 0.8613350539473124
    vertex 0.09558694098647447 -0.4051105947309577 0.8509404370121358
    vertex 0.08211639970458062 -0.4958354081608917 0.7199281089526551
  endloop
endfacet
facet normal -0.997561 -0.0506245 0.0480611
  outer loop
    vertex 0.0108486718296037 -0.1608902720778655 0.2753938780586773
    vertex 0.007922681527497311 -0.2372953524025039 0.1341815802911325
    vertex 0.01853564497665605 -0.3170162829124416 0.2704922071807833
  endloop
endfacet
facet normal -0.982713 0.033149 0.182144
  outer loop
    vertex 0.09938817986186166 0.1640693910883498 0.9466993078685684
    vertex 0.07424184992209337 0.230630109968664 0.7989152262878813
    vertex 0.07158426685145347 0.07189942886244011 0.813464778104543
  endloop
endfacet
facet normal -0.99097 -0.13353 -0.0121826
  outer loop
    vertex 0.05461118660397446 -0.7074573381005335 -0.0959199179847557
    vertex 0.04403273765349613 -0.6406275775136091 0.03206180729891805
    vertex 0.0334747536812392 -0.5498835858527494 -0.103738977652764
  endloop
endfacet
facet normal -0.982856 -0.0702133 0.170485
  outer loop
    vertex 0.08223842440785933 -0.2461279624230061 0.8394615823970236
    vertex 0.06618003312550869 -0.3370467195697463 0.7094396570663565
    vertex 0.09558694098647447 -0.4051105947309577 0.8509404370121358
  endloop
endfacet
facet normal -0.996992 -0.0674609 0.0381701
  outer loop
    vertex 0.007922681527497311 -0.2372953524025039 0.1341815802911325
    vertex 0.01854218801600727 -0.3951743621133069 0.1325283496033769
    vertex 0.01853564497665605 -0.3170162829124416 0.2704922071807833
  endloop
endfacet
facet normal -0.965905 0.25006 -0.0670702
  outer loop
    vertex 0.1658662350119924 1.169078291789289 -0.4035633541286522
    vertex 0.1383054924793301 1.097083635073005 -0.2750697924209582
    vertex 0.1766876768357974 1.247362932746813 -0.2675364488490056
  endloop
endfacet
facet normal -0.985706 -0.0540829 0.159558
  outer loop
    vertex 0.05553390884648479 -0.1783877257850012 0.697448947039503
    vertex 0.06618003312550869 -0.3370467195697463 0.7094396570663565
    vertex 0.08223842440785933 -0.2461279624230061 0.8394615823970236
  endloop
endfacet
facet normal -0.979465 0.100544 0.174756
  outer loop
    vertex 0.1141531618002549 0.4798936190849086 0.9101198944979881
    vertex 0.09545395987284166 0.5467304491460522 0.7668618141591158
    vertex 0.08220707236425273 0.3889611655727115 0.7833867262538672
  endloop
endfacet
facet normal -0.956602 0.197929 -0.213862
  outer loop
    vertex 0.2250014894277994 0.9302201486817683 -1.09377044538241
    vertex 0.1783724871133394 0.8548168687557367 -0.9549851366666636
    vertex 0.208922483563545 1.005506363754398 -0.9521716439323856
  endloop
endfacet
facet normal -0.959275 0.266109 -0.0947484
  outer loop
    vertex 0.1658662350119924 1.169078291789289 -0.4035633541286522
    vertex 0.2101774078938945 1.329626064915088 -0.4012772788680191
    vertex 0.2009958816152047 1.247960300616237 -0.5376847413557313
  endloop
endfacet
facet normal -0.979645 0.080972 -0.183681
  outer loop
    vertex 0.1132203614761567 0.3776905477344341 -0.9525865364181549
    vertex 0.08131731822107291 0.3016322946406381 -0.8159633402199803
    vertex 0.0947435964450003 0.4606480734565059 -0.817472285805365
  endloop
endfacet
facet normal -0.988224 -0.135993 -0.0701355
  outer loop
    vertex 0.07023608775287116 -0.7188196632572433 -0.3711165966355038
    vertex 0.04917859647719247 -0.6347012434960309 -0.2375176312649485
    vertex 0.04907773236645596 -0.5611178495743966 -0.3787744328549468
  endloop
endfacet
facet normal -0.976719 -0.194768 0.0899194
  outer loop
    vertex 0.1297744042345093 -0.9892588924477893 0.4720398286069467
    vertex 0.09777973219810221 -0.8325725615353825 0.4638950567520913
    vertex 0.102949881370467 -0.9202987627992608 0.3300369758763763
  endloop
endfacet
facet normal -0.97892 -0.0504617 0.19791
  outer loop
    vertex 0.1136764092416032 -0.3127421559826388 0.9779782270232755
    vertex 0.1036579647615534 -0.1545716703081889 0.9687532537587347
    vertex 0.08223842440785933 -0.2461279624230061 0.8394615823970236
  endloop
endfacet
facet normal -0.977252 -0.175968 0.118378
  outer loop
    vertex 0.1272674538237268 -0.9010067212709074 0.6055999392571458
    vertex 0.09794639904969404 -0.7438539075773848 0.5971507951043616
    vertex 0.09777973219810221 -0.8325725615353825 0.4638950567520913
  endloop
endfacet
facet normal -0.982942 0.0130547 -0.183449
  outer loop
    vertex 0.09825621581219846 0.05915469045424367 -0.9535492338905645
    vertex 0.07041770020874871 -0.01722005109186264 -0.8098222665235835
    vertex 0.07320453787969416 0.1422857818049876 -0.8134035976297092
  endloop
endfacet
facet normal -0.955705 -0.0867168 0.281262
  outer loop
    vertex 0.2298070057019066 -0.4801542247006894 1.368949549384768
    vertex 0.2132209027968361 -0.3259358924126847 1.360138901702246
    vertex 0.1854333692881065 -0.426554088901432 1.234697314728924
  endloop
endfacet
facet normal -0.980551 -0.0165226 0.19557
  outer loop
    vertex 0.1036579647615534 -0.1545716703081889 0.9687532537587347
    vertex 0.09949284277248882 0.00440974185702311 0.9613015332315729
    vertex 0.07424494426556816 -0.08706525048243512 0.8269848959840393
  endloop
endfacet
facet normal -0.981829 0.0470343 -0.183849
  outer loop
    vertex 0.1033751481672454 0.2193689479775151 -0.954806817827097
    vertex 0.07320453787969416 0.1422857818049876 -0.8134035976297092
    vertex 0.08131731822107291 0.3016322946406381 -0.8159633402199803
  endloop
endfacet
facet normal -0.970259 -0.205718 -0.127586
  outer loop
    vertex 0.1627878576249939 -1.043410165881666 -0.6426625778404865
    vertex 0.1291090834608077 -0.9685221878686726 -0.5072926866093787
    vertex 0.1298111109219473 -0.8863899387077389 -0.6450602290886905
  endloop
endfacet
facet normal -0.951072 -0.221517 0.215389
  outer loop
    vertex 0.2117279038790443 -0.941471853416727 1.02784301329471
    vertex 0.2115320939511847 -1.053071981708803 0.9122031386503
    vertex 0.2615078024120283 -1.120149790671968 1.063889591648878
  endloop
endfacet
facet normal -0.995295 -0.0843237 0.0477232
  outer loop
    vertex 0.01853564497665605 -0.3170162829124416 0.2704922071807833
    vertex 0.01854218801600727 -0.3951743621133069 0.1325283496033769
    vertex 0.0318437261365947 -0.4750052846649175 0.2688837832061627
  endloop
endfacet
facet normal -0.983128 -0.0209086 -0.181719
  outer loop
    vertex 0.09686965813320114 -0.1004578663491793 -0.9433543676925413
    vertex 0.07296214773590304 -0.176693609118176 -0.805239060161431
    vertex 0.07041770020874871 -0.01722005109186264 -0.8098222665235835
  endloop
endfacet
facet normal -0.983169 -0.10498 -0.149525
  outer loop
    vertex 0.09402684154132412 -0.4950773583138415 -0.7929454870143338
    vertex 0.08134732853255588 -0.572459110978627 -0.6552447093995536
    vertex 0.06489433955840784 -0.4117003715148667 -0.6599292459758215
  endloop
endfacet
facet normal -0.962762 -0.00459754 -0.270312
  outer loop
    vertex 0.2005522718564103 -0.01864800596262023 -1.357267717092122
    vertex 0.1637184299112091 -0.1017282611590392 -1.224664653245701
    vertex 0.1632861276795881 0.05915472458845084 -1.225861276204084
  endloop
endfacet
facet normal -0.980504 0.0509372 0.18978
  outer loop
    vertex 0.09938817986186166 0.1640693910883498 0.9466993078685684
    vertex 0.10455996881503 0.3230525958531154 0.9307482519326629
    vertex 0.07424184992209337 0.230630109968664 0.7989152262878813
  endloop
endfacet
facet normal -0.96775 -0.222836 -0.117492
  outer loop
    vertex 0.1641147438290851 -1.122896696707869 -0.5028376989637466
    vertex 0.1291090834608077 -0.9685221878686726 -0.5072926866093787
    vertex 0.1627878576249939 -1.043410165881666 -0.6426625778404865
  endloop
endfacet
facet normal -0.981058 0.0170053 0.192967
  outer loop
    vertex 0.09949284277248882 0.00440974185702311 0.9613015332315729
    vertex 0.09938817986186166 0.1640693910883498 0.9466993078685684
    vertex 0.07158426685145347 0.07189942886244011 0.813464778104543
  endloop
endfacet
facet normal -0.97665 -0.156958 0.146695
  outer loop
    vertex 0.1300955850736321 -0.8117952525609643 0.7384950509096687
    vertex 0.1034382581846014 -0.6541766431171259 0.7296650783264538
    vertex 0.09794639904969404 -0.7438539075773848 0.5971507951043616
  endloop
endfacet
facet normal -0.962692 -0.23907 -0.126769
  outer loop
    vertex 0.2011205220116574 -1.199542571657912 -0.6393179107041469
    vertex 0.1641147438290851 -1.122896696707869 -0.5028376989637466
    vertex 0.1627878576249939 -1.043410165881666 -0.6426625778404865
  endloop
endfacet
facet normal -0.949542 -0.298307 0.0968656
  outer loop
    vertex 0.2101897196344025 -1.301480706307713 0.4849611354043065
    vertex 0.2234252267074233 -1.387558484709615 0.3496197403823784
    vertex 0.2711863411980424 -1.491320238476433 0.4982620280105631
  endloop
endfacet
facet normal -0.961843 -0.255867 -0.0969068
  outer loop
    vertex 0.2051125376796135 -1.278402962653319 -0.4991695034700332
    vertex 0.1707477941742921 -1.201035050343046 -0.3623618920106101
    vertex 0.1641147438290851 -1.122896696707869 -0.5028376989637466
  endloop
endfacet
facet normal -0.952899 -0.0302295 0.301778
  outer loop
    vertex 0.2392331596598956 -0.2158881689456147 1.46356853275944
    vertex 0.2284745869720695 -0.05748045284690723 1.445465007609955
    vertex 0.1968672032356169 -0.1685578017857335 1.334534189252066
  endloop
endfacet
facet normal -0.987635 -0.151583 -0.039995
  outer loop
    vertex 0.0730009448283635 -0.7919845459460725 -0.2296728344765129
    vertex 0.05461118660397446 -0.7074573381005335 -0.0959199179847557
    vertex 0.04917859647719247 -0.6347012434960309 -0.2375176312649485
  endloop
endfacet
facet normal -0.988332 -0.152302 -0.00216205
  outer loop
    vertex 0.06537817179998573 -0.7793411561329769 0.0459375470972212
    vertex 0.04403273765349613 -0.6406275775136091 0.03206180729891805
    vertex 0.05461118660397446 -0.7074573381005335 -0.0959199179847557
  endloop
endfacet
facet normal -0.998669 -0.0174128 0.048554
  outer loop
    vertex 0.007912400662592134 -0.000758866016851927 0.2724277022962334
    vertex 0.002627781146965269 -0.07922907339414287 0.1355910489185482
    vertex 0.0108486718296037 -0.1608902720778655 0.2753938780586773
  endloop
endfacet
facet normal -0.96945 -0.188506 -0.156947
  outer loop
    vertex 0.136417916512614 -0.8051484849610027 -0.7834476280240312
    vertex 0.1666871929056688 -0.9626388650939655 -0.7812604077333399
    vertex 0.1298111109219473 -0.8863899387077389 -0.6450602290886905
  endloop
endfacet
facet normal -0.985383 -0.120895 -0.120018
  outer loop
    vertex 0.08134732853255588 -0.572459110978627 -0.6552447093995536
    vertex 0.0728160689712789 -0.64491777451577 -0.5122124329824181
    vertex 0.05431398980617974 -0.4867647809282144 -0.5196141954004853
  endloop
endfacet
facet normal -0.954935 0.00303517 0.2968
  outer loop
    vertex 0.2284745869720695 -0.05748045284690723 1.445465007609955
    vertex 0.2202601169217111 0.1008714463101554 1.417416084941386
    vertex 0.1864877014893418 -0.01046369213068746 1.309893924095329
  endloop
endfacet
facet normal -0.97888 0.0843652 0.186217
  outer loop
    vertex 0.10455996881503 0.3230525958531154 0.9307482519326629
    vertex 0.1141531618002549 0.4798936190849086 0.9101198944979881
    vertex 0.08220707236425273 0.3889611655727115 0.7833867262538672
  endloop
endfacet
facet normal -0.959243 0.214906 -0.183491
  outer loop
    vertex 0.208922483563545 1.005506363754398 -0.9521716439323856
    vertex 0.1663135700026972 0.9326554944481383 -0.8147466217051618
    vertex 0.2011094309301775 1.088128256339711 -0.8145593963808669
  endloop
endfacet
facet normal -0.974817 -0.138115 0.175087
  outer loop
    vertex 0.1390025082564952 -0.7241278783267339 0.8724934759290504
    vertex 0.1142548455940942 -0.5636039341311273 0.8613350539473124
    vertex 0.1034382581846014 -0.6541766431171259 0.7296650783264538
  endloop
endfacet
facet normal -0.982019 -0.0548773 -0.180631
  outer loop
    vertex 0.1020812297102935 -0.2598716185378702 -0.9382773218476698
    vertex 0.0808306716953151 -0.3360161886179339 -0.7996134711479289
    vertex 0.07296214773590304 -0.176693609118176 -0.805239060161431
  endloop
endfacet
facet normal -0.94841 0.115791 -0.295145
  outer loop
    vertex 0.2208589814513182 0.4635281432870513 -1.34526685708146
    vertex 0.2375845078939607 0.6216038532750671 -1.336995921612814
    vertex 0.2701137878704039 0.5414150601263937 -1.472984213099521
  endloop
endfacet
facet normal -0.999253 -0.00010384 0.0386506
  outer loop
    vertex 0.002634425667027429 0.07859809576136684 0.1361868584739655
    vertex 0.002627781146965269 -0.07922907339414287 0.1355910489185482
    vertex 0.007912400662592134 -0.000758866016851927 0.2724277022962334
  endloop
endfacet
facet normal -0.999253 -0.000106901 -0.0386435
  outer loop
    vertex 0.007910239056965196 -0.0008139888390108557 -0.2723903591524614
    vertex 0.002625779346388413 -0.07922064488766717 -0.1355266986775272
    vertex 0.002634425667027429 0.07859809576136795 -0.1361868584739672
  endloop
endfacet
facet normal -0.959864 -0.272365 -0.0669148
  outer loop
    vertex 0.2144072254835994 -1.355864374817451 -0.3584319881877767
    vertex 0.1826746925915037 -1.277712714168298 -0.2213451057733153
    vertex 0.1707477941742921 -1.201035050343046 -0.3623618920106101
  endloop
endfacet
facet normal -0.96232 0.0297918 -0.270283
  outer loop
    vertex 0.1676356667505043 0.2199207120214123 -1.22362709841581
    vertex 0.2027711528876406 0.1421973065606347 -1.357290983776917
    vertex 0.1632861276795881 0.05915472458845084 -1.225861276204084
  endloop
endfacet
facet normal -0.951925 0.0818168 -0.295204
  outer loop
    vertex 0.2092146252315423 0.30288825352277 -1.352239995420867
    vertex 0.2208589814513182 0.4635281432870513 -1.34526685708146
    vertex 0.2531129475674554 0.3866447394661207 -1.470582677169375
  endloop
endfacet
facet normal -0.955442 0.0371733 0.292829
  outer loop
    vertex 0.2202601169217111 0.1008714463101554 1.417416084941386
    vertex 0.2173399164434988 0.2589833808011283 1.387816499677616
    vertex 0.1848704697028678 0.150525776740011 1.295643429129035
  endloop
endfacet
facet normal -0.950095 -0.0891876 -0.29894
  outer loop
    vertex 0.2631398461159673 -0.4180566731653505 -1.492075831442713
    vertex 0.2282525509441102 -0.4995913292349641 -1.3568708761315
    vertex 0.2133942414204411 -0.3399489377687488 -1.357276713513243
  endloop
endfacet
facet normal -0.953047 -0.0552954 -0.29773
  outer loop
    vertex 0.2481544441048715 -0.2604910353158083 -1.483303098749144
    vertex 0.2133942414204411 -0.3399489377687488 -1.357276713513243
    vertex 0.2047267659807153 -0.1793610233697524 -1.359356652339845
  endloop
endfacet
facet normal -0.982988 0.081435 -0.164629
  outer loop
    vertex 0.08131731822107291 0.3016322946406381 -0.8159633402199803
    vertex 0.06583157649810012 0.3847362603482484 -0.6823913007636344
    vertex 0.0947435964450003 0.4606480734565059 -0.817472285805365
  endloop
endfacet
facet normal -0.971566 0.167631 0.167212
  outer loop
    vertex 0.1512169823754022 0.7942369283737911 0.8751662202075929
    vertex 0.1385342583423306 0.8628346243665853 0.7327049752293505
    vertex 0.1139707713070885 0.703916052347516 0.7492981125105278
  endloop
endfacet
facet normal -0.997462 -0.0170094 0.0691384
  outer loop
    vertex 0.007912400662592134 -0.000758866016851927 0.2724277022962334
    vertex 0.0108486718296037 -0.1608902720778655 0.2753938780586773
    vertex 0.01945995025160929 -0.08221866287246875 0.4189839170943451
  endloop
endfacet
facet normal -0.948406 -0.296942 0.111139
  outer loop
    vertex 0.2101897196344025 -1.301480706307713 0.4849611354043065
    vertex 0.2711863411980424 -1.491320238476433 0.4982620280105631
    vertex 0.2491452068412947 -1.373896397172179 0.6239076282031025
  endloop
endfacet
facet normal -0.986546 -0.136715 -0.0896466
  outer loop
    vertex 0.0728160689712789 -0.64491777451577 -0.5122124329824181
    vertex 0.07023608775287116 -0.7188196632572433 -0.3711165966355038
    vertex 0.04907773236645596 -0.5611178495743966 -0.3787744328549468
  endloop
endfacet
facet normal -0.976049 0.134121 0.171292
  outer loop
    vertex 0.1303601827058039 0.6381166158938496 0.8942084379442145
    vertex 0.1139707713070885 0.703916052347516 0.7492981125105278
    vertex 0.09545395987284166 0.5467304491460522 0.7668618141591158
  endloop
endfacet
facet normal -0.956757 -0.288547 -0.0368217
  outer loop
    vertex 0.2290066935612129 -1.431864071736338 -0.2172331746965634
    vertex 0.1998942499323864 -1.352857750051806 -0.0799089261846644
    vertex 0.1826746925915037 -1.277712714168298 -0.2213451057733153
  endloop
endfacet
facet normal -0.985909 -0.166998 -0.00979294
  outer loop
    vertex 0.08111094395817009 -0.8643708456343659 -0.08796235375462359
    vertex 0.06537817179998573 -0.7793411561329769 0.0459375470972212
    vertex 0.05461118660397446 -0.7074573381005335 -0.0959199179847557
  endloop
endfacet
facet normal -0.979773 -0.0888023 -0.179327
  outer loop
    vertex 0.1126305804497338 -0.4190830976442004 -0.9322215792195048
    vertex 0.09402684154132412 -0.4950773583138415 -0.7929454870143338
    vertex 0.0808306716953151 -0.3360161886179339 -0.7996134711479289
  endloop
endfacet
facet normal -0.974992 -0.193398 0.10949
  outer loop
    vertex 0.1297744042345093 -0.9892588924477893 0.4720398286069467
    vertex 0.1272674538237268 -0.9010067212709074 0.6055999392571458
    vertex 0.09777973219810221 -0.8325725615353825 0.4638950567520913
  endloop
endfacet
facet normal -0.979091 0.0635945 -0.193226
  outer loop
    vertex 0.1132203614761567 0.3776905477344341 -0.9525865364181549
    vertex 0.1033751481672454 0.2193689479775151 -0.954806817827097
    vertex 0.08131731822107291 0.3016322946406381 -0.8159633402199803
  endloop
endfacet
facet normal -0.976046 -0.0845514 0.20046
  outer loop
    vertex 0.129855398727825 -0.4732532701054713 0.9890527943101906
    vertex 0.1136764092416032 -0.3127421559826388 0.9779782270232755
    vertex 0.09558694098647447 -0.4051105947309577 0.8509404370121358
  endloop
endfacet
facet normal -0.975064 0.182965 -0.125595
  outer loop
    vertex 0.09758515083869312 0.7809524586181229 -0.5447020054649874
    vertex 0.1267511118764553 0.9375320866631447 -0.543030229535081
    vertex 0.129421038150328 0.8573179649315834 -0.6806136377103491
  endloop
endfacet
facet normal -0.952738 -0.30376 -0.00451162
  outer loop
    vertex 0.2459323969679863 -1.497240077929893 -0.08095406980586584
    vertex 0.2243479021537818 -1.431854052736608 0.07480124531199915
    vertex 0.1998942499323864 -1.352857750051806 -0.0799089261846644
  endloop
endfacet
facet normal -0.968283 0.216233 -0.125187
  outer loop
    vertex 0.1267511118764553 0.9375320866631447 -0.543030229535081
    vertex 0.1612238808162738 1.09323460539167 -0.5407240573117496
    vertex 0.1612632943378713 1.013457054923373 -0.6788272993261302
  endloop
endfacet
facet normal -0.950348 -0.121101 0.286658
  outer loop
    vertex 0.2586240030843516 -0.6393316303309516 1.397239817512466
    vertex 0.2298070057019066 -0.4801542247006894 1.368949549384768
    vertex 0.2097931596442626 -0.5843001743410945 1.258600953654436
  endloop
endfacet
facet normal -0.984982 -0.108826 0.134041
  outer loop
    vertex 0.05551012770508379 -0.4625047276529301 0.5514761821607862
    vertex 0.0760951185903247 -0.5964216739966268 0.5940172337702313
    vertex 0.08211639970458062 -0.4958354081608917 0.7199281089526551
  endloop
endfacet
facet normal -0.980745 0.0298204 -0.193001
  outer loop
    vertex 0.1033751481672454 0.2193689479775151 -0.954806817827097
    vertex 0.09825621581219846 0.05915469045424367 -0.9535492338905645
    vertex 0.07320453787969416 0.1422857818049876 -0.8134035976297092
  endloop
endfacet
facet normal -0.950001 0.217843 -0.2237
  outer loop
    vertex 0.2671622841362788 1.103458899399943 -1.104114515023107
    vertex 0.2250014894277994 0.9302201486817683 -1.09377044538241
    vertex 0.208922483563545 1.005506363754398 -0.9521716439323856
  endloop
endfacet
facet normal -0.996447 0.083661 -0.0096746
  outer loop
    vertex 0.02369209163884545 0.4710151830683714 -2.091727604762333e-16
    vertex 0.01841381959538602 0.3923981387016302 -0.1361979720442686
    vertex 0.01053474555415423 0.3143041575439234 -1.395790849762823e-16
  endloop
endfacet
facet normal -0.981374 -0.00374289 -0.192071
  outer loop
    vertex 0.09825621581219846 0.05915469045424367 -0.9535492338905645
    vertex 0.09686965813320114 -0.1004578663491793 -0.9433543676925413
    vertex 0.07041770020874871 -0.01722005109186264 -0.8098222665235835
  endloop
endfacet
facet normal -0.99869 -0.033732 -0.0384883
  outer loop
    vertex 0.01055593881705974 -0.158627346669906 -0.2717038451530417
    vertex 0.007922752484375906 -0.2370161556594874 -0.1346766042127992
    vertex 0.002625779346388413 -0.07922064488766717 -0.1355266986775272
  endloop
endfacet
facet normal -0.996391 -0.0511841 0.0677206
  outer loop
    vertex 0.0108486718296037 -0.1608902720778655 0.2753938780586773
    vertex 0.01853564497665605 -0.3170162829124416 0.2704922071807833
    vertex 0.02383181471853568 -0.2384278637794881 0.4078143065114826
  endloop
endfacet
facet normal -0.996447 0.083661 0.009673
  outer loop
    vertex 0.01053474555415423 0.3143041575439234 -1.395790849762823e-16
    vertex 0.0184261974092097 0.39254945023003 0.1361868584383785
    vertex 0.02369209163884545 0.4710151830683714 -2.091727604762333e-16
  endloop
endfacet
facet normal -0.953575 0.231216 -0.192961
  outer loop
    vertex 0.2463484371851141 1.16177086687768 -0.9498793391674289
    vertex 0.208922483563545 1.005506363754398 -0.9521716439323856
    vertex 0.2011094309301775 1.088128256339711 -0.8145593963808669
  endloop
endfacet
facet normal -0.954953 -0.142583 0.260261
  outer loop
    vertex 0.2378230661079073 -0.7389877509403427 1.276703831432716
    vertex 0.2097931596442626 -0.5843001743410945 1.258600953654436
    vertex 0.1904800723199322 -0.6847549639065346 1.132703317016161
  endloop
endfacet
facet normal -0.974957 -0.174491 0.137883
  outer loop
    vertex 0.1272674538237268 -0.9010067212709074 0.6055999392571458
    vertex 0.1300955850736321 -0.8117952525609643 0.7384950509096687
    vertex 0.09794639904969404 -0.7438539075773848 0.5971507951043616
  endloop
endfacet
facet normal -0.967696 0.214616 0.132303
  outer loop
    vertex 0.1667621666827364 1.015753601617808 0.7113120756376341
    vertex 0.1611758758926287 1.080271248168421 0.5657943576209512
    vertex 0.1295540731704463 0.9254356594373208 0.5856725283605823
  endloop
endfacet
facet normal -0.986525 -0.15239 -0.0595432
  outer loop
    vertex 0.07023608775287116 -0.7188196632572433 -0.3711165966355038
    vertex 0.0730009448283635 -0.7919845459460725 -0.2296728344765129
    vertex 0.04917859647719247 -0.6347012434960309 -0.2375176312649485
  endloop
endfacet
facet normal -0.983044 -0.182227 0.0204518
  outer loop
    vertex 0.09457050686900992 -0.9359257128428868 0.05393035930680501
    vertex 0.08148760446096315 -0.8503057865338547 0.1879605619934246
    vertex 0.06537817179998573 -0.7793411561329769 0.0459375470972212
  endloop
endfacet
facet normal -0.993086 0.116994 -0.009673
  outer loop
    vertex 0.04209169494424536 0.6271974992092217 -2.78531641843782e-16
    vertex 0.03420024307965264 0.5489522064218794 -0.1361868584739674
    vertex 0.02369209163884545 0.4710151830683714 -2.091727604762333e-16
  endloop
endfacet
facet normal -0.993086 0.116994 0.009673
  outer loop
    vertex 0.02369209163884545 0.4710151830683714 -2.091727604762333e-16
    vertex 0.03420024307965264 0.5489522064218788 0.1361868584739661
    vertex 0.04209169494424536 0.6271974992092217 -2.78531641843782e-16
  endloop
endfacet
facet normal -0.998691 0.0502342 0.009673
  outer loop
    vertex 0.002634425667027429 0.1572403290454508 -6.982873348236397e-17
    vertex 0.007900319887130358 0.2357060617826111 0.1361868584739958
    vertex 0.01053474555415423 0.3143041575439234 -1.395790849762823e-16
  endloop
endfacet
facet normal -0.988609 0.150195 -0.009689
  outer loop
    vertex 0.06571290211718583 0.7826757930273928 -3.475778744943352e-16
    vertex 0.05515886779005896 0.7044150258030821 -0.1362988986253363
    vertex 0.04209169494424536 0.6271974992092217 -2.78531641843782e-16
  endloop
endfacet
facet normal -0.959685 -0.255762 -0.116579
  outer loop
    vertex 0.2011205220116574 -1.199542571657912 -0.6393179107041469
    vertex 0.2051125376796135 -1.278402962653319 -0.4991695034700332
    vertex 0.1641147438290851 -1.122896696707869 -0.5028376989637466
  endloop
endfacet
facet normal -0.994768 0.100311 -0.0193503
  outer loop
    vertex 0.03420024307965264 0.5489522064218794 -0.1361868584739674
    vertex 0.01841381959538602 0.3923981387016302 -0.1361979720442686
    vertex 0.02369209163884545 0.4710151830683714 -2.091727604762333e-16
  endloop
endfacet
facet normal -0.952397 0.289665 0.0950509
  outer loop
    vertex 0.2390872061639708 1.383119566721764 0.5237560940229979
    vertex 0.234896248503615 1.414655785879516 0.3856575704154859
    vertex 0.2002150655429205 1.296445445714442 0.3983994554712107
  endloop
endfacet
facet normal -0.948705 -0.0662955 0.309134
  outer loop
    vertex 0.26516822364548 -0.385625204701355 1.506759856316453
    vertex 0.2392331596598956 -0.2158881689456147 1.46356853275944
    vertex 0.2132209027968361 -0.3259358924126847 1.360138901702246
  endloop
endfacet
facet normal -0.95978 -0.0212915 -0.279943
  outer loop
    vertex 0.2005522718564103 -0.01864800596262023 -1.357267717092122
    vertex 0.2047267659807153 -0.1793610233697524 -1.359356652339845
    vertex 0.1637184299112091 -0.1017282611590392 -1.224664653245701
  endloop
endfacet
facet normal -0.99869 -0.0169528 -0.0482725
  outer loop
    vertex 0.007910239056965196 -0.0008139888390108557 -0.2723903591524614
    vertex 0.01055593881705974 -0.158627346669906 -0.2717038451530417
    vertex 0.002625779346388413 -0.07922064488766717 -0.1355266986775272
  endloop
endfacet
facet normal -0.980879 -0.038145 -0.190843
  outer loop
    vertex 0.09686965813320114 -0.1004578663491793 -0.9433543676925413
    vertex 0.1020812297102935 -0.2598716185378702 -0.9382773218476698
    vertex 0.07296214773590304 -0.176693609118176 -0.805239060161431
  endloop
endfacet
facet normal -0.967572 -0.205449 -0.146953
  outer loop
    vertex 0.1666871929056688 -0.9626388650939655 -0.7812604077333399
    vertex 0.1627878576249939 -1.043410165881666 -0.6426625778404865
    vertex 0.1298111109219473 -0.8863899387077389 -0.6450602290886905
  endloop
endfacet
facet normal -0.979612 0.115222 -0.16457
  outer loop
    vertex 0.1134097189487022 0.6188705254093038 -0.8178051528171099
    vertex 0.0947435964450003 0.4606480734565059 -0.817472285805365
    vertex 0.08158910627088822 0.5428382854635714 -0.6816245487236635
  endloop
endfacet
facet normal -0.95827 -0.272416 -0.0866502
  outer loop
    vertex 0.2051125376796135 -1.278402962653319 -0.4991695034700332
    vertex 0.2144072254835994 -1.355864374817451 -0.3584319881877767
    vertex 0.1707477941742921 -1.201035050343046 -0.3623618920106101
  endloop
endfacet
facet normal -0.973746 -0.155365 0.166372
  outer loop
    vertex 0.1300955850736321 -0.8117952525609643 0.7384950509096687
    vertex 0.1390025082564952 -0.7241278783267339 0.8724934759290504
    vertex 0.1034382581846014 -0.6541766431171259 0.7296650783264538
  endloop
endfacet
facet normal -0.979039 -0.197257 0.0507175
  outer loop
    vertex 0.1133872217548841 -1.006588244213384 0.1959081543597053
    vertex 0.102949881370467 -0.9202987627992608 0.3300369758763763
    vertex 0.08148760446096315 -0.8503057865338547 0.1879605619934246
  endloop
endfacet
facet normal -0.960355 0.247538 0.128233
  outer loop
    vertex 0.2019476562354461 1.172766414849794 0.6925895520064482
    vertex 0.1980824682648255 1.234174441566209 0.5451012558482895
    vertex 0.1611758758926287 1.080271248168421 0.5657943576209512
  endloop
endfacet
facet normal -0.96037 0.24931 -0.124633
  outer loop
    vertex 0.1612238808162738 1.09323460539167 -0.5407240573117496
    vertex 0.2009958816152047 1.247960300616237 -0.5376847413557313
    vertex 0.1984159692839107 1.168681465267524 -0.6763905471817152
  endloop
endfacet
facet normal -0.976037 0.118341 0.182612
  outer loop
    vertex 0.1141531618002549 0.4798936190849086 0.9101198944979881
    vertex 0.1303601827058039 0.6381166158938496 0.8942084379442145
    vertex 0.09545395987284166 0.5467304491460522 0.7668618141591158
  endloop
endfacet
facet normal -0.97888 -0.20262 -0.0271676
  outer loop
    vertex 0.08111094395817009 -0.8643708456343659 -0.08796235375462359
    vertex 0.1036548865905198 -0.9549982578811832 -0.2243330922184632
    vertex 0.1166152076761353 -1.03633389444105 -0.08469474123771571
  endloop
endfacet
facet normal -0.976103 -0.102398 0.191669
  outer loop
    vertex 0.1142548455940942 -0.5636039341311273 0.8613350539473124
    vertex 0.129855398727825 -0.4732532701054713 0.9890527943101906
    vertex 0.09558694098647447 -0.4051105947309577 0.8509404370121358
  endloop
endfacet
facet normal -0.976239 0.097641 -0.19345
  outer loop
    vertex 0.1292716580243036 0.5365012667922144 -0.9534315394209232
    vertex 0.1132203614761567 0.3776905477344341 -0.9525865364181549
    vertex 0.0947435964450003 0.4606480734565059 -0.817472285805365
  endloop
endfacet
facet normal -0.985366 -0.1679 -0.0293719
  outer loop
    vertex 0.0730009448283635 -0.7919845459460725 -0.2296728344765129
    vertex 0.08111094395817009 -0.8643708456343659 -0.08796235375462359
    vertex 0.05461118660397446 -0.7074573381005335 -0.0959199179847557
  endloop
endfacet
facet normal -0.94918 0.300621 -0.0931885
  outer loop
    vertex 0.2101774078938945 1.329626064915088 -0.4012772788680191
    vertex 0.2592371328584928 1.488347305745321 -0.3889534191608479
    vertex 0.2443917907837774 1.39781166678832 -0.5298079371884734
  endloop
endfacet
facet normal -0.981852 0.132631 -0.135555
  outer loop
    vertex 0.1028636253586503 0.7004388050727122 -0.6815186696403288
    vertex 0.08158910627088822 0.5428382854635714 -0.6816245487236635
    vertex 0.07375365869502559 0.6242354726081158 -0.5452293734420252
  endloop
endfacet
facet normal -0.94866 -0.0730892 -0.307738
  outer loop
    vertex 0.2481544441048715 -0.2604910353158083 -1.483303098749144
    vertex 0.2631398461159673 -0.4180566731653505 -1.492075831442713
    vertex 0.2133942414204411 -0.3399489377687488 -1.357276713513243
  endloop
endfacet
facet normal -0.994162 -0.0844265 0.067186
  outer loop
    vertex 0.01853564497665605 -0.3170162829124416 0.2704922071807833
    vertex 0.0318437261365947 -0.4750052846649175 0.2688837832061627
    vertex 0.03448404723378218 -0.39649312501022 0.4066120890078311
  endloop
endfacet
facet normal -0.997572 0.0669081 -0.0193455
  outer loop
    vertex 0.01841381959538602 0.3923981387016302 -0.1361979720442686
    vertex 0.007883693030251493 0.2354279856113116 -0.136095717804045
    vertex 0.01053474555415423 0.3143041575439234 -1.395790849762823e-16
  endloop
endfacet
facet normal -0.955725 -0.288764 -0.0566076
  outer loop
    vertex 0.2144072254835994 -1.355864374817451 -0.3584319881877767
    vertex 0.2290066935612129 -1.431864071736338 -0.2172331746965634
    vertex 0.1826746925915037 -1.277712714168298 -0.2213451057733153
  endloop
endfacet
facet normal -0.947243 0.0993219 -0.304739
  outer loop
    vertex 0.2208589814513182 0.4635281432870513 -1.34526685708146
    vertex 0.2701137878704039 0.5414150601263937 -1.472984213099521
    vertex 0.2531129475674554 0.3866447394661207 -1.470582677169375
  endloop
endfacet
facet normal -0.959898 0.0132014 -0.280038
  outer loop
    vertex 0.2027711528876406 0.1421973065606347 -1.357290983776917
    vertex 0.2005522718564103 -0.01864800596262023 -1.357267717092122
    vertex 0.1632861276795881 0.05915472458845084 -1.225861276204084
  endloop
endfacet
facet normal -0.996384 -0.03347 0.0780923
  outer loop
    vertex 0.0108486718296037 -0.1608902720778655 0.2753938780586773
    vertex 0.02383181471853568 -0.2384278637794881 0.4078143065114826
    vertex 0.01945995025160929 -0.08221866287246875 0.4189839170943451
  endloop
endfacet
facet normal -0.998691 0.0502342 -0.00966011
  outer loop
    vertex 0.01053474555415423 0.3143041575439234 -1.395790849762823e-16
    vertex 0.007883693030251493 0.2354279856113116 -0.136095717804045
    vertex 0.002634425667027429 0.1572403290454508 -6.982873348236397e-17
  endloop
endfacet
facet normal -0.968094 0.137168 0.209709
  outer loop
    vertex 0.1303601827058039 0.6381166158938496 0.8942084379442145
    vertex 0.1518341662530052 0.5690416937229392 1.038521411774042
    vertex 0.1699619186011843 0.7271798181128026 1.018769334932611
  endloop
endfacet
facet normal -0.973892 -0.212078 0.0809792
  outer loop
    vertex 0.1375688677198434 -1.076288249656107 0.337857109836129
    vertex 0.1297744042345093 -0.9892588924477893 0.4720398286069467
    vertex 0.102949881370467 -0.9202987627992608 0.3300369758763763
  endloop
endfacet
facet normal -0.996998 -0.000203396 -0.0774317
  outer loop
    vertex 0.007910239056965196 -0.0008139888390108557 -0.2723903591524614
    vertex 0.0185107618566045 0.07797264683256659 -0.4090879467777633
    vertex 0.01850556321992514 -0.08015926915005768 -0.4086056315021351
  endloop
endfacet
facet normal -0.9792 -0.0720955 -0.189655
  outer loop
    vertex 0.1020812297102935 -0.2598716185378702 -0.9382773218476698
    vertex 0.1126305804497338 -0.4190830976442004 -0.9322215792195048
    vertex 0.0808306716953151 -0.3360161886179339 -0.7996134711479289
  endloop
endfacet
facet normal -0.976527 0.0527203 0.208841
  outer loop
    vertex 0.09938817986186166 0.1640693910883498 0.9466993078685684
    vertex 0.1302865813639684 0.2548769956223 1.068254413680421
    vertex 0.10455996881503 0.3230525958531154 0.9307482519326629
  endloop
endfacet
facet normal -0.999813 0.016751 -0.009673
  outer loop
    vertex 0.002634425667027429 0.1572403290454508 -6.982873348236397e-17
    vertex 0.002634425667027429 0.07859809576136795 -0.1361868584739672
    vertex 0 5.748369610518e-16 -2.552788918261e-31
  endloop
endfacet
facet normal -0.999813 0.016751 0.009673
  outer loop
    vertex 0 5.748369610518e-16 -2.552788918261e-31
    vertex 0.002634425667027429 0.07859809576136684 0.1361868584739655
    vertex 0.002634425667027429 0.1572403290454508 -6.982873348236397e-17
  endloop
endfacet
facet normal -0.958969 0.0472403 -0.279548
  outer loop
    vertex 0.1676356667505043 0.2199207120214123 -1.22362709841581
    vertex 0.2092146252315423 0.30288825352277 -1.352239995420867
    vertex 0.2027711528876406 0.1421973065606347 -1.357290983776917
  endloop
endfacet
facet normal -0.950703 -0.224368 -0.214062
  outer loop
    vertex 0.2083644503429047 -1.037762435459935 -0.9141756780349619
    vertex 0.2250593265056811 -0.9734922736840288 -1.055686050869455
    vertex 0.2613953282313553 -1.126643105782817 -1.05653909390102
  endloop
endfacet
facet normal -0.97474 0.0367799 0.220295
  outer loop
    vertex 0.1264697940285844 0.09475080360035379 1.078100555976574
    vertex 0.1302865813639684 0.2548769956223 1.068254413680421
    vertex 0.09938817986186166 0.1640693910883498 0.9466993078685684
  endloop
endfacet
facet normal -0.996619 0.0310333 0.0760801
  outer loop
    vertex 0.01850178487782106 0.0778265498624516 0.4090131638087551
    vertex 0.02118856759287358 0.2267919624598186 0.3834455440024813
    vertex 0.01055081581779671 0.1569749900292027 0.2725738093163435
  endloop
endfacet
facet normal -0.975149 -0.0491661 0.216027
  outer loop
    vertex 0.1136764092416032 -0.3127421559826388 0.9779782270232755
    vertex 0.1363761251890052 -0.2224484627352579 1.100995014500291
    vertex 0.1036579647615534 -0.1545716703081889 0.9687532537587347
  endloop
endfacet
facet normal -0.952914 0.141974 0.267951
  outer loop
    vertex 0.1953506529950602 0.6582621969901415 1.167236849390537
    vertex 0.2255653079323539 0.5888884304480181 1.311446798825327
    vertex 0.2434687721869038 0.7529188091940293 1.288205093635272
  endloop
endfacet
facet normal -0.966164 -0.188145 -0.176434
  outer loop
    vertex 0.136417916512614 -0.8051484849610027 -0.7834476280240312
    vertex 0.1759937336154858 -0.8810963537939196 -0.9191786515659511
    vertex 0.1666871929056688 -0.9626388650939655 -0.7812604077333399
  endloop
endfacet
facet normal -0.95244 -0.3035 -0.0273035
  outer loop
    vertex 0.2290066935612129 -1.431864071736338 -0.2172331746965634
    vertex 0.2459323969679863 -1.497240077929893 -0.08095406980586584
    vertex 0.1998942499323864 -1.352857750051806 -0.0799089261846644
  endloop
endfacet
facet normal -0.957739 0.0696572 0.279076
  outer loop
    vertex 0.2173399164434988 0.2589833808011283 1.387816499677616
    vertex 0.2200501881787895 0.4182037293774434 1.357376407634272
    vertex 0.1692699957781612 0.3029090275923127 1.211885578715483
  endloop
endfacet
facet normal -0.959049 0.155991 0.236413
  outer loop
    vertex 0.1699619186011843 0.7271798181128026 1.018769334932611
    vertex 0.1953506529950602 0.6582621969901415 1.167236849390537
    vertex 0.2153041951314965 0.8164123333544082 1.143830288356211
  endloop
endfacet
facet normal -0.98587 0.0646603 -0.154527
  outer loop
    vertex 0.05476859991441785 0.2252913804897417 -0.6785284493792511
    vertex 0.06583157649810012 0.3847362603482484 -0.6823913007636344
    vertex 0.08131731822107291 0.3016322946406381 -0.8159633402199803
  endloop
endfacet
facet normal -0.948595 -0.21799 0.229451
  outer loop
    vertex 0.2117279038790443 -0.941471853416727 1.02784301329471
    vertex 0.2615078024120283 -1.120149790671968 1.063889591648878
    vertex 0.2591861263919286 -0.996650952365484 1.17162150388983
  endloop
endfacet
facet normal -0.969352 0.199077 0.143964
  outer loop
    vertex 0.1385342583423306 0.8628346243665853 0.7327049752293505
    vertex 0.1667621666827364 1.015753601617808 0.7113120756376341
    vertex 0.1295540731704463 0.9254356594373208 0.5856725283605823
  endloop
endfacet
facet normal -0.991972 0.0999796 -0.0774332
  outer loop
    vertex 0.04999616020060849 0.547410618744796 -0.4088960151210938
    vertex 0.03413832795669869 0.390199286010003 -0.408733271160423
    vertex 0.03156037723429783 0.4701551158231662 -0.2724713178561588
  endloop
endfacet
facet normal -0.949562 -0.0848786 0.301873
  outer loop
    vertex 0.2298070057019066 -0.4801542247006894 1.368949549384768
    vertex 0.26516822364548 -0.385625204701355 1.506759856316453
    vertex 0.2132209027968361 -0.3259358924126847 1.360138901702246
  endloop
endfacet
facet normal -0.983069 -0.183232 0.000849537
  outer loop
    vertex 0.08111094395817009 -0.8643708456343659 -0.08796235375462359
    vertex 0.09457050686900992 -0.9359257128428868 0.05393035930680501
    vertex 0.06537817179998573 -0.7793411561329769 0.0459375470972212
  endloop
endfacet
facet normal -0.999813 -0.01685 0.0095307
  outer loop
    vertex 0 5.748369610518e-16 -2.552788918261e-31
    vertex 0.002631138884008344 -0.1571320752086331 -0.001787082564878322
    vertex 0.002627781146965269 -0.07922907339414287 0.1355910489185482
  endloop
endfacet
facet normal -0.994766 0.100327 0.0193406
  outer loop
    vertex 0.02369209163884545 0.4710151830683714 -2.091727604762333e-16
    vertex 0.0184261974092097 0.39254945023003 0.1361868584383785
    vertex 0.03420024307965264 0.5489522064218788 0.1361868584739661
  endloop
endfacet
facet normal -0.950034 -0.139468 0.279257
  outer loop
    vertex 0.2378230661079073 -0.7389877509403427 1.276703831432716
    vertex 0.2586240030843516 -0.6393316303309516 1.397239817512466
    vertex 0.2097931596442626 -0.5843001743410945 1.258600953654436
  endloop
endfacet
facet normal -0.999813 -3.09876e-05 0.0193585
  outer loop
    vertex 0 5.748369610518e-16 -2.552788918261e-31
    vertex 0.002627781146965269 -0.07922907339414287 0.1355910489185482
    vertex 0.002634425667027429 0.07859809576136684 0.1361868584739655
  endloop
endfacet
facet normal -0.997556 0.0163426 -0.0679385
  outer loop
    vertex 0.009599166546210292 0.1467756260824414 -0.2616865057511412
    vertex 0.0185107618566045 0.07797264683256659 -0.4090879467777633
    vertex 0.007910239056965196 -0.0008139888390108557 -0.2723903591524614
  endloop
endfacet
facet normal -0.997569 0.0669476 0.0193406
  outer loop
    vertex 0.01053474555415423 0.3143041575439234 -1.395790849762823e-16
    vertex 0.007900319887130358 0.2357060617826111 0.1361868584739958
    vertex 0.0184261974092097 0.39254945023003 0.1361868584383785
  endloop
endfacet
facet normal -0.994208 0.100256 -0.0387078
  outer loop
    vertex 0.03420024307965264 0.5489522064218794 -0.1361868584739674
    vertex 0.03156037723429783 0.4701551158231662 -0.2724713178561588
    vertex 0.01841381959538602 0.3923981387016302 -0.1361979720442686
  endloop
endfacet
facet normal -0.981387 -0.170261 -0.088832
  outer loop
    vertex 0.07023608775287116 -0.7188196632572433 -0.3711165966355038
    vertex 0.09865474931703933 -0.8103074286581053 -0.5097255802264429
    vertex 0.09675625734264148 -0.8758246768420933 -0.3631773048811464
  endloop
endfacet
facet normal -0.997564 0.0502395 0.0483877
  outer loop
    vertex 0.01055081581779671 0.1569749900292027 0.2725738093163435
    vertex 0.01847310402339719 0.3144610801812824 0.2723871866109236
    vertex 0.007900319887130358 0.2357060617826111 0.1361868584739958
  endloop
endfacet
facet normal -0.990391 0.0312592 -0.134716
  outer loop
    vertex 0.04932620017859435 0.06598218664405076 -0.6754833669737678
    vertex 0.03374130403125797 0.1497988893723597 -0.5414595378509135
    vertex 0.05476859991441785 0.2252913804897417 -0.6785284493792511
  endloop
endfacet
facet normal -0.967923 -0.208232 0.140585
  outer loop
    vertex 0.1272674538237268 -0.9010067212709074 0.6055999392571458
    vertex 0.1637652088101698 -1.062955408088413 0.6170103597728882
    vertex 0.1658374110631913 -0.9792577631834882 0.7552487232135917
  endloop
endfacet
facet normal -0.976385 -0.10599 -0.188252
  outer loop
    vertex 0.1126305804497338 -0.4190830976442004 -0.9322215792195048
    vertex 0.1285221913944605 -0.577976801226011 -0.9251840313886895
    vertex 0.09402684154132412 -0.4950773583138415 -0.7929454870143338
  endloop
endfacet
facet normal -0.959971 -0.238821 -0.146353
  outer loop
    vertex 0.2023772963717203 -1.119226716623299 -0.7786222252083103
    vertex 0.2011205220116574 -1.199542571657912 -0.6393179107041469
    vertex 0.1627878576249939 -1.043410165881666 -0.6426625778404865
  endloop
endfacet
facet normal -0.947386 0.0580299 0.314788
  outer loop
    vertex 0.2673540602074009 0.2104137093673601 1.547292578608172
    vertex 0.2617821985918329 0.3634037917613419 1.50232043471901
    vertex 0.2173399164434988 0.2589833808011283 1.387816499677616
  endloop
endfacet
facet normal -0.97725 0.0186813 0.211265
  outer loop
    vertex 0.09949284277248882 0.00440974185702311 0.9613015332315729
    vertex 0.1264697940285844 0.09475080360035379 1.078100555976574
    vertex 0.09938817986186166 0.1640693910883498 0.9466993078685684
  endloop
endfacet
facet normal -0.999813 -2.61892e-05 -0.0193557
  outer loop
    vertex 0.002634425667027429 0.07859809576136795 -0.1361868584739672
    vertex 0.002625779346388413 -0.07922064488766717 -0.1355266986775272
    vertex 0 5.748369610518e-16 -2.552788918261e-31
  endloop
endfacet
facet normal -0.982041 -0.138106 -0.128538
  outer loop
    vertex 0.08134732853255588 -0.572459110978627 -0.6552447093995536
    vertex 0.1019225707037386 -0.7282219121307698 -0.6450839833124866
    vertex 0.0728160689712789 -0.64491777451577 -0.5122124329824181
  endloop
endfacet
facet normal -0.937814 -0.335315 -0.0898225
  outer loop
    vertex 0.2677063257958467 -1.520928917032671 -0.3581647634385143
    vertex 0.2879274003268026 -1.53937487267657 -0.500427479562223
    vertex 0.3225041697505704 -1.650548036911341 -0.4464155946268261
  endloop
endfacet
facet normal -0.996958 -0.00111337 0.0779341
  outer loop
    vertex 0.007912400662592134 -0.000758866016851927 0.2724277022962334
    vertex 0.01945995025160929 -0.08221866287246875 0.4189839170943451
    vertex 0.01850178487782106 0.0778265498624516 0.4090131638087551
  endloop
endfacet
facet normal -0.99473 -0.0676224 0.077064
  outer loop
    vertex 0.01853564497665605 -0.3170162829124416 0.2704922071807833
    vertex 0.03448404723378218 -0.39649312501022 0.4066120890078311
    vertex 0.02383181471853568 -0.2384278637794881 0.4078143065114826
  endloop
endfacet
facet normal -0.99756 -0.0505863 -0.0481084
  outer loop
    vertex 0.01055593881705974 -0.158627346669906 -0.2717038451530417
    vertex 0.01851818102275438 -0.3164373201756632 -0.2708680106196948
    vertex 0.007922752484375906 -0.2370161556594874 -0.1346766042127992
  endloop
endfacet
facet normal -0.99417 -0.0171736 -0.106443
  outer loop
    vertex 0.03178596984984061 -0.001510040709557214 -0.5453326504566667
    vertex 0.03444269443798031 -0.1599483261570754 -0.5445836580400463
    vertex 0.01850556321992514 -0.08015926915005768 -0.4086056315021351
  endloop
endfacet
facet normal -0.979632 -0.198376 0.0311013
  outer loop
    vertex 0.09457050686900992 -0.9359257128428868 0.05393035930680501
    vertex 0.1133872217548841 -1.006588244213384 0.1959081543597053
    vertex 0.08148760446096315 -0.8503057865338547 0.1879605619934246
  endloop
endfacet
facet normal -0.947031 -0.0277551 0.319942
  outer loop
    vertex 0.2392331596598956 -0.2158881689456147 1.46356853275944
    vertex 0.2785606179888509 -0.1112301803913403 1.589057330190297
    vertex 0.2284745869720695 -0.05748045284690723 1.445465007609955
  endloop
endfacet
facet normal -0.948994 0.230444 -0.21519
  outer loop
    vertex 0.2463484371851141 1.16177086687768 -0.9498793391674289
    vertex 0.2671622841362788 1.103458899399943 -1.104114515023107
    vertex 0.208922483563545 1.005506363754398 -0.9521716439323856
  endloop
endfacet
facet normal -0.972119 0.151681 0.178821
  outer loop
    vertex 0.1303601827058039 0.6381166158938496 0.8942084379442145
    vertex 0.1512169823754022 0.7942369283737911 0.8751662202075929
    vertex 0.1139707713070885 0.703916052347516 0.7492981125105278
  endloop
endfacet
facet normal -0.985749 0.167076 -0.0196028
  outer loop
    vertex 0.0820773277029101 0.8631713076652954 -0.136836190059181
    vertex 0.05515886779005896 0.7044150258030821 -0.1362988986253363
    vertex 0.06571290211718583 0.7826757930273928 -3.475778744943352e-16
  endloop
endfacet
facet normal -0.974549 0.0867934 0.206693
  outer loop
    vertex 0.10455996881503 0.3230525958531154 0.9307482519326629
    vertex 0.1403104751754576 0.4117547494182285 1.062062933982598
    vertex 0.1141531618002549 0.4798936190849086 0.9101198944979881
  endloop
endfacet
facet normal -0.997562 -0.0170183 -0.0676809
  outer loop
    vertex 0.007910239056965196 -0.0008139888390108557 -0.2723903591524614
    vertex 0.01850556321992514 -0.08015926915005768 -0.4086056315021351
    vertex 0.01055593881705974 -0.158627346669906 -0.2717038451530417
  endloop
endfacet
facet normal -0.995301 -0.000262605 -0.0968255
  outer loop
    vertex 0.0185107618566045 0.07797264683256659 -0.4090879467777633
    vertex 0.03178596984984061 -0.001510040709557214 -0.5453326504566667
    vertex 0.01850556321992514 -0.08015926915005768 -0.4086056315021351
  endloop
endfacet
facet normal -0.943829 -0.307254 0.12158
  outer loop
    vertex 0.2711863411980424 -1.491320238476433 0.4982620280105631
    vertex 0.2906691003742763 -1.497830872960584 0.6330541292712453
    vertex 0.2491452068412947 -1.373896397172179 0.6239076282031025
  endloop
endfacet
facet normal -0.975054 -0.213319 0.0613606
  outer loop
    vertex 0.1133872217548841 -1.006588244213384 0.1959081543597053
    vertex 0.1375688677198434 -1.076288249656107 0.337857109836129
    vertex 0.102949881370467 -0.9202987627992608 0.3300369758763763
  endloop
endfacet
facet normal -0.950545 -0.0378499 -0.308272
  outer loop
    vertex 0.2431799183614372 -0.0962906855010502 -1.488125017861391
    vertex 0.2481544441048715 -0.2604910353158083 -1.483303098749144
    vertex 0.2047267659807153 -0.1793610233697524 -1.359356652339845
  endloop
endfacet
facet normal -0.935442 0.223819 -0.273592
  outer loop
    vertex 0.271390515346952 0.9944042853028704 -1.218715383313561
    vertex 0.3205378702198214 1.139367234339691 -1.268165287775099
    vertex 0.322942963623241 1.02476305634181 -1.370143231383309
  endloop
endfacet
facet normal -0.976791 0.0295438 -0.212145
  outer loop
    vertex 0.1033751481672454 0.2193689479775151 -0.954806817827097
    vertex 0.1289226528817533 0.1351606212637121 -1.084163565499626
    vertex 0.09825621581219846 0.05915469045424367 -0.9535492338905645
  endloop
endfacet
facet normal -0.993031 -0.0676557 0.0965001
  outer loop
    vertex 0.03448404723378218 -0.39649312501022 0.4066120890078311
    vertex 0.04245900885019527 -0.3176043915635159 0.5439865497518195
    vertex 0.02383181471853568 -0.2384278637794881 0.4078143065114826
  endloop
endfacet
facet normal -0.970541 0.199473 -0.135132
  outer loop
    vertex 0.1267511118764553 0.9375320866631447 -0.543030229535081
    vertex 0.1612632943378713 1.013457054923373 -0.6788272993261302
    vertex 0.129421038150328 0.8573179649315834 -0.6806136377103491
  endloop
endfacet
facet normal -0.998689 0.0166603 0.0483935
  outer loop
    vertex 0.002634425667027429 0.07859809576136684 0.1361868584739655
    vertex 0.007912400662592134 -0.000758866016851927 0.2724277022962334
    vertex 0.01055081581779671 0.1569749900292027 0.2725738093163435
  endloop
endfacet
facet normal -0.988031 0.133421 -0.0774214
  outer loop
    vertex 0.05000160216966965 0.6266708631525532 -0.2723756778872236
    vertex 0.07113276770422416 0.7041058028615603 -0.4086016940605262
    vertex 0.04999616020060849 0.547410618744796 -0.4088960151210938
  endloop
endfacet
facet normal -0.981805 -0.185894 -0.0387671
  outer loop
    vertex 0.0730009448283635 -0.7919845459460725 -0.2296728344765129
    vertex 0.1036548865905198 -0.9549982578811832 -0.2243330922184632
    vertex 0.08111094395817009 -0.8643708456343659 -0.08796235375462359
  endloop
endfacet
facet normal -0.949681 0.0647458 -0.306453
  outer loop
    vertex 0.2092146252315423 0.30288825352277 -1.352239995420867
    vertex 0.2531129475674554 0.3866447394661207 -1.470582677169375
    vertex 0.2446400591716511 0.2235044246764039 -1.478793075818989
  endloop
endfacet
facet normal -0.969922 -0.192049 0.149562
  outer loop
    vertex 0.1272674538237268 -0.9010067212709074 0.6055999392571458
    vertex 0.1658374110631913 -0.9792577631834882 0.7552487232135917
    vertex 0.1300955850736321 -0.8117952525609643 0.7384950509096687
  endloop
endfacet
facet normal -0.983144 -0.169528 -0.0684743
  outer loop
    vertex 0.07023608775287116 -0.7188196632572433 -0.3711165966355038
    vertex 0.09675625734264148 -0.8758246768420933 -0.3631773048811464
    vertex 0.0730009448283635 -0.7919845459460725 -0.2296728344765129
  endloop
endfacet
facet normal -0.949433 -0.237431 -0.205434
  outer loop
    vertex 0.2083644503429047 -1.037762435459935 -0.9141756780349619
    vertex 0.2613953282313553 -1.126643105782817 -1.05653909390102
    vertex 0.2468301802554524 -1.194081679119772 -0.9112827069069763
  endloop
endfacet
facet normal -0.971306 -0.232199 0.0514516
  outer loop
    vertex 0.1133872217548841 -1.006588244213384 0.1959081543597053
    vertex 0.154196944054922 -1.176200452410381 0.2008628128662322
    vertex 0.1375688677198434 -1.076288249656107 0.337857109836129
  endloop
endfacet
facet normal -0.997562 0.0166234 0.0677759
  outer loop
    vertex 0.007912400662592134 -0.000758866016851927 0.2724277022962334
    vertex 0.01850178487782106 0.0778265498624516 0.4090131638087551
    vertex 0.01055081581779671 0.1569749900292027 0.2725738093163435
  endloop
endfacet
facet normal -0.979033 0.132264 -0.15492
  outer loop
    vertex 0.1028636253586503 0.7004388050727122 -0.6815186696403288
    vertex 0.1134097189487022 0.6188705254093038 -0.8178051528171099
    vertex 0.08158910627088822 0.5428382854635714 -0.6816245487236635
  endloop
endfacet
facet normal -0.969147 -0.228665 0.092013
  outer loop
    vertex 0.1375688677198434 -1.076288249656107 0.337857109836129
    vertex 0.1685614302984169 -1.149557090303885 0.4822100535070761
    vertex 0.1297744042345093 -0.9892588924477893 0.4720398286069467
  endloop
endfacet
facet normal -0.983022 0.183228 -0.00977469
  outer loop
    vertex 0.09452919861135989 0.9372755418411487 -4.1623395478806e-16
    vertex 0.0820773277029101 0.8631713076652954 -0.136836190059181
    vertex 0.06571290211718583 0.7826757930273928 -3.475778744943352e-16
  endloop
endfacet
facet normal -0.983021 0.183228 0.00980827
  outer loop
    vertex 0.06571290211718583 0.7826757930273928 -3.475778744943352e-16
    vertex 0.0809364494229925 0.8570113521831391 0.1370986260952211
    vertex 0.09452919861135989 0.9372755418411487 -4.1623395478806e-16
  endloop
endfacet
facet normal -0.962415 -0.221993 -0.156449
  outer loop
    vertex 0.1666871929056688 -0.9626388650939655 -0.7812604077333399
    vertex 0.2023772963717203 -1.119226716623299 -0.7786222252083103
    vertex 0.1627878576249939 -1.043410165881666 -0.6426625778404865
  endloop
endfacet
facet normal -0.954154 -0.271652 -0.125678
  outer loop
    vertex 0.2011205220116574 -1.199542571657912 -0.6393179107041469
    vertex 0.2433442411823883 -1.351597361190206 -0.6312172533122514
    vertex 0.2051125376796135 -1.278402962653319 -0.4991695034700332
  endloop
endfacet
facet normal -0.976224 0.114782 -0.183882
  outer loop
    vertex 0.1134097189487022 0.6188705254093038 -0.8178051528171099
    vertex 0.1292716580243036 0.5365012667922144 -0.9534315394209232
    vertex 0.0947435964450003 0.4606480734565059 -0.817472285805365
  endloop
endfacet
facet normal -0.936988 0.198188 0.287705
  outer loop
    vertex 0.2661682812032691 0.9088719202795104 1.265638522204815
    vertex 0.3061269054417579 0.8718796025763351 1.421256640892883
    vertex 0.3213897046753154 1.016511977906166 1.371333047094299
  endloop
endfacet
facet normal -0.996685 0.0502138 0.0640083
  outer loop
    vertex 0.01055081581779671 0.1569749900292027 0.2725738093163435
    vertex 0.02118856759287358 0.2267919624598186 0.3834455440024813
    vertex 0.01847310402339719 0.3144610801812824 0.2723871866109236
  endloop
endfacet
facet normal -0.979269 -0.202358 -0.00915611
  outer loop
    vertex 0.08111094395817009 -0.8643708456343659 -0.08796235375462359
    vertex 0.1166152076761353 -1.03633389444105 -0.08469474123771571
    vertex 0.09457050686900992 -0.9359257128428868 0.05393035930680501
  endloop
endfacet
facet normal -0.972333 0.0971451 -0.212443
  outer loop
    vertex 0.1292716580243036 0.5365012667922144 -0.9534315394209232
    vertex 0.1501309685107515 0.4542124069679862 -1.086531770283596
    vertex 0.1132203614761567 0.3776905477344341 -0.9525865364181549
  endloop
endfacet
facet normal -0.99528 8.7038e-05 0.0970411
  outer loop
    vertex 0.01945995025160929 -0.08221866287246875 0.4189839170943451
    vertex 0.03178717199807135 -0.001522518033547744 0.5453428929753227
    vertex 0.01850178487782106 0.0778265498624516 0.4090131638087551
  endloop
endfacet
facet normal -0.946752 -0.319956 -0.0359041
  outer loop
    vertex 0.2290066935612129 -1.431864071736338 -0.2172331746965634
    vertex 0.2771471394594487 -1.575338745317494 -0.2080846376077843
    vertex 0.2459323969679863 -1.497240077929893 -0.08095406980586584
  endloop
endfacet
facet normal -0.949801 0.0405325 0.310217
  outer loop
    vertex 0.2202601169217111 0.1008714463101554 1.417416084941386
    vertex 0.2673540602074009 0.2104137093673601 1.547292578608172
    vertex 0.2173399164434988 0.2589833808011283 1.387816499677616
  endloop
endfacet
facet normal -0.956763 -0.182402 0.226572
  outer loop
    vertex 0.1775256830453449 -0.7853224749106686 1.009122811927544
    vertex 0.2117279038790443 -0.941471853416727 1.02784301329471
    vertex 0.2222075252671418 -0.8409034449354106 1.153058982755561
  endloop
endfacet
facet normal -0.954202 -0.0209062 -0.298433
  outer loop
    vertex 0.2005522718564103 -0.01864800596262023 -1.357267717092122
    vertex 0.2431799183614372 -0.0962906855010502 -1.488125017861391
    vertex 0.2047267659807153 -0.1793610233697524 -1.359356652339845
  endloop
endfacet
facet normal -0.971801 -0.0900056 -0.217948
  outer loop
    vertex 0.1365878435663124 -0.3426883286062913 -1.070592279188839
    vertex 0.1505255210651235 -0.5025167808223805 -1.066734474532042
    vertex 0.1126305804497338 -0.4190830976442004 -0.9322215792195048
  endloop
endfacet
facet normal -0.991964 0.116906 -0.0483783
  outer loop
    vertex 0.03420024307965264 0.5489522064218794 -0.1361868584739674
    vertex 0.05000160216966965 0.6266708631525532 -0.2723756778872236
    vertex 0.03156037723429783 0.4701551158231662 -0.2724713178561588
  endloop
endfacet
facet normal -0.954983 0.277818 0.104044
  outer loop
    vertex 0.1980824682648255 1.234174441566209 0.5451012558482895
    vertex 0.2390872061639708 1.383119566721764 0.5237560940229979
    vertex 0.2002150655429205 1.296445445714442 0.3983994554712107
  endloop
endfacet
facet normal -0.975238 -0.0725655 -0.208915
  outer loop
    vertex 0.1020812297102935 -0.2598716185378702 -0.9382773218476698
    vertex 0.1365878435663124 -0.3426883286062913 -1.070592279188839
    vertex 0.1126305804497338 -0.4190830976442004 -0.9322215792195048
  endloop
endfacet
facet normal -0.976064 -0.21747 0.00229892
  outer loop
    vertex 0.1166152076761353 -1.03633389444105 -0.08469474123771571
    vertex 0.1314732884485901 -1.101483223995745 0.06078173227317017
    vertex 0.09457050686900992 -0.9359257128428868 0.05393035930680501
  endloop
endfacet
facet normal -0.999252 0.0334926 0.0193406
  outer loop
    vertex 0.002634425667027429 0.07859809576136684 0.1361868584739655
    vertex 0.007900319887130358 0.2357060617826111 0.1361868584739958
    vertex 0.002634425667027429 0.1572403290454508 -6.982873348236397e-17
  endloop
endfacet
facet normal -0.990868 -0.0837869 0.105638
  outer loop
    vertex 0.03448404723378218 -0.39649312501022 0.4066120890078311
    vertex 0.05551012770508379 -0.4625047276529301 0.5514761821607862
    vertex 0.04245900885019527 -0.3176043915635159 0.5439865497518195
  endloop
endfacet
facet normal -0.998768 0.0148636 -0.0473531
  outer loop
    vertex 0.009599166546210292 0.1467756260824414 -0.2616865057511412
    vertex 0.007910239056965196 -0.0008139888390108557 -0.2723903591524614
    vertex 0.002634425667027429 0.07859809576136795 -0.1361868584739672
  endloop
endfacet
facet normal -0.990287 0.0997895 -0.0968186
  outer loop
    vertex 0.04999616020060849 0.547410618744796 -0.4088960151210938
    vertex 0.0552577465180768 0.4673331983426349 -0.5452475914105299
    vertex 0.03413832795669869 0.390199286010003 -0.408733271160423
  endloop
endfacet
facet normal -0.970197 -0.210149 0.120649
  outer loop
    vertex 0.1297744042345093 -0.9892588924477893 0.4720398286069467
    vertex 0.1637652088101698 -1.062955408088413 0.6170103597728882
    vertex 0.1272674538237268 -0.9010067212709074 0.6055999392571458
  endloop
endfacet
facet normal -0.982915 -0.155051 -0.0991843
  outer loop
    vertex 0.0728160689712789 -0.64491777451577 -0.5122124329824181
    vertex 0.09865474931703933 -0.8103074286581053 -0.5097255802264429
    vertex 0.07023608775287116 -0.7188196632572433 -0.3711165966355038
  endloop
endfacet
facet normal -0.95096 -0.197402 0.238133
  outer loop
    vertex 0.2117279038790443 -0.941471853416727 1.02784301329471
    vertex 0.2591861263919286 -0.996650952365484 1.17162150388983
    vertex 0.2222075252671418 -0.8409034449354106 1.153058982755561
  endloop
endfacet
facet normal -0.98772 0.135125 0.0784228
  outer loop
    vertex 0.05009670788670739 0.548820221320658 0.4081477169203447
    vertex 0.07329462662876018 0.7193922012430785 0.4064210309069448
    vertex 0.05095723627308502 0.6331441312490216 0.2736936459269668
  endloop
endfacet
facet normal -0.953748 0.0475738 -0.29682
  outer loop
    vertex 0.2092146252315423 0.30288825352277 -1.352239995420867
    vertex 0.2446400591716511 0.2235044246764039 -1.478793075818989
    vertex 0.2027711528876406 0.1421973065606347 -1.357290983776917
  endloop
endfacet
facet normal -0.939106 -0.338581 0.058669
  outer loop
    vertex 0.2699423562958048 -1.531003109319074 0.3425280367598441
    vertex 0.272401226648487 -1.564315073664039 0.1896421829618589
    vertex 0.3176703885270395 -1.672741371339506 0.2885271257203522
  endloop
endfacet
facet normal -0.968325 0.113924 -0.222188
  outer loop
    vertex 0.1292716580243036 0.5365012667922144 -0.9534315394209232
    vertex 0.1685632344891692 0.613554885248964 -1.085161173053616
    vertex 0.1501309685107515 0.4542124069679862 -1.086531770283596
  endloop
endfacet
facet normal -0.96788 -0.00447041 -0.251371
  outer loop
    vertex 0.1637184299112091 -0.1017282611590392 -1.224664653245701
    vertex 0.1282726621833818 -0.0252210613256819 -1.089544914286301
    vertex 0.1632861276795881 0.05915472458845084 -1.225861276204084
  endloop
endfacet
facet normal -0.963191 0.232652 -0.13467
  outer loop
    vertex 0.1612238808162738 1.09323460539167 -0.5407240573117496
    vertex 0.1984159692839107 1.168681465267524 -0.6763905471817152
    vertex 0.1612632943378713 1.013457054923373 -0.6788272993261302
  endloop
endfacet
facet normal -0.986346 0.13323 -0.0968049
  outer loop
    vertex 0.07113276770422416 0.7041058028615603 -0.4086016940605262
    vertex 0.07375365869502559 0.6242354726081158 -0.5452293734420252
    vertex 0.04999616020060849 0.547410618744796 -0.4088960151210938
  endloop
endfacet
facet normal -0.972252 0.131428 -0.193527
  outer loop
    vertex 0.1134097189487022 0.6188705254093038 -0.8178051528171099
    vertex 0.1506394437628913 0.694767958763142 -0.953298595203085
    vertex 0.1292716580243036 0.5365012667922144 -0.9534315394209232
  endloop
endfacet
facet normal -0.959307 -0.141525 -0.244336
  outer loop
    vertex 0.192435431849554 -0.5842009056088869 -1.195082948406461
    vertex 0.2145581235259613 -0.7442700626935046 -1.189224805259393
    vertex 0.1683959784267559 -0.6609781516693892 -1.056228405100009
  endloop
endfacet
facet normal -0.953799 0.281704 -0.104454
  outer loop
    vertex 0.2101774078938945 1.329626064915088 -0.4012772788680191
    vertex 0.2443917907837774 1.39781166678832 -0.5298079371884734
    vertex 0.2009958816152047 1.247960300616237 -0.5376847413557313
  endloop
endfacet
facet normal -0.992154 -0.102468 -0.0716353
  outer loop
    vertex 0.03072710169707538 -0.4769636195657292 -0.2449927267162482
    vertex 0.0335331191905377 -0.4048554943621827 -0.3870010012119297
    vertex 0.04907773236645596 -0.5611178495743966 -0.3787744328549468
  endloop
endfacet
facet normal -0.953753 0.158165 0.255616
  outer loop
    vertex 0.1953506529950602 0.6582621969901415 1.167236849390537
    vertex 0.2434687721869038 0.7529188091940293 1.288205093635272
    vertex 0.2153041951314965 0.8164123333544082 1.143830288356211
  endloop
endfacet
facet normal -0.962499 0.232381 0.139979
  outer loop
    vertex 0.1667621666827364 1.015753601617808 0.7113120756376341
    vertex 0.2019476562354461 1.172766414849794 0.6925895520064482
    vertex 0.1611758758926287 1.080271248168421 0.5657943576209512
  endloop
endfacet
facet normal -0.990843 0.116786 -0.0677634
  outer loop
    vertex 0.05000160216966965 0.6266708631525532 -0.2723756778872236
    vertex 0.04999616020060849 0.547410618744796 -0.4088960151210938
    vertex 0.03156037723429783 0.4701551158231662 -0.2724713178561588
  endloop
endfacet
facet normal -0.945346 -0.302072 -0.122776
  outer loop
    vertex 0.2433442411823883 -1.351597361190206 -0.6312172533122514
    vertex 0.2854680140629444 -1.489079725758263 -0.617305601548184
    vertex 0.247919944469734 -1.423393387822862 -0.4898058996472454
  endloop
endfacet
facet normal -0.982964 0.149835 -0.106447
  outer loop
    vertex 0.07113276770422416 0.7041058028615603 -0.4086016940605262
    vertex 0.09758515083869312 0.7809524586181229 -0.5447020054649874
    vertex 0.07375365869502559 0.6242354726081158 -0.5452293734420252
  endloop
endfacet
facet normal -0.968548 0.248641 -0.009673
  outer loop
    vertex 0.167611880531882 1.243146439307039 -5.520679199598284e-16
    vertex 0.1493360814557061 1.166657250371534 -0.1361868584734493
    vertex 0.1285082384495979 1.090823209125898 -4.844228170268702e-16
  endloop
endfacet
facet normal -0.96855 0.248641 0.0094145
  outer loop
    vertex 0.1285082384495979 1.090823209125898 -4.844228170268702e-16
    vertex 0.1457013626909429 1.152752563946859 0.1332212141288974
    vertex 0.167611880531882 1.243146439307039 -5.520679199598284e-16
  endloop
endfacet
facet normal -0.976757 0.166132 -0.135449
  outer loop
    vertex 0.09758515083869312 0.7809524586181229 -0.5447020054649874
    vertex 0.129421038150328 0.8573179649315834 -0.6806136377103491
    vertex 0.1028636253586503 0.7004388050727122 -0.6815186696403288
  endloop
endfacet
facet normal -0.951289 0.248114 -0.183
  outer loop
    vertex 0.2410232037098092 1.243301887666947 -0.8116562469322951
    vertex 0.2463484371851141 1.16177086687768 -0.9498793391674289
    vertex 0.2011094309301775 1.088128256339711 -0.8145593963808669
  endloop
endfacet
facet normal -0.963863 -0.124321 -0.235612
  outer loop
    vertex 0.1505255210651235 -0.5025167808223805 -1.066734474532042
    vertex 0.192435431849554 -0.5842009056088869 -1.195082948406461
    vertex 0.1683959784267559 -0.6609781516693892 -1.056228405100009
  endloop
endfacet
facet normal -0.968102 0.153488 0.198042
  outer loop
    vertex 0.1303601827058039 0.6381166158938496 0.8942084379442145
    vertex 0.1699619186011843 0.7271798181128026 1.018769334932611
    vertex 0.1512169823754022 0.7942369283737911 0.8751662202075929
  endloop
endfacet
facet normal -0.99103 -0.0864973 -0.101872
  outer loop
    vertex 0.05431398980617974 -0.4867647809282144 -0.5196141954004853
    vertex 0.0335331191905377 -0.4048554943621827 -0.3870010012119297
    vertex 0.04116580186760821 -0.3281471926340522 -0.5263849461142678
  endloop
endfacet
facet normal -0.998689 0.0334737 0.0387313
  outer loop
    vertex 0.002634425667027429 0.07859809576136684 0.1361868584739655
    vertex 0.01055081581779671 0.1569749900292027 0.2725738093163435
    vertex 0.007900319887130358 0.2357060617826111 0.1361868584739958
  endloop
endfacet
facet normal -0.953985 -0.160848 0.253063
  outer loop
    vertex 0.2222075252671418 -0.8409034449354106 1.153058982755561
    vertex 0.2378230661079073 -0.7389877509403427 1.276703831432716
    vertex 0.1904800723199322 -0.6847549639065346 1.132703317016161
  endloop
endfacet
facet normal -0.963533 0.171153 0.205695
  outer loop
    vertex 0.1699619186011843 0.7271798181128026 1.018769334932611
    vertex 0.1945181888050138 0.8856751811062006 1.001918160659951
    vertex 0.1512169823754022 0.7942369283737911 0.8751662202075929
  endloop
endfacet
facet normal -0.997008 0.06691 0.0387052
  outer loop
    vertex 0.007900319887130358 0.2357060617826111 0.1361868584739958
    vertex 0.01847310402339719 0.3144610801812824 0.2723871866109236
    vertex 0.0184261974092097 0.39254945023003 0.1361868584383785
  endloop
endfacet
facet normal -0.953372 0.191615 0.233163
  outer loop
    vertex 0.2153041951314965 0.8164123333544082 1.143830288356211
    vertex 0.2448540905191985 0.9877521781071605 1.123847560826959
    vertex 0.1945181888050138 0.8856751811062006 1.001918160659951
  endloop
endfacet
facet normal -0.980711 0.149557 -0.125848
  outer loop
    vertex 0.09758515083869312 0.7809524586181229 -0.5447020054649874
    vertex 0.1028636253586503 0.7004388050727122 -0.6815186696403288
    vertex 0.07375365869502559 0.6242354726081158 -0.5452293734420252
  endloop
endfacet
facet normal -0.960358 0.23228 -0.154141
  outer loop
    vertex 0.1984159692839107 1.168681465267524 -0.6763905471817152
    vertex 0.2011094309301775 1.088128256339711 -0.8145593963808669
    vertex 0.1612632943378713 1.013457054923373 -0.6788272993261302
  endloop
endfacet
facet normal -0.953935 0.115422 -0.276923
  outer loop
    vertex 0.2208589814513182 0.4635281432870513 -1.34526685708146
    vertex 0.1909878228752433 0.5334163432082785 -1.213237874408764
    vertex 0.2375845078939607 0.6216038532750671 -1.336995921612814
  endloop
endfacet
facet normal -0.949731 0.312939 0.00894759
  outer loop
    vertex 0.2117962314483064 1.39407425122721 -6.190933326998612e-16
    vertex 0.235253457778426 1.461523205020416 0.1308363203489327
    vertex 0.2610116947489534 1.543437230070761 -6.854238199553513e-16
  endloop
endfacet
facet normal -0.949725 0.312937 -0.009673
  outer loop
    vertex 0.2610116947489534 1.543437230070761 -6.854238199553513e-16
    vertex 0.2376551868386123 1.468343459396078 -0.1361868584738836
    vertex 0.2117962314483064 1.39407425122721 -6.190933326998612e-16
  endloop
endfacet
facet normal -0.959053 0.172475 0.224653
  outer loop
    vertex 0.1699619186011843 0.7271798181128026 1.018769334932611
    vertex 0.2153041951314965 0.8164123333544082 1.143830288356211
    vertex 0.1945181888050138 0.8856751811062006 1.001918160659951
  endloop
endfacet
facet normal -0.988493 0.06528 -0.136457
  outer loop
    vertex 0.05476859991441785 0.2252913804897417 -0.6785284493792511
    vertex 0.0427271942060532 0.3081669112173661 -0.551653782252616
    vertex 0.06583157649810012 0.3847362603482484 -0.6823913007636344
  endloop
endfacet
facet normal -0.95469 0.248626 -0.163561
  outer loop
    vertex 0.1984159692839107 1.168681465267524 -0.6763905471817152
    vertex 0.2410232037098092 1.243301887666947 -0.8116562469322951
    vertex 0.2011094309301775 1.088128256339711 -0.8145593963808669
  endloop
endfacet
facet normal -0.971943 -0.15468 -0.177202
  outer loop
    vertex 0.1122764478699585 -0.6450981131614489 -0.7907409569276408
    vertex 0.1498375897644859 -0.7299426836595176 -0.9227013061964072
    vertex 0.136417916512614 -0.8051484849610027 -0.7834476280240312
  endloop
endfacet
facet normal -0.959124 0.233923 0.159252
  outer loop
    vertex 0.1667621666827364 1.015753601617808 0.7113120756376341
    vertex 0.2102057265805657 1.107268494068084 0.838534050918608
    vertex 0.2019476562354461 1.172766414849794 0.6925895520064482
  endloop
endfacet
facet normal -0.945972 0.262022 -0.190999
  outer loop
    vertex 0.2410232037098092 1.243301887666947 -0.8116562469322951
    vertex 0.2821490279106023 1.303448585450537 -0.9328302929017955
    vertex 0.2463484371851141 1.16177086687768 -0.9498793391674289
  endloop
endfacet
facet normal -0.948511 0.253344 0.190113
  outer loop
    vertex 0.2102057265805657 1.107268494068084 0.838534050918608
    vertex 0.2697962978345672 1.219142339965344 0.9867601519061937
    vertex 0.2474464157952019 1.261269078135592 0.8191141837688408
  endloop
endfacet
facet normal -0.990851 0.133567 -0.0193245
  outer loop
    vertex 0.04209169494424536 0.6271974992092217 -2.78531641843782e-16
    vertex 0.05515886779005896 0.7044150258030821 -0.1362988986253363
    vertex 0.03420024307965264 0.5489522064218794 -0.1361868584739674
  endloop
endfacet
facet normal -0.972341 -0.106456 -0.207897
  outer loop
    vertex 0.1126305804497338 -0.4190830976442004 -0.9322215792195048
    vertex 0.1505255210651235 -0.5025167808223805 -1.066734474532042
    vertex 0.1285221913944605 -0.577976801226011 -0.9251840313886895
  endloop
endfacet
facet normal -0.976009 -0.216662 0.0215203
  outer loop
    vertex 0.09457050686900992 -0.9359257128428868 0.05393035930680501
    vertex 0.1314732884485901 -1.101483223995745 0.06078173227317017
    vertex 0.1133872217548841 -1.006588244213384 0.1959081543597053
  endloop
endfacet
facet normal -0.990607 0.118605 0.0680438
  outer loop
    vertex 0.03271843539785202 0.479663886151355 0.2756921981762527
    vertex 0.05009670788670739 0.548820221320658 0.4081477169203447
    vertex 0.05095723627308502 0.6331441312490216 0.2736936459269668
  endloop
endfacet
facet normal -0.978803 0.20136 -0.0373978
  outer loop
    vertex 0.1152320343657944 1.025185752054184 -0.1322537117067941
    vertex 0.1037166397113047 0.9440416949596075 -0.2677670762184357
    vertex 0.0820773277029101 0.8631713076652954 -0.136836190059181
  endloop
endfacet
facet normal -0.990925 0.0481473 -0.125497
  outer loop
    vertex 0.03374130403125797 0.1497988893723597 -0.5414595378509135
    vertex 0.0427271942060532 0.3081669112173661 -0.551653782252616
    vertex 0.05476859991441785 0.2252913804897417 -0.6785284493792511
  endloop
endfacet
facet normal -0.953346 0.25158 0.166849
  outer loop
    vertex 0.2102057265805657 1.107268494068084 0.838534050918608
    vertex 0.2474464157952019 1.261269078135592 0.8191141837688408
    vertex 0.2019476562354461 1.172766414849794 0.6925895520064482
  endloop
endfacet
facet normal -0.99519 0.0848347 0.0489814
  outer loop
    vertex 0.01847310402339719 0.3144610801812824 0.2723871866109236
    vertex 0.03271843539785202 0.479663886151355 0.2756921981762527
    vertex 0.0184261974092097 0.39254945023003 0.1361868584383785
  endloop
endfacet
facet normal -0.999253 0.0334573 -0.0193202
  outer loop
    vertex 0.002634425667027429 0.1572403290454508 -6.982873348236397e-17
    vertex 0.007883693030251493 0.2354279856113116 -0.136095717804045
    vertex 0.002634425667027429 0.07859809576136795 -0.1361868584739672
  endloop
endfacet
facet normal -0.950569 0.0738421 0.301604
  outer loop
    vertex 0.2617821985918329 0.3634037917613419 1.50232043471901
    vertex 0.2200501881787895 0.4182037293774434 1.357376407634272
    vertex 0.2173399164434988 0.2589833808011283 1.387816499677616
  endloop
endfacet
facet normal -0.944516 0.265963 0.192751
  outer loop
    vertex 0.2697962978345672 1.219142339965344 0.9867601519061937
    vertex 0.285498084831695 1.332262303092427 0.9076160642580561
    vertex 0.2474464157952019 1.261269078135592 0.8191141837688408
  endloop
endfacet
facet normal -0.987476 0.116418 -0.106476
  outer loop
    vertex 0.07375365869502559 0.6242354726081158 -0.5452293734420252
    vertex 0.0552577465180768 0.4673331983426349 -0.5452475914105299
    vertex 0.04999616020060849 0.547410618744796 -0.4088960151210938
  endloop
endfacet
facet normal -0.968402 0.130923 -0.212267
  outer loop
    vertex 0.1506394437628913 0.694767958763142 -0.953298595203085
    vertex 0.1685632344891692 0.613554885248964 -1.085161173053616
    vertex 0.1292716580243036 0.5365012667922144 -0.9534315394209232
  endloop
endfacet
facet normal -0.986486 -0.0204119 -0.162572
  outer loop
    vertex 0.07296214773590304 -0.176693609118176 -0.805239060161431
    vertex 0.04932309509043531 -0.09010529647346188 -0.6726690270319606
    vertex 0.07041770020874871 -0.01722005109186264 -0.8098222665235835
  endloop
endfacet
facet normal -0.954893 0.265115 -0.133768
  outer loop
    vertex 0.2009958816152047 1.247960300616237 -0.5376847413557313
    vertex 0.2395654099032773 1.321386489991665 -0.6674865643107519
    vertex 0.1984159692839107 1.168681465267524 -0.6763905471817152
  endloop
endfacet
facet normal -0.998746 0.0334508 -0.0372544
  outer loop
    vertex 0.007883693030251493 0.2354279856113116 -0.136095717804045
    vertex 0.009599166546210292 0.1467756260824414 -0.2616865057511412
    vertex 0.002634425667027429 0.07859809576136795 -0.1361868584739672
  endloop
endfacet
facet normal -0.968451 -0.123565 -0.216413
  outer loop
    vertex 0.1505255210651235 -0.5025167808223805 -1.066734474532042
    vertex 0.1683959784267559 -0.6609781516693892 -1.056228405100009
    vertex 0.1285221913944605 -0.577976801226011 -0.9251840313886895
  endloop
endfacet
facet normal -0.985218 0.116154 -0.125915
  outer loop
    vertex 0.08158910627088822 0.5428382854635714 -0.6816245487236635
    vertex 0.0552577465180768 0.4673331983426349 -0.5452475914105299
    vertex 0.07375365869502559 0.6242354726081158 -0.5452293734420252
  endloop
endfacet
facet normal -0.973549 0.0707798 0.217238
  outer loop
    vertex 0.10455996881503 0.3230525958531154 0.9307482519326629
    vertex 0.1302865813639684 0.2548769956223 1.068254413680421
    vertex 0.1403104751754576 0.4117547494182285 1.062062933982598
  endloop
endfacet
facet normal -0.967491 -0.227032 0.111432
  outer loop
    vertex 0.1685614302984169 -1.149557090303885 0.4822100535070761
    vertex 0.1637652088101698 -1.062955408088413 0.6170103597728882
    vertex 0.1297744042345093 -0.9892588924477893 0.4720398286069467
  endloop
endfacet
facet normal -0.937145 -0.314766 -0.150605
  outer loop
    vertex 0.2854680140629444 -1.489079725758263 -0.617305601548184
    vertex 0.2796151051252771 -1.404164975007803 -0.7583579628659477
    vertex 0.3275677148974907 -1.554304432663174 -0.7429517593189408
  endloop
endfacet
facet normal -0.94868 -0.17557 -0.263022
  outer loop
    vertex 0.2680316991841893 -0.8281451579475605 -1.326108061660807
    vertex 0.2398172924458084 -0.8998958230641507 -1.176448873474075
    vertex 0.2145581235259613 -0.7442700626935046 -1.189224805259393
  endloop
endfacet
facet normal -0.994186 0.100269 0.0392406
  outer loop
    vertex 0.0184261974092097 0.39254945023003 0.1361868584383785
    vertex 0.03271843539785202 0.479663886151355 0.2756921981762527
    vertex 0.03420024307965264 0.5489522064218788 0.1361868584739661
  endloop
endfacet
facet normal -0.958256 -0.164193 0.234067
  outer loop
    vertex 0.1775256830453449 -0.7853224749106686 1.009122811927544
    vertex 0.2222075252671418 -0.8409034449354106 1.153058982755561
    vertex 0.1904800723199322 -0.6847549639065346 1.132703317016161
  endloop
endfacet
facet normal -0.980878 -0.155011 -0.117684
  outer loop
    vertex 0.1019225707037386 -0.7282219121307698 -0.6450839833124866
    vertex 0.09865474931703933 -0.8103074286581053 -0.5097255802264429
    vertex 0.0728160689712789 -0.64491777451577 -0.5122124329824181
  endloop
endfacet
facet normal -0.990295 0.133478 -0.0387276
  outer loop
    vertex 0.03420024307965264 0.5489522064218794 -0.1361868584739674
    vertex 0.05515886779005896 0.7044150258030821 -0.1362988986253363
    vertex 0.05000160216966965 0.6266708631525532 -0.2723756778872236
  endloop
endfacet
facet normal -0.980804 -0.186319 -0.0575132
  outer loop
    vertex 0.09675625734264148 -0.8758246768420933 -0.3631773048811464
    vertex 0.1036548865905198 -0.9549982578811832 -0.2243330922184632
    vertex 0.0730009448283635 -0.7919845459460725 -0.2296728344765129
  endloop
endfacet
facet normal -0.971931 -0.232875 0.0334523
  outer loop
    vertex 0.1133872217548841 -1.006588244213384 0.1959081543597053
    vertex 0.1314732884485901 -1.101483223995745 0.06078173227317017
    vertex 0.154196944054922 -1.176200452410381 0.2008628128662322
  endloop
endfacet
facet normal -0.96262 0.24951 -0.105387
  outer loop
    vertex 0.1612238808162738 1.09323460539167 -0.5407240573117496
    vertex 0.1658662350119924 1.169078291789289 -0.4035633541286522
    vertex 0.2009958816152047 1.247960300616237 -0.5376847413557313
  endloop
endfacet
facet normal -0.991779 0.118487 0.0483146
  outer loop
    vertex 0.03271843539785202 0.479663886151355 0.2756921981762527
    vertex 0.05095723627308502 0.6331441312490216 0.2736936459269668
    vertex 0.03420024307965264 0.5489522064218788 0.1361868584739661
  endloop
endfacet
facet normal -0.960974 0.198422 -0.192766
  outer loop
    vertex 0.208922483563545 1.005506363754398 -0.9521716439323856
    vertex 0.1783724871133394 0.8548168687557367 -0.9549851366666636
    vertex 0.1663135700026972 0.9326554944481383 -0.8147466217051618
  endloop
endfacet
facet normal -0.96261 0.215636 -0.163959
  outer loop
    vertex 0.2011094309301775 1.088128256339711 -0.8145593963808669
    vertex 0.1663135700026972 0.9326554944481383 -0.8147466217051618
    vertex 0.1612632943378713 1.013457054923373 -0.6788272993261302
  endloop
endfacet
facet normal -0.972017 0.119881 0.202018
  outer loop
    vertex 0.1141531618002549 0.4798936190849086 0.9101198944979881
    vertex 0.1518341662530052 0.5690416937229392 1.038521411774042
    vertex 0.1303601827058039 0.6381166158938496 0.8942084379442145
  endloop
endfacet
facet normal -0.99044 -0.103337 -0.0913779
  outer loop
    vertex 0.04907773236645596 -0.5611178495743966 -0.3787744328549468
    vertex 0.0335331191905377 -0.4048554943621827 -0.3870010012119297
    vertex 0.05431398980617974 -0.4867647809282144 -0.5196141954004853
  endloop
endfacet
facet normal -0.99359 0.0672835 0.0908374
  outer loop
    vertex 0.04226368878399533 0.3642879791311556 0.5121241123373318
    vertex 0.03366922168494657 0.4067119671520522 0.386693261669214
    vertex 0.02118856759287358 0.2267919624598186 0.3834455440024813
  endloop
endfacet
facet normal -0.932621 -0.332683 -0.139789
  outer loop
    vertex 0.3275677148974907 -1.554304432663174 -0.7429517593189408
    vertex 0.3279462421480144 -1.61923937929291 -0.590938936646792
    vertex 0.2854680140629444 -1.489079725758263 -0.617305601548184
  endloop
endfacet
facet normal -0.953245 0.206412 0.220723
  outer loop
    vertex 0.2448540905191985 0.9877521781071605 1.123847560826959
    vertex 0.2254511443208269 1.046712594802846 0.9849135891338794
    vertex 0.1945181888050138 0.8856751811062006 1.001918160659951
  endloop
endfacet
facet normal -0.967155 0.244457 0.0696617
  outer loop
    vertex 0.1607573952675576 1.143447493544651 0.4193365768282363
    vertex 0.1710511374143984 1.22440111818033 0.278167715608573
    vertex 0.1315770674077958 1.063327849635498 0.2953651180028172
  endloop
endfacet
facet normal -0.975184 -0.0211863 -0.220381
  outer loop
    vertex 0.1282726621833818 -0.0252210613256819 -1.089544914286301
    vertex 0.1277357682843983 -0.184031604490593 -1.071901948664004
    vertex 0.09686965813320114 -0.1004578663491793 -0.9433543676925413
  endloop
endfacet
facet normal -0.958616 0.276785 0.0666728
  outer loop
    vertex 0.2075081209347021 1.35715436211242 0.2512312776231874
    vertex 0.1710511374143984 1.22440111818033 0.278167715608573
    vertex 0.2002150655429205 1.296445445714442 0.3983994554712107
  endloop
endfacet
facet normal -0.944448 -0.15403 0.290332
  outer loop
    vertex 0.2378230661079073 -0.7389877509403427 1.276703831432716
    vertex 0.2878719535251797 -0.7956700359831465 1.409440760555708
    vertex 0.2586240030843516 -0.6393316303309516 1.397239817512466
  endloop
endfacet
facet normal -0.976669 -0.203802 -0.0676877
  outer loop
    vertex 0.09675625734264148 -0.8758246768420933 -0.3631773048811464
    vertex 0.1299172656952479 -1.033417163748115 -0.3671617853738581
    vertex 0.1036548865905198 -0.9549982578811832 -0.2243330922184632
  endloop
endfacet
facet normal -0.999815 -0.0166319 -0.00964904
  outer loop
    vertex 0.002625779346388413 -0.07922064488766717 -0.1355266986775272
    vertex 0.002631138884008344 -0.1571320752086331 -0.001787082564878322
    vertex 0 5.748369610518e-16 -2.552788918261e-31
  endloop
endfacet
facet normal -0.961075 -0.204512 -0.185767
  outer loop
    vertex 0.1759937336154858 -0.8810963537939196 -0.9191786515659511
    vertex 0.2083644503429047 -1.037762435459935 -0.9141756780349619
    vertex 0.1666871929056688 -0.9626388650939655 -0.7812604077333399
  endloop
endfacet
facet normal -0.99088 0.133371 0.0192103
  outer loop
    vertex 0.03420024307965264 0.5489522064218788 0.1361868584739661
    vertex 0.05509796043122162 0.7047549938971692 0.1324131650159581
    vertex 0.04209169494424536 0.6271974992092217 -2.78531641843782e-16
  endloop
endfacet
facet normal -0.967745 0.199123 -0.154333
  outer loop
    vertex 0.1612632943378713 1.013457054923373 -0.6788272993261302
    vertex 0.1663135700026972 0.9326554944481383 -0.8147466217051618
    vertex 0.129421038150328 0.8573179649315834 -0.6806136377103491
  endloop
endfacet
facet normal -0.949616 0.242089 0.199052
  outer loop
    vertex 0.2102057265805657 1.107268494068084 0.838534050918608
    vertex 0.2254511443208269 1.046712594802846 0.9849135891338794
    vertex 0.2697962978345672 1.219142339965344 0.9867601519061937
  endloop
endfacet
facet normal -0.986411 0.135099 0.0934983
  outer loop
    vertex 0.05009670788670739 0.548820221320658 0.4081477169203447
    vertex 0.07775802580336766 0.6727760230809229 0.5208674561032177
    vertex 0.07329462662876018 0.7193922012430785 0.4064210309069448
  endloop
endfacet
facet normal -0.982947 0.16673 -0.0775645
  outer loop
    vertex 0.07113276770422416 0.7041058028615603 -0.4086016940605262
    vertex 0.07326335779508586 0.7794254965151759 -0.2736971430164543
    vertex 0.09754895410547615 0.8606883225305205 -0.4067798967057207
  endloop
endfacet
facet normal -0.935743 -0.344269 0.0765714
  outer loop
    vertex 0.2699423562958048 -1.531003109319074 0.3425280367598441
    vertex 0.3176703885270395 -1.672741371339506 0.2885271257203522
    vertex 0.3189136716493755 -1.640986870154607 0.4464906815660459
  endloop
endfacet
facet normal -0.987363 -0.147941 0.0568136
  outer loop
    vertex 0.07485433919620021 -0.769302401440232 0.3244814456141935
    vertex 0.04951036554904586 -0.6073850168954468 0.3056559743493439
    vertex 0.05411105049212317 -0.6897770872874694 0.1710651451284136
  endloop
endfacet
facet normal -0.985821 0.166711 0.0190751
  outer loop
    vertex 0.06571290211718583 0.7826757930273928 -3.475778744943352e-16
    vertex 0.05509796043122162 0.7047549938971692 0.1324131650159581
    vertex 0.0809364494229925 0.8570113521831391 0.1370986260952211
  endloop
endfacet
facet normal -0.957517 -0.287234 0.0256359
  outer loop
    vertex 0.2243479021537818 -1.431854052736608 0.07480124531199915
    vertex 0.1952491606576281 -1.322322354025568 0.2151776654963403
    vertex 0.1759709728044969 -1.271621157722675 0.06319925993507665
  endloop
endfacet
facet normal -0.960663 -0.261538 0.0934012
  outer loop
    vertex 0.1685614302984169 -1.149557090303885 0.4822100535070761
    vertex 0.1791090612464297 -1.236215833922435 0.3480379308467876
    vertex 0.2101897196344025 -1.301480706307713 0.4849611354043065
  endloop
endfacet
facet normal -0.95495 0.130619 -0.266476
  outer loop
    vertex 0.1909878228752433 0.5334163432082785 -1.213237874408764
    vertex 0.2105086435343804 0.6915120067525327 -1.205699091517637
    vertex 0.2375845078939607 0.6216038532750671 -1.336995921612814
  endloop
endfacet
facet normal -0.967639 0.233267 -0.0962354
  outer loop
    vertex 0.1303794158757023 1.020480453243098 -0.4069357846424788
    vertex 0.1658662350119924 1.169078291789289 -0.4035633541286522
    vertex 0.1612238808162738 1.09323460539167 -0.5407240573117496
  endloop
endfacet
facet normal -0.963319 0.265753 -0.0373094
  outer loop
    vertex 0.1939118617981972 1.328292776188519 -0.1358023076699034
    vertex 0.1766876768357974 1.247362932746813 -0.2675364488490056
    vertex 0.1493360814557061 1.166657250371534 -0.1361868584734493
  endloop
endfacet
facet normal -0.993293 -0.050934 -0.1038
  outer loop
    vertex 0.04116580186760821 -0.3281471926340522 -0.5263849461142678
    vertex 0.02200238445215685 -0.2320381793098049 -0.390164277171772
    vertex 0.03444269443798031 -0.1599483261570754 -0.5445836580400463
  endloop
endfacet
facet normal -0.971486 0.10313 0.213492
  outer loop
    vertex 0.1403104751754576 0.4117547494182285 1.062062933982598
    vertex 0.1518341662530052 0.5690416937229392 1.038521411774042
    vertex 0.1141531618002549 0.4798936190849086 0.9101198944979881
  endloop
endfacet
facet normal -0.923803 -0.24248 -0.296297
  outer loop
    vertex 0.374309397871 -1.225027183040761 -1.368628014038592
    vertex 0.3235772245381083 -1.085001968249411 -1.3250459528537
    vertex 0.374309397871 -1.099273946674909 -1.471540359678174
  endloop
endfacet
facet normal -0.922985 -0.313329 0.223437
  outer loop
    vertex 0.374309397871 -1.446862005389986 1.131558472797084
    vertex 0.3289187320117604 -1.400102268588856 1.00962833637142
    vertex 0.374309397871 -1.541207433113708 0.9992566677861369
  endloop
endfacet
facet normal -0.942086 -0.303161 -0.143414
  outer loop
    vertex 0.2433442411823883 -1.351597361190206 -0.6312172533122514
    vertex 0.2796151051252771 -1.404164975007803 -0.7583579628659477
    vertex 0.2854680140629444 -1.489079725758263 -0.617305601548184
  endloop
endfacet
facet normal -0.988154 -0.00274697 -0.153441
  outer loop
    vertex 0.07041770020874871 -0.01722005109186264 -0.8098222665235835
    vertex 0.04932309509043531 -0.09010529647346188 -0.6726690270319606
    vertex 0.04932620017859435 0.06598218664405076 -0.6754833669737678
  endloop
endfacet
facet normal -0.987514 0.149963 -0.0482512
  outer loop
    vertex 0.05515886779005896 0.7044150258030821 -0.1362988986253363
    vertex 0.07326335779508586 0.7794254965151759 -0.2736971430164543
    vertex 0.05000160216966965 0.6266708631525532 -0.2723756778872236
  endloop
endfacet
facet normal -0.963335 -0.1496 0.222723
  outer loop
    vertex 0.1775256830453449 -0.7853224749106686 1.009122811927544
    vertex 0.1904800723199322 -0.6847549639065346 1.132703317016161
    vertex 0.150146265705148 -0.6297452064756863 0.9951985666199896
  endloop
endfacet
facet normal -0.965695 -0.170372 0.195974
  outer loop
    vertex 0.1390025082564952 -0.7241278783267339 0.8724934759290504
    vertex 0.1708700762267323 -0.8857072824652046 0.889055751030098
    vertex 0.1775256830453449 -0.7853224749106686 1.009122811927544
  endloop
endfacet
facet normal -0.958447 0.0970898 -0.268239
  outer loop
    vertex 0.1771653889840632 0.3758980828556888 -1.220862930453755
    vertex 0.1909878228752433 0.5334163432082785 -1.213237874408764
    vertex 0.2208589814513182 0.4635281432870513 -1.34526685708146
  endloop
endfacet
facet normal -0.954666 0.0131267 -0.29739
  outer loop
    vertex 0.2027711528876406 0.1421973065606347 -1.357290983776917
    vertex 0.2403521603392536 0.06114678999638803 -1.481509338453941
    vertex 0.2005522718564103 -0.01864800596262023 -1.357267717092122
  endloop
endfacet
facet normal -0.954832 0.264609 0.135195
  outer loop
    vertex 0.2019476562354461 1.172766414849794 0.6925895520064482
    vertex 0.2397212561258542 1.322967052641555 0.6653924445352954
    vertex 0.1980824682648255 1.234174441566209 0.5451012558482895
  endloop
endfacet
facet normal -0.994303 -0.0858129 -0.0632205
  outer loop
    vertex 0.01851818102275438 -0.3164373201756632 -0.2708680106196948
    vertex 0.0335331191905377 -0.4048554943621827 -0.3870010012119297
    vertex 0.03072710169707538 -0.4769636195657292 -0.2449927267162482
  endloop
endfacet
facet normal -0.999242 -0.0336485 -0.0195623
  outer loop
    vertex 0.007922752484375906 -0.2370161556594874 -0.1346766042127992
    vertex 0.002631138884008344 -0.1571320752086331 -0.001787082564878322
    vertex 0.002625779346388413 -0.07922064488766717 -0.1355266986775272
  endloop
endfacet
facet normal -0.95344 -0.238042 -0.185169
  outer loop
    vertex 0.2023772963717203 -1.119226716623299 -0.7786222252083103
    vertex 0.2083644503429047 -1.037762435459935 -0.9141756780349619
    vertex 0.2468301802554524 -1.194081679119772 -0.9112827069069763
  endloop
endfacet
facet normal -0.959212 -0.221585 -0.175534
  outer loop
    vertex 0.1666871929056688 -0.9626388650939655 -0.7812604077333399
    vertex 0.2083644503429047 -1.037762435459935 -0.9141756780349619
    vertex 0.2023772963717203 -1.119226716623299 -0.7786222252083103
  endloop
endfacet
facet normal -0.96035 -0.185386 0.208231
  outer loop
    vertex 0.1775256830453449 -0.7853224749106686 1.009122811927544
    vertex 0.1708700762267323 -0.8857072824652046 0.889055751030098
    vertex 0.2117279038790443 -0.941471853416727 1.02784301329471
  endloop
endfacet
facet normal -0.966934 -0.247152 0.0628874
  outer loop
    vertex 0.154196944054922 -1.176200452410381 0.2008628128662322
    vertex 0.1791090612464297 -1.236215833922435 0.3480379308467876
    vertex 0.1375688677198434 -1.076288249656107 0.337857109836129
  endloop
endfacet
facet normal -0.933973 0.335777 -0.122266
  outer loop
    vertex 0.3246742209546936 1.585150974338632 -0.6556368585423057
    vertex 0.2849189935708951 1.527276807720443 -0.5108906414749164
    vertex 0.3303297071565314 1.645726979284287 -0.5324793132787201
  endloop
endfacet
facet normal -0.953835 0.297814 -0.0388008
  outer loop
    vertex 0.2376551868386123 1.468343459396078 -0.1361868584738836
    vertex 0.222155501346287 1.401456302036696 -0.2685490313553186
    vertex 0.1939118617981972 1.328292776188519 -0.1358023076699034
  endloop
endfacet
facet normal -0.924588 0.13993 -0.354339
  outer loop
    vertex 0.374309397871 0.5984304924131381 -1.736581465336472
    vertex 0.3183413792107457 0.625514287707944 -1.57984677798515
    vertex 0.374309397871 0.7495679789687902 -1.676896563567545
  endloop
endfacet
facet normal -0.927611 -0.373161 -0.0170152
  outer loop
    vertex 0.3231334684420117 -1.71146038072764 -0.0007083870102148944
    vertex 0.3252547213209285 -1.709540953925775 -0.1584467289836322
    vertex 0.374309397871 -1.835002188871887 -0.08124781126517705
  endloop
endfacet
facet normal -0.948734 -0.159945 -0.272618
  outer loop
    vertex 0.2390927407077488 -0.6658234634005397 -1.32063189729098
    vertex 0.2680316991841893 -0.8281451579475605 -1.326108061660807
    vertex 0.2145581235259613 -0.7442700626935046 -1.189224805259393
  endloop
endfacet
facet normal -0.935738 -0.349841 0.0447805
  outer loop
    vertex 0.272401226648487 -1.564315073664039 0.1896421829618589
    vertex 0.3178537095347647 -1.691927500157667 0.1424689717646666
    vertex 0.3176703885270395 -1.672741371339506 0.2885271257203522
  endloop
endfacet
facet normal -0.988614 0.150196 0.00913302
  outer loop
    vertex 0.04209169494424536 0.6271974992092217 -2.78531641843782e-16
    vertex 0.05509796043122162 0.7047549938971692 0.1324131650159581
    vertex 0.06571290211718583 0.7826757930273928 -3.475778744943352e-16
  endloop
endfacet
facet normal -0.980605 0.162433 0.109682
  outer loop
    vertex 0.09763065545686622 0.8341891184289588 0.4594930218270419
    vertex 0.07775802580336766 0.6727760230809229 0.5208674561032177
    vertex 0.1031623544682079 0.769611684084108 0.604584928375194
  endloop
endfacet
facet normal -0.96083 0.266283 -0.0768104
  outer loop
    vertex 0.1658662350119924 1.169078291789289 -0.4035633541286522
    vertex 0.1766876768357974 1.247362932746813 -0.2675364488490056
    vertex 0.2101774078938945 1.329626064915088 -0.4012772788680191
  endloop
endfacet
facet normal -0.951468 0.282014 -0.123191
  outer loop
    vertex 0.2443917907837774 1.39781166678832 -0.5298079371884734
    vertex 0.2395654099032773 1.321386489991665 -0.6674865643107519
    vertex 0.2009958816152047 1.247960300616237 -0.5376847413557313
  endloop
endfacet
facet normal -0.986405 0.149624 -0.067959
  outer loop
    vertex 0.05000160216966965 0.6266708631525532 -0.2723756778872236
    vertex 0.07326335779508586 0.7794254965151759 -0.2736971430164543
    vertex 0.07113276770422416 0.7041058028615603 -0.4086016940605262
  endloop
endfacet
facet normal -0.931663 -0.3354 0.139678
  outer loop
    vertex 0.2906691003742763 -1.497830872960584 0.6330541292712453
    vertex 0.3244842640690067 -1.613792496514667 0.5801526650732329
    vertex 0.3309366744236284 -1.565233719274435 0.7397916150659535
  endloop
endfacet
facet normal -0.956914 0.0814625 -0.278709
  outer loop
    vertex 0.2092146252315423 0.30288825352277 -1.352239995420867
    vertex 0.1771653889840632 0.3758980828556888 -1.220862930453755
    vertex 0.2208589814513182 0.4635281432870513 -1.34526685708146
  endloop
endfacet
facet normal -0.967428 -0.171741 -0.185981
  outer loop
    vertex 0.136417916512614 -0.8051484849610027 -0.7834476280240312
    vertex 0.1498375897644859 -0.7299426836595176 -0.9227013061964072
    vertex 0.1759937336154858 -0.8810963537939196 -0.9191786515659511
  endloop
endfacet
facet normal -0.963809 0.265846 -0.0199725
  outer loop
    vertex 0.167611880531882 1.243146439307039 -5.520679199598284e-16
    vertex 0.1939118617981972 1.328292776188519 -0.1358023076699034
    vertex 0.1493360814557061 1.166657250371534 -0.1361868584734493
  endloop
endfacet
facet normal -0.967137 0.184503 0.174942
  outer loop
    vertex 0.1512169823754022 0.7942369283737911 0.8751662202075929
    vertex 0.1771356555172101 0.9430491048143328 0.8615076623674565
    vertex 0.1385342583423306 0.8628346243665853 0.7327049752293505
  endloop
endfacet
facet normal -0.954372 0.298036 -0.0186811
  outer loop
    vertex 0.2376551868386123 1.468343459396078 -0.1361868584738836
    vertex 0.1939118617981972 1.328292776188519 -0.1358023076699034
    vertex 0.2117962314483064 1.39407425122721 -6.190933326998612e-16
  endloop
endfacet
facet normal -0.979849 -0.121525 -0.158517
  outer loop
    vertex 0.09402684154132412 -0.4950773583138415 -0.7929454870143338
    vertex 0.1122764478699585 -0.6450981131614489 -0.7907409569276408
    vertex 0.08134732853255588 -0.572459110978627 -0.6552447093995536
  endloop
endfacet
facet normal -0.960162 -0.109301 0.257181
  outer loop
    vertex 0.1854333692881065 -0.426554088901432 1.234697314728924
    vertex 0.1670787973182053 -0.5330578746092115 1.120908698899094
    vertex 0.2097931596442626 -0.5843001743410945 1.258600953654436
  endloop
endfacet
facet normal -0.964238 -0.130825 0.230499
  outer loop
    vertex 0.1904800723199322 -0.6847549639065346 1.132703317016161
    vertex 0.1670787973182053 -0.5330578746092115 1.120908698899094
    vertex 0.150146265705148 -0.6297452064756863 0.9951985666199896
  endloop
endfacet
facet normal -0.946342 0.215954 -0.240418
  outer loop
    vertex 0.2671622841362788 1.103458899399943 -1.104114515023107
    vertex 0.271390515346952 0.9944042853028704 -1.218715383313561
    vertex 0.2250014894277994 0.9302201486817683 -1.09377044538241
  endloop
endfacet
facet normal -0.975013 0.063616 -0.212843
  outer loop
    vertex 0.1132203614761567 0.3776905477344341 -0.9525865364181549
    vertex 0.138019520310098 0.3034572938267392 -1.088376743413724
    vertex 0.1033751481672454 0.2193689479775151 -0.954806817827097
  endloop
endfacet
facet normal -0.954445 -0.141525 -0.262688
  outer loop
    vertex 0.192435431849554 -0.5842009056088869 -1.195082948406461
    vertex 0.2390927407077488 -0.6658234634005397 -1.32063189729098
    vertex 0.2145581235259613 -0.7442700626935046 -1.189224805259393
  endloop
endfacet
facet normal -0.945424 -0.320845 -0.0568468
  outer loop
    vertex 0.2290066935612129 -1.431864071736338 -0.2172331746965634
    vertex 0.2677063257958467 -1.520928917032671 -0.3581647634385143
    vertex 0.2771471394594487 -1.575338745317494 -0.2080846376077843
  endloop
endfacet
facet normal -0.962698 0.258995 0.0783233
  outer loop
    vertex 0.2002150655429205 1.296445445714442 0.3983994554712107
    vertex 0.1710511374143984 1.22440111818033 0.278167715608573
    vertex 0.1607573952675576 1.143447493544651 0.4193365768282363
  endloop
endfacet
facet normal -0.946795 0.315416 -0.063967
  outer loop
    vertex 0.222155501346287 1.401456302036696 -0.2685490313553186
    vertex 0.2728406110684878 1.555814998489905 -0.2576252705275138
    vertex 0.2592371328584928 1.488347305745321 -0.3889534191608479
  endloop
endfacet
facet normal -0.979396 0.200982 -0.0197191
  outer loop
    vertex 0.09452919861135989 0.9372755418411487 -4.1623395478806e-16
    vertex 0.1152320343657944 1.025185752054184 -0.1322537117067941
    vertex 0.0820773277029101 0.8631713076652954 -0.136836190059181
  endloop
endfacet
facet normal -0.972103 0.233828 -0.0184649
  outer loop
    vertex 0.1493360814557061 1.166657250371534 -0.1361868584734493
    vertex 0.1152320343657944 1.025185752054184 -0.1322537117067941
    vertex 0.1285082384495979 1.090823209125898 -4.844228170268702e-16
  endloop
endfacet
facet normal -0.937407 0.29344 -0.187512
  outer loop
    vertex 0.2821490279106023 1.303448585450537 -0.9328302929017955
    vertex 0.2754533246308997 1.37293802450214 -0.7906120210292195
    vertex 0.3264925202835602 1.447811880685393 -0.9285956462654356
  endloop
endfacet
facet normal -0.935436 0.172589 -0.308499
  outer loop
    vertex 0.3238357058697519 0.7708605601879621 -1.530035709359293
    vertex 0.2711439390373593 0.7760661918970064 -1.367350467514714
    vertex 0.3232894807894064 0.9008077518507818 -1.455680697670765
  endloop
endfacet
facet normal -0.976697 -0.0155551 0.214056
  outer loop
    vertex 0.1036579647615534 -0.1545716703081889 0.9687532537587347
    vertex 0.1293441183586941 -0.07366355252032901 1.09183354702255
    vertex 0.09949284277248882 0.00440974185702311 0.9613015332315729
  endloop
endfacet
facet normal -0.950601 -0.288119 -0.115522
  outer loop
    vertex 0.2433442411823883 -1.351597361190206 -0.6312172533122514
    vertex 0.247919944469734 -1.423393387822862 -0.4898058996472454
    vertex 0.2051125376796135 -1.278402962653319 -0.4991695034700332
  endloop
endfacet
facet normal -0.965715 0.0221395 0.258659
  outer loop
    vertex 0.1848704697028678 0.150525776740011 1.295643429129035
    vertex 0.1493317465974116 0.1835577644965005 1.160130659563136
    vertex 0.1495280099854268 0.01589974653511585 1.175213863273874
  endloop
endfacet
facet normal -0.98637 -0.145445 0.0769414
  outer loop
    vertex 0.07116344494196802 -0.6750964832971289 0.4552457476682778
    vertex 0.04951036554904586 -0.6073850168954468 0.3056559743493439
    vertex 0.07485433919620021 -0.769302401440232 0.3244814456141935
  endloop
endfacet
facet normal -0.95154 -0.00416944 -0.307497
  outer loop
    vertex 0.2005522718564103 -0.01864800596262023 -1.357267717092122
    vertex 0.2403521603392536 0.06114678999638803 -1.481509338453941
    vertex 0.2431799183614372 -0.0962906855010502 -1.488125017861391
  endloop
endfacet
facet normal -0.954158 -0.174811 -0.242946
  outer loop
    vertex 0.2398172924458084 -0.8998958230641507 -1.176448873474075
    vertex 0.1919085584243554 -0.8091849119845538 -1.053560652357614
    vertex 0.2145581235259613 -0.7442700626935046 -1.189224805259393
  endloop
endfacet
facet normal -0.945255 -0.00938516 0.326199
  outer loop
    vertex 0.2785606179888509 -0.1112301803913403 1.589057330190297
    vertex 0.2637651764424307 0.0448591363253297 1.550674147908157
    vertex 0.2284745869720695 -0.05748045284690723 1.445465007609955
  endloop
endfacet
facet normal -0.951361 -0.271898 -0.144858
  outer loop
    vertex 0.2011205220116574 -1.199542571657912 -0.6393179107041469
    vertex 0.2396431315315626 -1.264972453333173 -0.7695048096081046
    vertex 0.2433442411823883 -1.351597361190206 -0.6312172533122514
  endloop
endfacet
facet normal -0.938465 0.342081 0.0475828
  outer loop
    vertex 0.32374366867987 1.697705697060815 0.2285305581094935
    vertex 0.2833866997500474 1.601384645079353 0.1250474182953923
    vertex 0.2665242003069137 1.532768838628907 0.2857628835594258
  endloop
endfacet
facet normal -0.947804 0.143775 0.284597
  outer loop
    vertex 0.2255653079323539 0.5888884304480181 1.311446798825327
    vertex 0.2703070299658608 0.663072672286099 1.422974728072118
    vertex 0.2434687721869038 0.7529188091940293 1.288205093635272
  endloop
endfacet
facet normal -0.957534 0.205304 0.202431
  outer loop
    vertex 0.1945181888050138 0.8856751811062006 1.001918160659951
    vertex 0.2254511443208269 1.046712594802846 0.9849135891338794
    vertex 0.1771356555172101 0.9430491048143328 0.8615076623674565
  endloop
endfacet
facet normal -0.946861 0.0270725 0.320503
  outer loop
    vertex 0.2202601169217111 0.1008714463101554 1.417416084941386
    vertex 0.2637651764424307 0.0448591363253297 1.550674147908157
    vertex 0.2673540602074009 0.2104137093673601 1.547292578608172
  endloop
endfacet
facet normal -0.952147 0.279765 0.123078
  outer loop
    vertex 0.1980824682648255 1.234174441566209 0.5451012558482895
    vertex 0.2397212561258542 1.322967052641555 0.6653924445352954
    vertex 0.2390872061639708 1.383119566721764 0.5237560940229979
  endloop
endfacet
facet normal -0.943628 -0.253823 -0.212463
  outer loop
    vertex 0.2613953282313553 -1.126643105782817 -1.05653909390102
    vertex 0.2867791022446378 -1.276170665543737 -0.990641728867518
    vertex 0.2468301802554524 -1.194081679119772 -0.9112827069069763
  endloop
endfacet
facet normal -0.948887 0.192792 0.249891
  outer loop
    vertex 0.2153041951314965 0.8164123333544082 1.143830288356211
    vertex 0.2661682812032691 0.9088719202795104 1.265638522204815
    vertex 0.2448540905191985 0.9877521781071605 1.123847560826959
  endloop
endfacet
facet normal -0.946371 -0.311189 0.0868542
  outer loop
    vertex 0.2234252267074233 -1.387558484709615 0.3496197403823784
    vertex 0.2699423562958048 -1.531003109319074 0.3425280367598441
    vertex 0.2711863411980424 -1.491320238476433 0.4982620280105631
  endloop
endfacet
facet normal -0.965836 -0.245605 0.0827038
  outer loop
    vertex 0.1375688677198434 -1.076288249656107 0.337857109836129
    vertex 0.1791090612464297 -1.236215833922435 0.3480379308467876
    vertex 0.1685614302984169 -1.149557090303885 0.4822100535070761
  endloop
endfacet
facet normal -0.963552 0.0139689 0.267158
  outer loop
    vertex 0.1848704697028678 0.150525776740011 1.295643429129035
    vertex 0.1495280099854268 0.01589974653511585 1.175213863273874
    vertex 0.1864877014893418 -0.01046369213068746 1.309893924095329
  endloop
endfacet
facet normal -0.976329 0.216055 0.0100889
  outer loop
    vertex 0.09452919861135989 0.9372755418411487 -4.1623395478806e-16
    vertex 0.1132654906491011 1.015446816474485 0.1391131361715334
    vertex 0.1285082384495979 1.090823209125898 -4.844228170268702e-16
  endloop
endfacet
facet normal -0.968389 -0.116908 0.220355
  outer loop
    vertex 0.150146265705148 -0.6297452064756863 0.9951985666199896
    vertex 0.1670787973182053 -0.5330578746092115 1.120908698899094
    vertex 0.129855398727825 -0.4732532701054713 0.9890527943101906
  endloop
endfacet
facet normal -0.996562 -0.0322129 -0.0763319
  outer loop
    vertex 0.01850556321992514 -0.08015926915005768 -0.4086056315021351
    vertex 0.02200238445215685 -0.2320381793098049 -0.390164277171772
    vertex 0.01055593881705974 -0.158627346669906 -0.2717038451530417
  endloop
endfacet
facet normal -0.986592 0.12736 0.102054
  outer loop
    vertex 0.05843863784085723 0.5221824151431601 0.5220351475187918
    vertex 0.07775802580336766 0.6727760230809229 0.5208674561032177
    vertex 0.05009670788670739 0.548820221320658 0.4081477169203447
  endloop
endfacet
facet normal -0.963254 0.164675 -0.21219
  outer loop
    vertex 0.1783724871133394 0.8548168687557367 -0.9549851366666636
    vertex 0.1917650020199497 0.7651792180199257 -1.085347149198628
    vertex 0.1506394437628913 0.694767958763142 -0.953298595203085
  endloop
endfacet
facet normal -0.971697 0.148115 -0.184027
  outer loop
    vertex 0.1134097189487022 0.6188705254093038 -0.8178051528171099
    vertex 0.1372107049496964 0.7742677587409813 -0.8184065714228995
    vertex 0.1506394437628913 0.694767958763142 -0.953298595203085
  endloop
endfacet
facet normal -0.973914 0.165764 -0.154966
  outer loop
    vertex 0.129421038150328 0.8573179649315834 -0.6806136377103491
    vertex 0.1372107049496964 0.7742677587409813 -0.8184065714228995
    vertex 0.1028636253586503 0.7004388050727122 -0.6815186696403288
  endloop
endfacet
facet normal -0.927698 0.367255 0.0670887
  outer loop
    vertex 0.32374366867987 1.697705697060815 0.2285305581094935
    vertex 0.325528112537496 1.672778257202413 0.3896628864263794
    vertex 0.374309397871 1.808105352844303 0.3234026484365587
  endloop
endfacet
facet normal -0.928303 0.365274 -0.0694918
  outer loop
    vertex 0.374309397871 1.808105352844302 -0.3234026484365628
    vertex 0.3118913216400836 1.637476142202184 -0.3864829058277141
    vertex 0.3231674498741652 1.696315337373523 -0.22783428508867
  endloop
endfacet
facet normal -0.972175 -0.118108 0.202302
  outer loop
    vertex 0.1142548455940942 -0.5636039341311273 0.8613350539473124
    vertex 0.150146265705148 -0.6297452064756863 0.9951985666199896
    vertex 0.129855398727825 -0.4732532701054713 0.9890527943101906
  endloop
endfacet
facet normal -0.99268 -0.120721 -0.00349067
  outer loop
    vertex 0.04403273765349613 -0.6406275775136091 0.03206180729891805
    vertex 0.02525183724148938 -0.4858349828713762 0.01964463768949627
    vertex 0.0334747536812392 -0.5498835858527494 -0.103738977652764
  endloop
endfacet
facet normal -0.954721 0.295317 0.0359886
  outer loop
    vertex 0.235253457778426 1.461523205020416 0.1308363203489327
    vertex 0.1905040088612289 1.318376157823995 0.1183472157530021
    vertex 0.2075081209347021 1.35715436211242 0.2512312776231874
  endloop
endfacet
facet normal -0.946877 -0.194268 0.25629
  outer loop
    vertex 0.2591861263919286 -0.996650952365484 1.17162150388983
    vertex 0.2674522094099308 -0.8839189047551745 1.287611951248012
    vertex 0.2222075252671418 -0.8409034449354106 1.153058982755561
  endloop
endfacet
facet normal -0.99021 -0.036243 -0.134801
  outer loop
    vertex 0.03444269443798031 -0.1599483261570754 -0.5445836580400463
    vertex 0.04932309509043531 -0.09010529647346188 -0.6726690270319606
    vertex 0.05439574989261686 -0.2526799671743851 -0.6662209524056411
  endloop
endfacet
facet normal -0.965977 0.0634613 -0.250719
  outer loop
    vertex 0.138019520310098 0.3034572938267392 -1.088376743413724
    vertex 0.1771653889840632 0.3758980828556888 -1.220862930453755
    vertex 0.1676356667505043 0.2199207120214123 -1.22362709841581
  endloop
endfacet
facet normal -0.927826 0.337306 -0.159259
  outer loop
    vertex 0.3205842500053935 1.506940251023281 -0.797456983601624
    vertex 0.3246742209546936 1.585150974338632 -0.6556368585423057
    vertex 0.374309397871 1.659904179724013 -0.7864809941344747
  endloop
endfacet
facet normal -0.974131 -0.0561575 -0.218896
  outer loop
    vertex 0.1020812297102935 -0.2598716185378702 -0.9382773218476698
    vertex 0.1277357682843983 -0.184031604490593 -1.071901948664004
    vertex 0.1365878435663124 -0.3426883286062913 -1.070592279188839
  endloop
endfacet
facet normal -0.927633 -0.22314 -0.299508
  outer loop
    vertex 0.374309397871 -1.099273946674909 -1.471540359678174
    vertex 0.3235772245381083 -1.085001968249411 -1.3250459528537
    vertex 0.3205842500053935 -0.9589400051480906 -1.409695224995706
  endloop
endfacet
facet normal -0.927951 -0.313337 0.201808
  outer loop
    vertex 0.374309397871 -1.541207433113708 0.9992566677861369
    vertex 0.3289187320117604 -1.400102268588856 1.00962833637142
    vertex 0.3123721396398791 -1.44810307818639 0.8590158868351412
  endloop
endfacet
facet normal -0.947984 0.314677 -0.0480075
  outer loop
    vertex 0.2376551868386123 1.468343459396078 -0.1361868584738836
    vertex 0.2728406110684878 1.555814998489905 -0.2576252705275138
    vertex 0.222155501346287 1.401456302036696 -0.2685490313553186
  endloop
endfacet
facet normal -0.92769 0.237134 -0.288373
  outer loop
    vertex 0.322942963623241 1.02476305634181 -1.370143231383309
    vertex 0.3205378702198214 1.139367234339691 -1.268165287775099
    vertex 0.374309397871 1.163289161438645 -1.421475489369892
  endloop
endfacet
facet normal -0.96343 -0.171513 -0.20588
  outer loop
    vertex 0.1498375897644859 -0.7299426836595176 -0.9227013061964072
    vertex 0.1919085584243554 -0.8091849119845538 -1.053560652357614
    vertex 0.1759937336154858 -0.8810963537939196 -0.9191786515659511
  endloop
endfacet
facet normal -0.994584 -0.0348374 0.0979206
  outer loop
    vertex 0.02383181471853568 -0.2384278637794881 0.4078143065114826
    vertex 0.0353800730760705 -0.1683290397834065 0.5500496657741565
    vertex 0.01945995025160929 -0.08221866287246875 0.4189839170943451
  endloop
endfacet
facet normal -0.927468 0.18275 -0.326198
  outer loop
    vertex 0.3238357058697519 0.7708605601879621 -1.530035709359293
    vertex 0.3232894807894064 0.9008077518507818 -1.455680697670765
    vertex 0.374309397871 0.8948390797871835 -1.604087672568313
  endloop
endfacet
facet normal -0.928113 0.056356 0.368009
  outer loop
    vertex 0.3161820078699309 0.331430197170751 1.660854122367172
    vertex 0.3188407490977445 0.1767643068814564 1.691244553844096
    vertex 0.374309397871 0.2833244400706662 1.81481720888321
  endloop
endfacet
facet normal -0.92774 0.0259845 -0.372322
  outer loop
    vertex 0.3225149084938428 0.03987566989354214 -1.70941496504162
    vertex 0.324351308920674 0.2009803409340359 -1.702747294475897
    vertex 0.374309397871 0.1218220063799942 -1.832755749891827
  endloop
endfacet
facet normal -0.927592 -0.271888 -0.256222
  outer loop
    vertex 0.3225059967209898 -1.295274436896297 -1.116188071616648
    vertex 0.318813188683575 -1.189355487549266 -1.215214436912896
    vertex 0.374309397871 -1.341192920746077 -1.255004298534713
  endloop
endfacet
facet normal -0.927436 -0.0071163 -0.373915
  outer loop
    vertex 0.374309397871 -0.04063384968297799 -1.836350492215454
    vertex 0.3267411178416806 -0.1117712978225302 -1.717011265242243
    vertex 0.3225149084938428 0.03987566989354214 -1.70941496504162
  endloop
endfacet
facet normal -0.92763 -0.0726975 0.366358
  outer loop
    vertex 0.3260968837568621 -0.2537103306167643 1.700183582991869
    vertex 0.3170785989458214 -0.3940707736162594 1.649496850150257
    vertex 0.374309397871 -0.3633225684661998 1.800508525734639
  endloop
endfacet
facet normal -0.927435 -0.313995 -0.203155
  outer loop
    vertex 0.3228016870351338 -1.474421719924126 -0.8673392301814112
    vertex 0.3270843506413481 -1.400740646466854 -1.000771670188558
    vertex 0.374309397871 -1.541207433113708 -0.9992566677861381
  endloop
endfacet
facet normal -0.927672 -0.167055 -0.333941
  outer loop
    vertex 0.374309397871 -0.823009068828386 -1.642099361374406
    vertex 0.3245194206797013 -0.8385295910269753 -1.496020951735216
    vertex 0.3205842500054192 -0.695756417199953 -1.556511987995731
  endloop
endfacet
facet normal -0.994236 -0.10011 0.0383778
  outer loop
    vertex 0.01854218801600727 -0.3951743621133069 0.1325283496033769
    vertex 0.03383801892203842 -0.5462115991075029 0.1348051612964745
    vertex 0.0318437261365947 -0.4750052846649175 0.2688837832061627
  endloop
endfacet
facet normal -0.943768 -0.171675 0.282541
  outer loop
    vertex 0.2378230661079073 -0.7389877509403427 1.276703831432716
    vertex 0.2674522094099308 -0.8839189047551745 1.287611951248012
    vertex 0.2878719535251797 -0.7956700359831465 1.409440760555708
  endloop
endfacet
facet normal -0.959674 0.280946 -0.00970441
  outer loop
    vertex 0.2117962314483064 1.39407425122721 -6.190933326998612e-16
    vertex 0.1939118617981972 1.328292776188519 -0.1358023076699034
    vertex 0.167611880531882 1.243146439307039 -5.520679199598284e-16
  endloop
endfacet
facet normal -0.936521 0.298543 0.183849
  outer loop
    vertex 0.285498084831695 1.332262303092427 0.9076160642580561
    vertex 0.3272078651228441 1.457188235672974 0.9172237758683932
    vertex 0.2793165548893475 1.389777470292044 0.7827316265640543
  endloop
endfacet
facet normal -0.923557 -0.381959 -0.0338902
  outer loop
    vertex 0.374309397871 -1.835002188871887 -0.08124781126517705
    vertex 0.3252547213209285 -1.709540953925775 -0.1584467289836322
    vertex 0.374309397871 -1.820640808756044 -0.2431075595125253
  endloop
endfacet
facet normal -0.986994 -0.116539 0.110735
  outer loop
    vertex 0.05551012770508379 -0.4625047276529301 0.5514761821607862
    vertex 0.05049348053215752 -0.534670867540601 0.4308133799766637
    vertex 0.0760951185903247 -0.5964216739966268 0.5940172337702313
  endloop
endfacet
facet normal -0.994249 0.0155606 -0.105954
  outer loop
    vertex 0.0185107618566045 0.07797264683256659 -0.4090879467777633
    vertex 0.03374130403125797 0.1497988893723597 -0.5414595378509135
    vertex 0.03178596984984061 -0.001510040709557214 -0.5453326504566667
  endloop
endfacet
facet normal -0.964675 0.262713 0.0196001
  outer loop
    vertex 0.1457013626909429 1.152752563946859 0.1332212141288974
    vertex 0.1905040088612289 1.318376157823995 0.1183472157530021
    vertex 0.167611880531882 1.243146439307039 -5.520679199598284e-16
  endloop
endfacet
facet normal -0.992052 -0.0172242 -0.124644
  outer loop
    vertex 0.03178596984984061 -0.001510040709557214 -0.5453326504566667
    vertex 0.04932309509043531 -0.09010529647346188 -0.6726690270319606
    vertex 0.03444269443798031 -0.1599483261570754 -0.5445836580400463
  endloop
endfacet
facet normal -0.954742 0.296882 0.0181234
  outer loop
    vertex 0.2117962314483064 1.39407425122721 -6.190933326998612e-16
    vertex 0.1905040088612289 1.318376157823995 0.1183472157530021
    vertex 0.235253457778426 1.461523205020416 0.1308363203489327
  endloop
endfacet
facet normal -0.933145 0.292751 -0.208658
  outer loop
    vertex 0.3264925202835602 1.447811880685393 -0.9285956462654356
    vertex 0.3271286967517222 1.35189697759653 -1.066011330658686
    vertex 0.2821490279106023 1.303448585450537 -0.9328302929017955
  endloop
endfacet
facet normal -0.93828 0.307963 -0.157448
  outer loop
    vertex 0.2754533246308997 1.37293802450214 -0.7906120210292195
    vertex 0.2779089033354607 1.452364904532874 -0.6498892430720274
    vertex 0.3205842500053935 1.506940251023281 -0.797456983601624
  endloop
endfacet
facet normal -0.946742 0.0937703 0.308037
  outer loop
    vertex 0.2702642474225385 0.5282216357240804 1.478217116012196
    vertex 0.2200501881787895 0.4182037293774434 1.357376407634272
    vertex 0.2617821985918329 0.3634037917613419 1.50232043471901
  endloop
endfacet
facet normal -0.951141 -0.254164 -0.175301
  outer loop
    vertex 0.2023772963717203 -1.119226716623299 -0.7786222252083103
    vertex 0.2468301802554524 -1.194081679119772 -0.9112827069069763
    vertex 0.2396431315315626 -1.264972453333173 -0.7695048096081046
  endloop
endfacet
facet normal -0.950914 0.299859 -0.0764628
  outer loop
    vertex 0.2101774078938945 1.329626064915088 -0.4012772788680191
    vertex 0.222155501346287 1.401456302036696 -0.2685490313553186
    vertex 0.2592371328584928 1.488347305745321 -0.3889534191608479
  endloop
endfacet
facet normal -0.958722 -0.0542108 0.27913
  outer loop
    vertex 0.1968672032356169 -0.1685578017857335 1.334534189252066
    vertex 0.1726283919477343 -0.2844816749178585 1.228767851490432
    vertex 0.2132209027968361 -0.3259358924126847 1.360138901702246
  endloop
endfacet
facet normal -0.958089 0.282383 -0.0482103
  outer loop
    vertex 0.1939118617981972 1.328292776188519 -0.1358023076699034
    vertex 0.222155501346287 1.401456302036696 -0.2685490313553186
    vertex 0.1766876768357974 1.247362932746813 -0.2675364488490056
  endloop
endfacet
facet normal -0.942821 0.279803 -0.181104
  outer loop
    vertex 0.2410232037098092 1.243301887666947 -0.8116562469322951
    vertex 0.2754533246308997 1.37293802450214 -0.7906120210292195
    vertex 0.2821490279106023 1.303448585450537 -0.9328302929017955
  endloop
endfacet
facet normal -0.923557 0.374115 0.0841461
  outer loop
    vertex 0.374309397871 1.808105352844303 0.3234026484365587
    vertex 0.325528112537496 1.672778257202413 0.3896628864263794
    vertex 0.374309397871 1.772447554995497 0.4819376565391868
  endloop
endfacet
facet normal -0.925591 0.369299 -0.083063
  outer loop
    vertex 0.374309397871 1.772447554995496 -0.4819376565391918
    vertex 0.3118913216400836 1.637476142202184 -0.3864829058277141
    vertex 0.374309397871 1.808105352844302 -0.3234026484365628
  endloop
endfacet
facet normal -0.961778 -0.0205864 0.273057
  outer loop
    vertex 0.1864877014893418 -0.01046369213068746 1.309893924095329
    vertex 0.1583845694071018 -0.1341597883990824 1.201581516182082
    vertex 0.1968672032356169 -0.1685578017857335 1.334534189252066
  endloop
endfacet
facet normal -0.990871 -0.0024106 -0.134788
  outer loop
    vertex 0.04932620017859435 0.06598218664405076 -0.6754833669737678
    vertex 0.04932309509043531 -0.09010529647346188 -0.6726690270319606
    vertex 0.03178596984984061 -0.001510040709557214 -0.5453326504566667
  endloop
endfacet
facet normal -0.963058 0.185641 0.195081
  outer loop
    vertex 0.1945181888050138 0.8856751811062006 1.001918160659951
    vertex 0.1771356555172101 0.9430491048143328 0.8615076623674565
    vertex 0.1512169823754022 0.7942369283737911 0.8751662202075929
  endloop
endfacet
facet normal -0.923669 0.353207 -0.148597
  outer loop
    vertex 0.374309397871 1.659904179724013 -0.7864809941344747
    vertex 0.3246742209546936 1.585150974338632 -0.6556368585423057
    vertex 0.374309397871 1.722917951855637 -0.6367008490441769
  endloop
endfacet
facet normal -0.968489 -0.139218 -0.20651
  outer loop
    vertex 0.1683959784267559 -0.6609781516693892 -1.056228405100009
    vertex 0.1498375897644859 -0.7299426836595176 -0.9227013061964072
    vertex 0.1285221913944605 -0.577976801226011 -0.9251840313886895
  endloop
endfacet
facet normal -0.97178 -0.0647347 0.226833
  outer loop
    vertex 0.1136764092416032 -0.3127421559826388 0.9779782270232755
    vertex 0.1478905291602839 -0.3820679900610591 1.104771085793933
    vertex 0.1363761251890052 -0.2224484627352579 1.100995014500291
  endloop
endfacet
facet normal -0.942297 0.283914 0.177397
  outer loop
    vertex 0.285498084831695 1.332262303092427 0.9076160642580561
    vertex 0.2793165548893475 1.389777470292044 0.7827316265640543
    vertex 0.2474464157952019 1.261269078135592 0.8191141837688408
  endloop
endfacet
facet normal -0.924266 0.254602 -0.284447
  outer loop
    vertex 0.374309397871 1.163289161438645 -1.421475489369892
    vertex 0.3205378702198214 1.139367234339691 -1.268165287775099
    vertex 0.374309397871 1.284367156404717 -1.313101385098981
  endloop
endfacet
facet normal -0.964541 -0.0963134 0.245732
  outer loop
    vertex 0.1854333692881065 -0.426554088901432 1.234697314728924
    vertex 0.1478905291602839 -0.3820679900610591 1.104771085793933
    vertex 0.1670787973182053 -0.5330578746092115 1.120908698899094
  endloop
endfacet
facet normal -0.923848 0.201073 -0.325691
  outer loop
    vertex 0.374309397871 0.8948390797871835 -1.604087672568313
    vertex 0.3232894807894064 0.9008077518507818 -1.455680697670765
    vertex 0.374309397871 1.033106851538578 -1.518724620628785
  endloop
endfacet
facet normal -0.923729 0.0422861 -0.380706
  outer loop
    vertex 0.374309397871 0.1218220063799942 -1.832755749891827
    vertex 0.324351308920674 0.2009803409340359 -1.702747294475897
    vertex 0.374309397871 0.2833244400706621 -1.81481720888321
  endloop
endfacet
facet normal -0.92455 0.0420668 0.378732
  outer loop
    vertex 0.374309397871 0.2833244400706662 1.81481720888321
    vertex 0.3188407490977445 0.1767643068814564 1.691244553844096
    vertex 0.374309397871 0.1218220063799975 1.832755749891827
  endloop
endfacet
facet normal -0.934598 -0.0661611 0.349497
  outer loop
    vertex 0.3260968837568621 -0.2537103306167643 1.700183582991869
    vertex 0.2785562228696667 -0.2755619620320726 1.568917507339847
    vertex 0.3170785989458214 -0.3940707736162594 1.649496850150257
  endloop
endfacet
facet normal -0.924518 -0.266507 -0.272469
  outer loop
    vertex 0.374309397871 -1.341192920746077 -1.255004298534713
    vertex 0.318813188683575 -1.189355487549266 -1.215214436912896
    vertex 0.374309397871 -1.225027183040761 -1.368628014038592
  endloop
endfacet
facet normal -0.923309 -0.0254718 -0.383212
  outer loop
    vertex 0.374309397871 -0.2027716907787713 -1.825573302121478
    vertex 0.3267411178416806 -0.1117712978225302 -1.717011265242243
    vertex 0.374309397871 -0.04063384968297799 -1.836350492215454
  endloop
endfacet
facet normal -0.924835 -0.0916562 0.369159
  outer loop
    vertex 0.374309397871 -0.3633225684661998 1.800508525734639
    vertex 0.3170785989458214 -0.3940707736162594 1.649496850150257
    vertex 0.374309397871 -0.5210299544444373 1.761352328914243
  endloop
endfacet
facet normal -0.923253 -0.312804 -0.223063
  outer loop
    vertex 0.374309397871 -1.541207433113708 -0.9992566677861381
    vertex 0.3270843506413481 -1.400740646466854 -1.000771670188558
    vertex 0.374309397871 -1.446862005389986 -1.131558472797084
  endloop
endfacet
facet normal -0.923661 -0.18669 -0.33466
  outer loop
    vertex 0.374309397871 -0.9649174012256253 -1.562935906815115
    vertex 0.3245194206797013 -0.8385295910269753 -1.496020951735216
    vertex 0.374309397871 -0.823009068828386 -1.642099361374406
  endloop
endfacet
facet normal -0.976337 0.216057 -0.00921985
  outer loop
    vertex 0.1285082384495979 1.090823209125898 -4.844228170268702e-16
    vertex 0.1152320343657944 1.025185752054184 -0.1322537117067941
    vertex 0.09452919861135989 0.9372755418411487 -4.1623395478806e-16
  endloop
endfacet
facet normal -0.969347 0.233244 -0.0772305
  outer loop
    vertex 0.1303794158757023 1.020480453243098 -0.4069357846424788
    vertex 0.1383054924793301 1.097083635073005 -0.2750697924209582
    vertex 0.1658662350119924 1.169078291789289 -0.4035633541286522
  endloop
endfacet
facet normal -0.976404 -0.121401 -0.178596
  outer loop
    vertex 0.1285221913944605 -0.577976801226011 -0.9251840313886895
    vertex 0.1122764478699585 -0.6450981131614489 -0.7907409569276408
    vertex 0.09402684154132412 -0.4950773583138415 -0.7929454870143338
  endloop
endfacet
facet normal -0.949456 -0.306686 -0.0669022
  outer loop
    vertex 0.2144072254835994 -1.355864374817451 -0.3584319881877767
    vertex 0.2677063257958467 -1.520928917032671 -0.3581647634385143
    vertex 0.2290066935612129 -1.431864071736338 -0.2172331746965634
  endloop
endfacet
facet normal -0.963935 0.147231 -0.221704
  outer loop
    vertex 0.1506394437628913 0.694767958763142 -0.953298595203085
    vertex 0.1917650020199497 0.7651792180199257 -1.085347149198628
    vertex 0.1685632344891692 0.613554885248964 -1.085161173053616
  endloop
endfacet
facet normal -0.987715 0.149144 0.046648
  outer loop
    vertex 0.05095723627308502 0.6331441312490216 0.2736936459269668
    vertex 0.07194169406299622 0.7787405167191551 0.2525110607476878
    vertex 0.05509796043122162 0.7047549938971692 0.1324131650159581
  endloop
endfacet
facet normal -0.988405 0.0937568 0.119436
  outer loop
    vertex 0.06778588523337969 0.4600090319228908 0.6481952620209502
    vertex 0.05843863784085723 0.5221824151431601 0.5220351475187918
    vertex 0.04226368878399533 0.3642879791311556 0.5121241123373318
  endloop
endfacet
facet normal -0.972389 -0.139449 -0.187121
  outer loop
    vertex 0.1285221913944605 -0.577976801226011 -0.9251840313886895
    vertex 0.1498375897644859 -0.7299426836595176 -0.9227013061964072
    vertex 0.1122764478699585 -0.6450981131614489 -0.7907409569276408
  endloop
endfacet
facet normal -0.99198 0.0160284 -0.125376
  outer loop
    vertex 0.03178596984984061 -0.001510040709557214 -0.5453326504566667
    vertex 0.03374130403125797 0.1497988893723597 -0.5414595378509135
    vertex 0.04932620017859435 0.06598218664405076 -0.6754833669737678
  endloop
endfacet
facet normal -0.99416 0.0167204 0.106613
  outer loop
    vertex 0.03178717199807135 -0.001522518033547744 0.5453428929753227
    vertex 0.03330395542076126 0.1639633087379438 0.5335332722896127
    vertex 0.01850178487782106 0.0778265498624516 0.4090131638087551
  endloop
endfacet
facet normal -0.981634 0.160227 0.103547
  outer loop
    vertex 0.07329462662876018 0.7193922012430785 0.4064210309069448
    vertex 0.07775802580336766 0.6727760230809229 0.5208674561032177
    vertex 0.09763065545686622 0.8341891184289588 0.4594930218270419
  endloop
endfacet
facet normal -0.93872 0.34458 0.0082877
  outer loop
    vertex 0.2610116947489534 1.543437230070761 -6.854238199553513e-16
    vertex 0.2833866997500474 1.601384645079353 0.1250474182953923
    vertex 0.3152030266153627 1.691067717530027 -7.50984926480922e-16
  endloop
endfacet
facet normal -0.938722 0.344581 -0.00806784
  outer loop
    vertex 0.3152030266153627 1.691067717530027 -7.50984926480922e-16
    vertex 0.2889820534310354 1.616705551648161 -0.1251329423640067
    vertex 0.2610116947489534 1.543437230070761 -6.854238199553513e-16
  endloop
endfacet
facet normal -0.971777 0.0807836 -0.221637
  outer loop
    vertex 0.1501309685107515 0.4542124069679862 -1.086531770283596
    vertex 0.138019520310098 0.3034572938267392 -1.088376743413724
    vertex 0.1132203614761567 0.3776905477344341 -0.9525865364181549
  endloop
endfacet
facet normal -0.967012 0.0806454 -0.241629
  outer loop
    vertex 0.1501309685107515 0.4542124069679862 -1.086531770283596
    vertex 0.1771653889840632 0.3758980828556888 -1.220862930453755
    vertex 0.138019520310098 0.3034572938267392 -1.088376743413724
  endloop
endfacet
facet normal -0.94659 0.122488 0.29827
  outer loop
    vertex 0.2702642474225385 0.5282216357240804 1.478217116012196
    vertex 0.2703070299658608 0.663072672286099 1.422974728072118
    vertex 0.2255653079323539 0.5888884304480181 1.311446798825327
  endloop
endfacet
facet normal -0.933175 -0.265468 0.242304
  outer loop
    vertex 0.2976111085134265 -1.266586305000935 1.049333276216774
    vertex 0.3412330430319344 -1.333369455751663 1.144164964586345
    vertex 0.3175696336028802 -1.190100956804636 1.209995639150464
  endloop
endfacet
facet normal -0.966988 -0.151862 0.204629
  outer loop
    vertex 0.1390025082564952 -0.7241278783267339 0.8724934759290504
    vertex 0.1775256830453449 -0.7853224749106686 1.009122811927544
    vertex 0.150146265705148 -0.6297452064756863 0.9951985666199896
  endloop
endfacet
facet normal -0.963954 -0.156798 -0.214959
  outer loop
    vertex 0.1683959784267559 -0.6609781516693892 -1.056228405100009
    vertex 0.1919085584243554 -0.8091849119845538 -1.053560652357614
    vertex 0.1498375897644859 -0.7299426836595176 -0.9227013061964072
  endloop
endfacet
facet normal -0.94762 0.224201 0.227486
  outer loop
    vertex 0.2448540905191985 0.9877521781071605 1.123847560826959
    vertex 0.2716414016904727 1.128740390660818 1.09648129494685
    vertex 0.2254511443208269 1.046712594802846 0.9849135891338794
  endloop
endfacet
facet normal -0.948182 -0.306303 -0.0844293
  outer loop
    vertex 0.2144072254835994 -1.355864374817451 -0.3584319881877767
    vertex 0.247919944469734 -1.423393387822862 -0.4898058996472454
    vertex 0.2677063257958467 -1.520928917032671 -0.3581647634385143
  endloop
endfacet
facet normal -0.963353 0.0966481 -0.250222
  outer loop
    vertex 0.1501309685107515 0.4542124069679862 -1.086531770283596
    vertex 0.1909878228752433 0.5334163432082785 -1.213237874408764
    vertex 0.1771653889840632 0.3758980828556888 -1.220862930453755
  endloop
endfacet
facet normal -0.94083 -0.268846 0.206304
  outer loop
    vertex 0.2501449534396425 -1.199972089635428 0.9196767259561079
    vertex 0.2845322115425457 -1.324796606630378 0.9138308744918033
    vertex 0.2976111085134265 -1.266586305000935 1.049333276216774
  endloop
endfacet
facet normal -0.953018 -0.287527 -0.0953141
  outer loop
    vertex 0.2051125376796135 -1.278402962653319 -0.4991695034700332
    vertex 0.247919944469734 -1.423393387822862 -0.4898058996472454
    vertex 0.2144072254835994 -1.355864374817451 -0.3584319881877767
  endloop
endfacet
facet normal -0.960855 0.0634844 -0.269679
  outer loop
    vertex 0.1676356667505043 0.2199207120214123 -1.22362709841581
    vertex 0.1771653889840632 0.3758980828556888 -1.220862930453755
    vertex 0.2092146252315423 0.30288825352277 -1.352239995420867
  endloop
endfacet
facet normal -0.959704 -0.128621 0.249849
  outer loop
    vertex 0.2097931596442626 -0.5843001743410945 1.258600953654436
    vertex 0.1670787973182053 -0.5330578746092115 1.120908698899094
    vertex 0.1904800723199322 -0.6847549639065346 1.132703317016161
  endloop
endfacet
facet normal -0.923198 0.383947 0.0169999
  outer loop
    vertex 0.374309397871 1.8368 -8.157030606526e-16
    vertex 0.3305897662463089 1.726642258294525 0.1136992783261798
    vertex 0.374309397871 1.829612274787259 0.162336576124398
  endloop
endfacet
facet normal -0.938404 -0.139862 -0.315969
  outer loop
    vertex 0.3205842500054192 -0.695756417199953 -1.556511987995731
    vertex 0.2825820296433594 -0.727320882959008 -1.429676644427087
    vertex 0.2708603308103452 -0.5715930097632754 -1.463795998752706
  endloop
endfacet
facet normal -0.967787 -0.0640527 0.243487
  outer loop
    vertex 0.1478905291602839 -0.3820679900610591 1.104771085793933
    vertex 0.1726283919477343 -0.2844816749178585 1.228767851490432
    vertex 0.1363761251890052 -0.2224484627352579 1.100995014500291
  endloop
endfacet
facet normal -0.926654 0.375834 0.0078106
  outer loop
    vertex 0.3152030266153627 1.691067717530027 -7.50984926480922e-16
    vertex 0.3305897662463089 1.726642258294525 0.1136992783261798
    vertex 0.374309397871 1.8368 -8.157030606526e-16
  endloop
endfacet
facet normal -0.949844 0.00610964 0.312666
  outer loop
    vertex 0.2284745869720695 -0.05748045284690723 1.445465007609955
    vertex 0.2637651764424307 0.0448591363253297 1.550674147908157
    vertex 0.2202601169217111 0.1008714463101554 1.417416084941386
  endloop
endfacet
facet normal -0.948728 0.176076 0.262513
  outer loop
    vertex 0.2434687721869038 0.7529188091940293 1.288205093635272
    vertex 0.2661682812032691 0.9088719202795104 1.265638522204815
    vertex 0.2153041951314965 0.8164123333544082 1.143830288356211
  endloop
endfacet
facet normal -0.937253 -0.019332 -0.348114
  outer loop
    vertex 0.2852660627510133 -0.1758576693734652 -1.601785908746556
    vertex 0.2765778309452127 -0.01411508968340382 -1.58737608304407
    vertex 0.3267411178416806 -0.1117712978225302 -1.717011265242243
  endloop
endfacet
facet normal -0.95476 -0.253817 -0.154952
  outer loop
    vertex 0.2023772963717203 -1.119226716623299 -0.7786222252083103
    vertex 0.2396431315315626 -1.264972453333173 -0.7695048096081046
    vertex 0.2011205220116574 -1.199542571657912 -0.6393179107041469
  endloop
endfacet
facet normal -0.973957 -0.0322124 0.224434
  outer loop
    vertex 0.1363761251890052 -0.2224484627352579 1.100995014500291
    vertex 0.1293441183586941 -0.07366355252032901 1.09183354702255
    vertex 0.1036579647615534 -0.1545716703081889 0.9687532537587347
  endloop
endfacet
facet normal -0.945863 0.297197 0.130453
  outer loop
    vertex 0.2397212561258542 1.322967052641555 0.6653924445352954
    vertex 0.2843514414798394 1.473836211502115 0.6452794291761271
    vertex 0.2390872061639708 1.383119566721764 0.5237560940229979
  endloop
endfacet
facet normal -0.959323 -0.156424 -0.235011
  outer loop
    vertex 0.2145581235259613 -0.7442700626935046 -1.189224805259393
    vertex 0.1919085584243554 -0.8091849119845538 -1.053560652357614
    vertex 0.1683959784267559 -0.6609781516693892 -1.056228405100009
  endloop
endfacet
facet normal -0.923805 0.140627 0.356102
  outer loop
    vertex 0.374309397871 0.749567978968796 1.676896563567543
    vertex 0.3235807810699285 0.6316712521997332 1.591853813575503
    vertex 0.374309397871 0.5984304924131435 1.73658146533647
  endloop
endfacet
facet normal -0.9459 -0.0973709 0.309502
  outer loop
    vertex 0.2298070057019066 -0.4801542247006894 1.368949549384768
    vertex 0.2736299706665921 -0.5392791010280085 1.484280340424698
    vertex 0.26516822364548 -0.385625204701355 1.506759856316453
  endloop
endfacet
facet normal -0.991867 -0.101459 0.0768512
  outer loop
    vertex 0.0318437261365947 -0.4750052846649175 0.2688837832061627
    vertex 0.05049348053215752 -0.534670867540601 0.4308133799766637
    vertex 0.03448404723378218 -0.39649312501022 0.4066120890078311
  endloop
endfacet
facet normal -0.924676 -0.379266 0.0336513
  outer loop
    vertex 0.374309397871 -1.820640808756045 0.2431075595125233
    vertex 0.3178537095347647 -1.691927500157667 0.1424689717646666
    vertex 0.374309397871 -1.835002188871888 0.08124781126517423
  endloop
endfacet
facet normal -0.927575 0.359396 0.102168
  outer loop
    vertex 0.374309397871 1.772447554995497 0.4819376565391868
    vertex 0.325528112537496 1.672778257202413 0.3896628864263794
    vertex 0.323256787426863 1.623084856536975 0.5438480181711749
  endloop
endfacet
facet normal -0.927697 0.360569 -0.0967849
  outer loop
    vertex 0.3303297071565314 1.645726979284287 -0.5324793132787201
    vertex 0.3118913216400836 1.637476142202184 -0.3864829058277141
    vertex 0.374309397871 1.772447554995496 -0.4819376565391918
  endloop
endfacet
facet normal -0.926991 -0.0405165 0.372889
  outer loop
    vertex 0.374309397871 -0.2027716907787688 1.825573302121479
    vertex 0.3295022546995732 -0.1130166125413584 1.723936418811968
    vertex 0.3260968837568621 -0.2537103306167643 1.700183582991869
  endloop
endfacet
facet normal -0.926899 0.351886 -0.130514
  outer loop
    vertex 0.374309397871 1.722917951855637 -0.6367008490441769
    vertex 0.3246742209546936 1.585150974338632 -0.6556368585423057
    vertex 0.3303297071565314 1.645726979284287 -0.5324793132787201
  endloop
endfacet
facet normal -0.996977 0.066855 -0.0395994
  outer loop
    vertex 0.01841381959538602 0.3923981387016302 -0.1361979720442686
    vertex 0.0186436746062526 0.3113575891765509 -0.2788045077252608
    vertex 0.007883693030251493 0.2354279856113116 -0.136095717804045
  endloop
endfacet
facet normal -0.991739 0.103128 0.0762727
  outer loop
    vertex 0.03271843539785202 0.479663886151355 0.2756921981762527
    vertex 0.03366922168494657 0.4067119671520522 0.386693261669214
    vertex 0.05009670788670739 0.548820221320658 0.4081477169203447
  endloop
endfacet
facet normal -0.934654 -0.0082418 -0.355463
  outer loop
    vertex 0.3267411178416806 -0.1117712978225302 -1.717011265242243
    vertex 0.2765778309452127 -0.01411508968340382 -1.58737608304407
    vertex 0.3225149084938428 0.03987566989354214 -1.70941496504162
  endloop
endfacet
facet normal -0.994684 0.0675968 0.0776815
  outer loop
    vertex 0.02118856759287358 0.2267919624598186 0.3834455440024813
    vertex 0.03366922168494657 0.4067119671520522 0.386693261669214
    vertex 0.01847310402339719 0.3144610801812824 0.2723871866109236
  endloop
endfacet
facet normal -0.935738 0.346838 0.0640192
  outer loop
    vertex 0.32374366867987 1.697705697060815 0.2285305581094935
    vertex 0.2665242003069137 1.532768838628907 0.2857628835594258
    vertex 0.325528112537496 1.672778257202413 0.3896628864263794
  endloop
endfacet
facet normal -0.994752 -0.0345945 -0.0962893
  outer loop
    vertex 0.03444269443798031 -0.1599483261570754 -0.5445836580400463
    vertex 0.02200238445215685 -0.2320381793098049 -0.390164277171772
    vertex 0.01850556321992514 -0.08015926915005768 -0.4086056315021351
  endloop
endfacet
facet normal -0.92726 0.152235 0.342071
  outer loop
    vertex 0.324684108644508 0.7627524233224382 1.536508524363722
    vertex 0.3235807810699285 0.6316712521997332 1.591853813575503
    vertex 0.374309397871 0.749567978968796 1.676896563567543
  endloop
endfacet
facet normal -0.997495 -0.0673223 0.0217023
  outer loop
    vertex 0.007922681527497311 -0.2372953524025039 0.1341815802911325
    vertex 0.01118921303137022 -0.3234609293925325 0.01702711849223637
    vertex 0.01854218801600727 -0.3951743621133069 0.1325283496033769
  endloop
endfacet
facet normal -0.942907 -0.0715657 -0.325275
  outer loop
    vertex 0.2481544441048715 -0.2604910353158083 -1.483303098749144
    vertex 0.2984384880060533 -0.3607942812179881 -1.606998068829046
    vertex 0.2631398461159673 -0.4180566731653505 -1.492075831442713
  endloop
endfacet
facet normal -0.979668 0.199652 0.0197559
  outer loop
    vertex 0.0809364494229925 0.8570113521831391 0.1370986260952211
    vertex 0.1132654906491011 1.015446816474485 0.1391131361715334
    vertex 0.09452919861135989 0.9372755418411487 -4.1623395478806e-16
  endloop
endfacet
facet normal -0.927612 -0.373173 0.0167036
  outer loop
    vertex 0.374309397871 -1.835002188871888 0.08124781126517423
    vertex 0.3178537095347647 -1.691927500157667 0.1424689717646666
    vertex 0.3231334684420117 -1.71146038072764 -0.0007083870102148944
  endloop
endfacet
facet normal -0.927567 0.261161 -0.267233
  outer loop
    vertex 0.374309397871 1.284367156404717 -1.313101385098981
    vertex 0.3205378702198214 1.139367234339691 -1.268165287775099
    vertex 0.3214386929329214 1.244471043936439 -1.168576548200846
  endloop
endfacet
facet normal -0.973864 0.216883 -0.0674551
  outer loop
    vertex 0.1037166397113047 0.9440416949596075 -0.2677670762184357
    vertex 0.1383054924793301 1.097083635073005 -0.2750697924209582
    vertex 0.1303794158757023 1.020480453243098 -0.4069357846424788
  endloop
endfacet
facet normal -0.933591 -0.184874 0.306967
  outer loop
    vertex 0.3209776901443417 -0.9465442038930678 1.41926098799449
    vertex 0.3334875861016355 -0.8468812960128224 1.517330834453938
    vertex 0.2878719535251797 -0.7956700359831465 1.409440760555708
  endloop
endfacet
facet normal -0.93431 0.146661 -0.324892
  outer loop
    vertex 0.3183413792107457 0.625514287707944 -1.57984677798515
    vertex 0.2794565654949679 0.6683975520966245 -1.448665277386967
    vertex 0.3238357058697519 0.7708605601879621 -1.530035709359293
  endloop
endfacet
facet normal -0.927524 0.210524 -0.308834
  outer loop
    vertex 0.374309397871 1.033106851538578 -1.518724620628785
    vertex 0.3232894807894064 0.9008077518507818 -1.455680697670765
    vertex 0.322942963623241 1.02476305634181 -1.370143231383309
  endloop
endfacet
facet normal -0.975109 0.148713 -0.164461
  outer loop
    vertex 0.1028636253586503 0.7004388050727122 -0.6815186696403288
    vertex 0.1372107049496964 0.7742677587409813 -0.8184065714228995
    vertex 0.1134097189487022 0.6188705254093038 -0.8178051528171099
  endloop
endfacet
facet normal -0.946038 -0.104096 -0.306883
  outer loop
    vertex 0.2631398461159673 -0.4180566731653505 -1.492075831442713
    vertex 0.2708603308103452 -0.5715930097632754 -1.463795998752706
    vertex 0.2282525509441102 -0.4995913292349641 -1.3568708761315
  endloop
endfacet
facet normal -0.994768 0.0323385 -0.0969097
  outer loop
    vertex 0.0185107618566045 0.07797264683256659 -0.4090879467777633
    vertex 0.02205044683953172 0.2182157806562103 -0.3986236768017363
    vertex 0.03374130403125797 0.1497988893723597 -0.5414595378509135
  endloop
endfacet
facet normal -0.927049 0.0583715 -0.370368
  outer loop
    vertex 0.374309397871 0.2833244400706621 -1.81481720888321
    vertex 0.324351308920674 0.2009803409340359 -1.702747294475897
    vertex 0.3267888887516062 0.3377800757115363 -1.687288467471738
  endloop
endfacet
facet normal -0.927894 0.0218756 0.372203
  outer loop
    vertex 0.374309397871 0.1218220063799975 1.832755749891827
    vertex 0.3188407490977445 0.1767643068814564 1.691244553844096
    vertex 0.3194471302488262 0.02152584368690731 1.701880118686181
  endloop
endfacet
facet normal -0.92733 -0.0409543 -0.371996
  outer loop
    vertex 0.3285116213689712 -0.2672140654409138 -1.704311637272861
    vertex 0.3267411178416806 -0.1117712978225302 -1.717011265242243
    vertex 0.374309397871 -0.2027716907787713 -1.825573302121478
  endloop
endfacet
facet normal -0.927511 -0.197301 -0.317483
  outer loop
    vertex 0.3205842500053935 -0.9589400051480906 -1.409695224995706
    vertex 0.3245194206797013 -0.8385295910269753 -1.496020951735216
    vertex 0.374309397871 -0.9649174012256253 -1.562935906815115
  endloop
endfacet
facet normal -0.927932 -0.102566 0.35836
  outer loop
    vertex 0.374309397871 -0.5210299544444373 1.761352328914243
    vertex 0.3170785989458214 -0.3940707736162594 1.649496850150257
    vertex 0.3179604739158215 -0.5406635439794014 1.609824029596342
  endloop
endfacet
facet normal -0.927525 -0.293507 -0.231411
  outer loop
    vertex 0.374309397871 -1.446862005389986 -1.131558472797084
    vertex 0.3270843506413481 -1.400740646466854 -1.000771670188558
    vertex 0.3225059967209898 -1.295274436896297 -1.116188071616648
  endloop
endfacet
facet normal -0.927862 -0.369895 0.0474246
  outer loop
    vertex 0.3176703885270395 -1.672741371339506 0.2885271257203522
    vertex 0.3178537095347647 -1.691927500157667 0.1424689717646666
    vertex 0.374309397871 -1.820640808756045 0.2431075595125233
  endloop
endfacet
facet normal -0.959536 0.13038 -0.249582
  outer loop
    vertex 0.1685632344891692 0.613554885248964 -1.085161173053616
    vertex 0.2105086435343804 0.6915120067525327 -1.205699091517637
    vertex 0.1909878228752433 0.5334163432082785 -1.213237874408764
  endloop
endfacet
facet normal -0.934475 0.0253495 -0.355125
  outer loop
    vertex 0.3225149084938428 0.03987566989354214 -1.70941496504162
    vertex 0.2776945545708074 0.1423495192575756 -1.58416012073549
    vertex 0.324351308920674 0.2009803409340359 -1.702747294475897
  endloop
endfacet
facet normal -0.935554 -0.128616 0.328933
  outer loop
    vertex 0.3179604739158215 -0.5406635439794014 1.609824029596342
    vertex 0.2736299706665921 -0.5392791010280085 1.484280340424698
    vertex 0.3140332113629274 -0.6952723561155396 1.538200401318217
  endloop
endfacet
facet normal -0.938125 -0.193318 -0.287316
  outer loop
    vertex 0.3205842500053935 -0.9589400051480906 -1.409695224995706
    vertex 0.282262660075653 -0.9613636988456862 -1.282939215055402
    vertex 0.2680316991841893 -0.8281451579475605 -1.326108061660807
  endloop
endfacet
facet normal -0.937805 0.0138232 -0.346887
  outer loop
    vertex 0.3225149084938428 0.03987566989354214 -1.70941496504162
    vertex 0.2765778309452127 -0.01411508968340382 -1.58737608304407
    vertex 0.2776945545708074 0.1423495192575756 -1.58416012073549
  endloop
endfacet
facet normal -0.971648 -0.136372 0.193137
  outer loop
    vertex 0.1390025082564952 -0.7241278783267339 0.8724934759290504
    vertex 0.150146265705148 -0.6297452064756863 0.9951985666199896
    vertex 0.1142548455940942 -0.5636039341311273 0.8613350539473124
  endloop
endfacet
facet normal -0.934437 0.322562 -0.150937
  outer loop
    vertex 0.3205842500053935 1.506940251023281 -0.797456983601624
    vertex 0.2779089033354607 1.452364904532874 -0.6498892430720274
    vertex 0.3246742209546936 1.585150974338632 -0.6556368585423057
  endloop
endfacet
facet normal -0.938931 -0.151546 0.308936
  outer loop
    vertex 0.2878719535251797 -0.7956700359831465 1.409440760555708
    vertex 0.3140332113629274 -0.6952723561155396 1.538200401318217
    vertex 0.2586240030843516 -0.6393316303309516 1.397239817512466
  endloop
endfacet
facet normal -0.936983 0.312286 0.156656
  outer loop
    vertex 0.2843514414798394 1.473836211502115 0.6452794291761271
    vertex 0.2793165548893475 1.389777470292044 0.7827316265640543
    vertex 0.3269832721097208 1.526023527695295 0.7962334422720914
  endloop
endfacet
facet normal -0.939199 -0.107305 -0.326175
  outer loop
    vertex 0.2631398461159673 -0.4180566731653505 -1.492075831442713
    vertex 0.3183335420537103 -0.5066368266166504 -1.621861433048819
    vertex 0.2708603308103452 -0.5715930097632754 -1.463795998752706
  endloop
endfacet
facet normal -0.948842 -0.174154 0.263381
  outer loop
    vertex 0.2222075252671418 -0.8409034449354106 1.153058982755561
    vertex 0.2674522094099308 -0.8839189047551745 1.287611951248012
    vertex 0.2378230661079073 -0.7389877509403427 1.276703831432716
  endloop
endfacet
facet normal -0.977046 -0.0386139 -0.209498
  outer loop
    vertex 0.09686965813320114 -0.1004578663491793 -0.9433543676925413
    vertex 0.1277357682843983 -0.184031604490593 -1.071901948664004
    vertex 0.1020812297102935 -0.2598716185378702 -0.9382773218476698
  endloop
endfacet
facet normal -0.923419 0.32203 0.208791
  outer loop
    vertex 0.374309397871 1.583899406804787 0.9301058590953201
    vertex 0.3272078651228441 1.457188235672974 0.9172237758683932
    vertex 0.374309397871 1.495498473497125 1.06645138462462
  endloop
endfacet
facet normal -0.926946 0.351178 0.132078
  outer loop
    vertex 0.323256787426863 1.623084856536975 0.5438480181711749
    vertex 0.3318094686628736 1.594029862384288 0.6811256890223057
    vertex 0.374309397871 1.722917951855639 0.6367008490441708
  endloop
endfacet
facet normal -0.924067 -0.37626 -0.0672989
  outer loop
    vertex 0.374309397871 -1.820640808756044 -0.2431075595125253
    vertex 0.3219191834309942 -1.680604282260714 -0.3066760440588095
    vertex 0.374309397871 -1.792030445795644 -0.4030646614892758
  endloop
endfacet
facet normal -0.964828 -0.010791 0.262661
  outer loop
    vertex 0.1864877014893418 -0.01046369213068746 1.309893924095329
    vertex 0.1495280099854268 0.01589974653511585 1.175213863273874
    vertex 0.1583845694071018 -0.1341597883990824 1.201581516182082
  endloop
endfacet
facet normal -0.923025 0.384362 -0.0170183
  outer loop
    vertex 0.374309397871 1.829612274787259 -0.1623365761244011
    vertex 0.331181941517678 1.728325012297387 -0.1108196916593552
    vertex 0.374309397871 1.8368 -8.157030606526e-16
  endloop
endfacet
facet normal -0.92667 0.339347 0.161635
  outer loop
    vertex 0.374309397871 1.659904179724016 0.786480994134468
    vertex 0.3318094686628736 1.594029862384288 0.6811256890223057
    vertex 0.3269832721097208 1.526023527695295 0.7962334422720914
  endloop
endfacet
facet normal -0.927694 -0.249734 -0.277518
  outer loop
    vertex 0.374309397871 -1.225027183040761 -1.368628014038592
    vertex 0.318813188683575 -1.189355487549266 -1.215214436912896
    vertex 0.3235772245381083 -1.085001968249411 -1.3250459528537
  endloop
endfacet
facet normal -0.923372 0.322126 -0.208853
  outer loop
    vertex 0.374309397871 1.49549847349712 -1.066451384624627
    vertex 0.3264925202835602 1.447811880685393 -0.9285956462654356
    vertex 0.374309397871 1.583899406804783 -0.9301058590953274
  endloop
endfacet
facet normal -0.957048 -0.204316 -0.205704
  outer loop
    vertex 0.1759937336154858 -0.8810963537939196 -0.9191786515659511
    vertex 0.2250593265056811 -0.9734922736840288 -1.055686050869455
    vertex 0.2083644503429047 -1.037762435459935 -0.9141756780349619
  endloop
endfacet
facet normal -0.994887 -0.0999561 -0.014417
  outer loop
    vertex 0.0334747536812392 -0.5498835858527494 -0.103738977652764
    vertex 0.02525183724148938 -0.4858349828713762 0.01964463768949627
    vertex 0.01772925705988815 -0.3920552698658337 -0.1114318546976242
  endloop
endfacet
facet normal -0.923187 -0.347336 -0.164572
  outer loop
    vertex 0.374309397871 -1.693068196039987 -0.7122880902822274
    vertex 0.3275677148974907 -1.554304432663174 -0.7429517593189408
    vertex 0.374309397871 -1.623490823027047 -0.8591343245075023
  endloop
endfacet
facet normal -0.936172 0.247185 0.249961
  outer loop
    vertex 0.2716414016904727 1.128740390660818 1.09648129494685
    vertex 0.3068475511530568 1.111301353813323 1.245583125318704
    vertex 0.3205842500053935 1.244908543980155 1.164907411760403
  endloop
endfacet
facet normal -0.962595 -0.0428255 0.267539
  outer loop
    vertex 0.1968672032356169 -0.1685578017857335 1.334534189252066
    vertex 0.1583845694071018 -0.1341597883990824 1.201581516182082
    vertex 0.1726283919477343 -0.2844816749178585 1.228767851490432
  endloop
endfacet
facet normal -0.946478 0.241115 0.214577
  outer loop
    vertex 0.2254511443208269 1.046712594802846 0.9849135891338794
    vertex 0.2716414016904727 1.128740390660818 1.09648129494685
    vertex 0.2697962978345672 1.219142339965344 0.9867601519061937
  endloop
endfacet
facet normal -0.924332 0.300581 0.235078
  outer loop
    vertex 0.374309397871 1.495498473497125 1.06645138462462
    vertex 0.320199164920715 1.347024540608594 1.04353394876495
    vertex 0.374309397871 1.395393236962578 1.194450482121004
  endloop
endfacet
facet normal -0.94337 -0.0403302 0.329282
  outer loop
    vertex 0.2392331596598956 -0.2158881689456147 1.46356853275944
    vertex 0.2785562228696667 -0.2755619620320726 1.568917507339847
    vertex 0.2785606179888509 -0.1112301803913403 1.589057330190297
  endloop
endfacet
facet normal -0.993042 -0.0513956 0.105956
  outer loop
    vertex 0.04245900885019527 -0.3176043915635159 0.5439865497518195
    vertex 0.0353800730760705 -0.1683290397834065 0.5500496657741565
    vertex 0.02383181471853568 -0.2384278637794881 0.4078143065114826
  endloop
endfacet
facet normal -0.923262 0.302615 -0.236669
  outer loop
    vertex 0.374309397871 1.395393236962572 -1.194450482121011
    vertex 0.3271286967517222 1.35189697759653 -1.066011330658686
    vertex 0.374309397871 1.49549847349712 -1.066451384624627
  endloop
endfacet
facet normal -0.933964 0.323458 0.151942
  outer loop
    vertex 0.3269832721097208 1.526023527695295 0.7962334422720914
    vertex 0.3318094686628736 1.594029862384288 0.6811256890223057
    vertex 0.2843514414798394 1.473836211502115 0.6452794291761271
  endloop
endfacet
facet normal -0.991031 -0.112017 0.0728645
  outer loop
    vertex 0.04951036554904586 -0.6073850168954468 0.3056559743493439
    vertex 0.05049348053215752 -0.534670867540601 0.4308133799766637
    vertex 0.0318437261365947 -0.4750052846649175 0.2688837832061627
  endloop
endfacet
facet normal -0.92802 -0.327606 0.17735
  outer loop
    vertex 0.3123721396398791 -1.44810307818639 0.8590158868351412
    vertex 0.3309366744236284 -1.565233719274435 0.7397916150659535
    vertex 0.374309397871 -1.623490823027048 0.8591343245075005
  endloop
endfacet
facet normal -0.944168 0.245158 -0.220102
  outer loop
    vertex 0.2463484371851141 1.16177086687768 -0.9498793391674289
    vertex 0.2864064773081276 1.231991381860246 -1.043501457809844
    vertex 0.2671622841362788 1.103458899399943 -1.104114515023107
  endloop
endfacet
facet normal -0.926658 0.375836 -0.00725835
  outer loop
    vertex 0.374309397871 1.8368 -8.157030606526e-16
    vertex 0.331181941517678 1.728325012297387 -0.1108196916593552
    vertex 0.3152030266153627 1.691067717530027 -7.50984926480922e-16
  endloop
endfacet
facet normal -0.954063 -0.18949 -0.232073
  outer loop
    vertex 0.2398172924458084 -0.8998958230641507 -1.176448873474075
    vertex 0.2250593265056811 -0.9734922736840288 -1.055686050869455
    vertex 0.1919085584243554 -0.8091849119845538 -1.053560652357614
  endloop
endfacet
facet normal -0.964133 0.113591 -0.239882
  outer loop
    vertex 0.1685632344891692 0.613554885248964 -1.085161173053616
    vertex 0.1909878228752433 0.5334163432082785 -1.213237874408764
    vertex 0.1501309685107515 0.4542124069679862 -1.086531770283596
  endloop
endfacet
facet normal -0.987859 -0.130833 0.0837711
  outer loop
    vertex 0.07116344494196802 -0.6750964832971289 0.4552457476682778
    vertex 0.05049348053215752 -0.534670867540601 0.4308133799766637
    vertex 0.04951036554904586 -0.6073850168954468 0.3056559743493439
  endloop
endfacet
facet normal -0.959696 0.280952 0.00704289
  outer loop
    vertex 0.167611880531882 1.243146439307039 -5.520679199598284e-16
    vertex 0.1905040088612289 1.318376157823995 0.1183472157530021
    vertex 0.2117962314483064 1.39407425122721 -6.190933326998612e-16
  endloop
endfacet
facet normal -0.937468 0.345222 -0.0444456
  outer loop
    vertex 0.3231674498741652 1.696315337373523 -0.22783428508867
    vertex 0.2728406110684878 1.555814998489905 -0.2576252705275138
    vertex 0.2889820534310354 1.616705551648161 -0.1251329423640067
  endloop
endfacet
facet normal -0.927476 -0.370329 -0.0514234
  outer loop
    vertex 0.3252547213209285 -1.709540953925775 -0.1584467289836322
    vertex 0.3219191834309942 -1.680604282260714 -0.3066760440588095
    vertex 0.374309397871 -1.820640808756044 -0.2431075595125253
  endloop
endfacet
facet normal -0.941862 0.0984747 -0.321246
  outer loop
    vertex 0.2701137878704039 0.5414150601263937 -1.472984213099521
    vertex 0.3020438501874896 0.4674973129424468 -1.589258642180568
    vertex 0.2531129475674554 0.3866447394661207 -1.470582677169375
  endloop
endfacet
facet normal -0.923131 -0.360648 -0.133277
  outer loop
    vertex 0.374309397871 -1.749395014872215 -0.559867235994607
    vertex 0.3279462421480144 -1.61923937929291 -0.590938936646792
    vertex 0.374309397871 -1.693068196039987 -0.7122880902822274
  endloop
endfacet
facet normal -0.985451 0.166131 0.0358656
  outer loop
    vertex 0.05509796043122162 0.7047549938971692 0.1324131650159581
    vertex 0.07194169406299622 0.7787405167191551 0.2525110607476878
    vertex 0.0809364494229925 0.8570113521831391 0.1370986260952211
  endloop
endfacet
facet normal -0.934967 0.305697 -0.179958
  outer loop
    vertex 0.3264925202835602 1.447811880685393 -0.9285956462654356
    vertex 0.2754533246308997 1.37293802450214 -0.7906120210292195
    vertex 0.3205842500053935 1.506940251023281 -0.797456983601624
  endloop
endfacet
facet normal -0.927016 -0.197404 0.318862
  outer loop
    vertex 0.374309397871 -0.9649174012256256 1.562935906815115
    vertex 0.3334875861016355 -0.8468812960128224 1.517330834453938
    vertex 0.3209776901443417 -0.9465442038930678 1.41926098799449
  endloop
endfacet
facet normal -0.957131 0.281982 -0.0662274
  outer loop
    vertex 0.1766876768357974 1.247362932746813 -0.2675364488490056
    vertex 0.222155501346287 1.401456302036696 -0.2685490313553186
    vertex 0.2101774078938945 1.329626064915088 -0.4012772788680191
  endloop
endfacet
facet normal -0.998596 -0.0523207 -0.00831211
  outer loop
    vertex 0.007922752484375906 -0.2370161556594874 -0.1346766042127992
    vertex 0.01118921303137022 -0.3234609293925325 0.01702711849223637
    vertex 0.002631138884008344 -0.1571320752086331 -0.001787082564878322
  endloop
endfacet
facet normal -0.927429 -0.36482 -0.0823508
  outer loop
    vertex 0.374309397871 -1.792030445795644 -0.4030646614892758
    vertex 0.3219191834309942 -1.680604282260714 -0.3066760440588095
    vertex 0.3225041697505704 -1.650548036911341 -0.4464155946268261
  endloop
endfacet
facet normal -0.990718 -0.133698 0.0245575
  outer loop
    vertex 0.05411105049212317 -0.6897770872874694 0.1710651451284136
    vertex 0.03383801892203842 -0.5462115991075029 0.1348051612964745
    vertex 0.04403273765349613 -0.6406275775136091 0.03206180729891805
  endloop
endfacet
facet normal -0.954341 0.164519 -0.249331
  outer loop
    vertex 0.2401567054845808 0.8390116153331847 -1.221854077169178
    vertex 0.2105086435343804 0.6915120067525327 -1.205699091517637
    vertex 0.1917650020199497 0.7651792180199257 -1.085347149198628
  endloop
endfacet
facet normal -0.923739 -0.359276 0.13277
  outer loop
    vertex 0.374309397871 -1.693068196039989 0.7122880902822242
    vertex 0.3244842640690067 -1.613792496514667 0.5801526650732329
    vertex 0.374309397871 -1.749395014872216 0.5598672359946043
  endloop
endfacet
facet normal -0.943055 0.310416 0.119539
  outer loop
    vertex 0.2843514414798394 1.473836211502115 0.6452794291761271
    vertex 0.2743357603184178 1.504107560320414 0.4876572447064974
    vertex 0.2390872061639708 1.383119566721764 0.5237560940229979
  endloop
endfacet
facet normal -0.964561 -0.0763952 0.252558
  outer loop
    vertex 0.1854333692881065 -0.426554088901432 1.234697314728924
    vertex 0.1726283919477343 -0.2844816749178585 1.228767851490432
    vertex 0.1478905291602839 -0.3820679900610591 1.104771085793933
  endloop
endfacet
facet normal -0.99674 0.0307238 -0.0746019
  outer loop
    vertex 0.009599166546210292 0.1467756260824414 -0.2616865057511412
    vertex 0.02205044683953172 0.2182157806562103 -0.3986236768017363
    vertex 0.0185107618566045 0.07797264683256659 -0.4090879467777633
  endloop
endfacet
facet normal -0.937357 -0.34837 -0.000116375
  outer loop
    vertex 0.2716700409392079 -1.573004047413137 0.04730397453779895
    vertex 0.2873126143623015 -1.615051131166473 -0.0793389340526333
    vertex 0.3231334684420117 -1.71146038072764 -0.0007083870102148944
  endloop
endfacet
facet normal -0.935689 -0.282332 0.211601
  outer loop
    vertex 0.2976111085134265 -1.266586305000935 1.049333276216774
    vertex 0.2845322115425457 -1.324796606630378 0.9138308744918033
    vertex 0.3289187320117604 -1.400102268588856 1.00962833637142
  endloop
endfacet
facet normal -0.926755 -0.295815 0.231557
  outer loop
    vertex 0.374309397871 -1.446862005389986 1.131558472797084
    vertex 0.3412330430319344 -1.333369455751663 1.144164964586345
    vertex 0.3289187320117604 -1.400102268588856 1.00962833637142
  endloop
endfacet
facet normal -0.935803 0.0808009 -0.343138
  outer loop
    vertex 0.3267888887516062 0.3377800757115363 -1.687288467471738
    vertex 0.2780781373491701 0.3063376167075725 -1.56184882492669
    vertex 0.3020438501874896 0.4674973129424468 -1.589258642180568
  endloop
endfacet
facet normal -0.938145 0.130448 -0.320729
  outer loop
    vertex 0.2701137878704039 0.5414150601263937 -1.472984213099521
    vertex 0.2794565654949679 0.6683975520966245 -1.448665277386967
    vertex 0.3183413792107457 0.625514287707944 -1.57984677798515
  endloop
endfacet
facet normal -0.927144 -0.00787682 0.374622
  outer loop
    vertex 0.3194471302488262 0.02152584368690731 1.701880118686181
    vertex 0.3295022546995732 -0.1130166125413584 1.723936418811968
    vertex 0.374309397871 -0.04063384968297509 1.836350492215454
  endloop
endfacet
facet normal -0.943833 -0.317051 -0.0930462
  outer loop
    vertex 0.247919944469734 -1.423393387822862 -0.4898058996472454
    vertex 0.2879274003268026 -1.53937487267657 -0.500427479562223
    vertex 0.2677063257958467 -1.520928917032671 -0.3581647634385143
  endloop
endfacet
facet normal -0.926892 -0.0732301 -0.368115
  outer loop
    vertex 0.374309397871 -0.3633225684662014 -1.800508525734639
    vertex 0.3392719661008803 -0.4204398097134095 -1.700923943857584
    vertex 0.3285116213689712 -0.2672140654409138 -1.704311637272861
  endloop
endfacet
facet normal -0.939241 -0.13404 0.316005
  outer loop
    vertex 0.3140332113629274 -0.6952723561155396 1.538200401318217
    vertex 0.2736299706665921 -0.5392791010280085 1.484280340424698
    vertex 0.2586240030843516 -0.6393316303309516 1.397239817512466
  endloop
endfacet
facet normal -0.936408 0.116299 -0.33108
  outer loop
    vertex 0.2701137878704039 0.5414150601263937 -1.472984213099521
    vertex 0.3183413792107457 0.625514287707944 -1.57984677798515
    vertex 0.3020438501874896 0.4674973129424468 -1.589258642180568
  endloop
endfacet
facet normal -0.927329 -0.271515 0.257566
  outer loop
    vertex 0.3175696336028802 -1.190100956804636 1.209995639150464
    vertex 0.3412330430319344 -1.333369455751663 1.144164964586345
    vertex 0.374309397871 -1.341192920746078 1.255004298534712
  endloop
endfacet
facet normal -0.927327 0.32375 -0.187753
  outer loop
    vertex 0.374309397871 1.583899406804783 -0.9301058590953274
    vertex 0.3264925202835602 1.447811880685393 -0.9285956462654356
    vertex 0.3205842500053935 1.506940251023281 -0.797456983601624
  endloop
endfacet
facet normal -0.94434 0.195161 -0.264828
  outer loop
    vertex 0.271390515346952 0.9944042853028704 -1.218715383313561
    vertex 0.2809780921667206 0.9007951767067447 -1.321887096157216
    vertex 0.2401567054845808 0.8390116153331847 -1.221854077169178
  endloop
endfacet
facet normal -0.942803 0.298644 0.148101
  outer loop
    vertex 0.2397212561258542 1.322967052641555 0.6653924445352954
    vertex 0.2793165548893475 1.389777470292044 0.7827316265640543
    vertex 0.2843514414798394 1.473836211502115 0.6452794291761271
  endloop
endfacet
facet normal -0.968494 -0.0986392 0.22867
  outer loop
    vertex 0.1670787973182053 -0.5330578746092115 1.120908698899094
    vertex 0.1478905291602839 -0.3820679900610591 1.104771085793933
    vertex 0.129855398727825 -0.4732532701054713 0.9890527943101906
  endloop
endfacet
facet normal -0.944622 -0.158719 -0.287223
  outer loop
    vertex 0.2390927407077488 -0.6658234634005397 -1.32063189729098
    vertex 0.2825820296433594 -0.727320882959008 -1.429676644427087
    vertex 0.2680316991841893 -0.8281451579475605 -1.326108061660807
  endloop
endfacet
facet normal -0.946069 -0.268027 -0.181975
  outer loop
    vertex 0.2468301802554524 -1.194081679119772 -0.9112827069069763
    vertex 0.2806567886279705 -1.335982259811053 -0.8781417703018373
    vertex 0.2396431315315626 -1.264972453333173 -0.7695048096081046
  endloop
endfacet
facet normal -0.972622 -0.0830624 0.217039
  outer loop
    vertex 0.129855398727825 -0.4732532701054713 0.9890527943101906
    vertex 0.1478905291602839 -0.3820679900610591 1.104771085793933
    vertex 0.1136764092416032 -0.3127421559826388 0.9779782270232755
  endloop
endfacet
facet normal -0.944065 -0.206521 -0.257082
  outer loop
    vertex 0.2398172924458084 -0.8998958230641507 -1.176448873474075
    vertex 0.282262660075653 -0.9613636988456862 -1.282939215055402
    vertex 0.2708580807422072 -1.041974914453898 -1.176301690952256
  endloop
endfacet
facet normal -0.927295 -0.330121 -0.176476
  outer loop
    vertex 0.374309397871 -1.623490823027047 -0.8591343245075023
    vertex 0.3275677148974907 -1.554304432663174 -0.7429517593189408
    vertex 0.3228016870351338 -1.474421719924126 -0.8673392301814112
  endloop
endfacet
facet normal -0.963407 0.0464693 0.263984
  outer loop
    vertex 0.1692699957781612 0.3029090275923127 1.211885578715483
    vertex 0.1493317465974116 0.1835577644965005 1.160130659563136
    vertex 0.1848704697028678 0.150525776740011 1.295643429129035
  endloop
endfacet
facet normal -0.994713 -0.100412 0.0215199
  outer loop
    vertex 0.01854218801600727 -0.3951743621133069 0.1325283496033769
    vertex 0.02525183724148938 -0.4858349828713762 0.01964463768949627
    vertex 0.03383801892203842 -0.5462115991075029 0.1348051612964745
  endloop
endfacet
facet normal -0.947309 0.277554 -0.159907
  outer loop
    vertex 0.2395654099032773 1.321386489991665 -0.6674865643107519
    vertex 0.2754533246308997 1.37293802450214 -0.7906120210292195
    vertex 0.2410232037098092 1.243301887666947 -0.8116562469322951
  endloop
endfacet
facet normal -0.935595 -0.234808 -0.263679
  outer loop
    vertex 0.318813188683575 -1.189355487549266 -1.215214436912896
    vertex 0.2708580807422072 -1.041974914453898 -1.176301690952256
    vertex 0.3235772245381083 -1.085001968249411 -1.3250459528537
  endloop
endfacet
facet normal -0.933627 -0.29871 0.19777
  outer loop
    vertex 0.3289187320117604 -1.400102268588856 1.00962833637142
    vertex 0.2845322115425457 -1.324796606630378 0.9138308744918033
    vertex 0.3123721396398791 -1.44810307818639 0.8590158868351412
  endloop
endfacet
facet normal -0.97251 0.00238938 0.232849
  outer loop
    vertex 0.1293441183586941 -0.07366355252032901 1.09183354702255
    vertex 0.1495280099854268 0.01589974653511585 1.175213863273874
    vertex 0.1264697940285844 0.09475080360035379 1.078100555976574
  endloop
endfacet
facet normal -0.922505 0.355781 0.14968
  outer loop
    vertex 0.374309397871 1.722917951855639 0.6367008490441708
    vertex 0.3318094686628736 1.594029862384288 0.6811256890223057
    vertex 0.374309397871 1.659904179724016 0.786480994134468
  endloop
endfacet
facet normal -0.95917 -0.0750692 0.272687
  outer loop
    vertex 0.2132209027968361 -0.3259358924126847 1.360138901702246
    vertex 0.1726283919477343 -0.2844816749178585 1.228767851490432
    vertex 0.1854333692881065 -0.426554088901432 1.234697314728924
  endloop
endfacet
facet normal -0.95984 0.146583 -0.239209
  outer loop
    vertex 0.1917650020199497 0.7651792180199257 -1.085347149198628
    vertex 0.2105086435343804 0.6915120067525327 -1.205699091517637
    vertex 0.1685632344891692 0.613554885248964 -1.085161173053616
  endloop
endfacet
facet normal -0.992764 -0.119541 0.0113454
  outer loop
    vertex 0.03383801892203842 -0.5462115991075029 0.1348051612964745
    vertex 0.02525183724148938 -0.4858349828713762 0.01964463768949627
    vertex 0.04403273765349613 -0.6406275775136091 0.03206180729891805
  endloop
endfacet
facet normal -0.934519 -0.352686 -0.0478206
  outer loop
    vertex 0.2771471394594487 -1.575338745317494 -0.2080846376077843
    vertex 0.3219191834309942 -1.680604282260714 -0.3066760440588095
    vertex 0.3252547213209285 -1.709540953925775 -0.1584467289836322
  endloop
endfacet
facet normal -0.945187 0.326032 0.0180398
  outer loop
    vertex 0.235253457778426 1.461523205020416 0.1308363203489327
    vertex 0.2833866997500474 1.601384645079353 0.1250474182953923
    vertex 0.2610116947489534 1.543437230070761 -6.854238199553513e-16
  endloop
endfacet
facet normal -0.944436 0.328147 -0.0189672
  outer loop
    vertex 0.2610116947489534 1.543437230070761 -6.854238199553513e-16
    vertex 0.2889820534310354 1.616705551648161 -0.1251329423640067
    vertex 0.2376551868386123 1.468343459396078 -0.1361868584738836
  endloop
endfacet
facet normal -0.994926 0.0341853 0.0946229
  outer loop
    vertex 0.01850178487782106 0.0778265498624516 0.4090131638087551
    vertex 0.03330395542076126 0.1639633087379438 0.5335332722896127
    vertex 0.02118856759287358 0.2267919624598186 0.3834455440024813
  endloop
endfacet
facet normal -0.934238 0.309243 0.177673
  outer loop
    vertex 0.2793165548893475 1.389777470292044 0.7827316265640543
    vertex 0.3272078651228441 1.457188235672974 0.9172237758683932
    vertex 0.3269832721097208 1.526023527695295 0.7962334422720914
  endloop
endfacet
facet normal -0.927908 0.283819 0.241732
  outer loop
    vertex 0.374309397871 1.395393236962578 1.194450482121004
    vertex 0.320199164920715 1.347024540608594 1.04353394876495
    vertex 0.3205842500053935 1.244908543980155 1.164907411760403
  endloop
endfacet
facet normal -0.92737 0.282896 -0.244856
  outer loop
    vertex 0.3214386929329214 1.244471043936439 -1.168576548200846
    vertex 0.3271286967517222 1.35189697759653 -1.066011330658686
    vertex 0.374309397871 1.395393236962572 -1.194450482121011
  endloop
endfacet
facet normal -0.934158 -0.315475 -0.166807
  outer loop
    vertex 0.3275677148974907 -1.554304432663174 -0.7429517593189408
    vertex 0.2796151051252771 -1.404164975007803 -0.7583579628659477
    vertex 0.3228016870351338 -1.474421719924126 -0.8673392301814112
  endloop
endfacet
facet normal -0.996693 0.0479485 -0.0656115
  outer loop
    vertex 0.009599166546210292 0.1467756260824414 -0.2616865057511412
    vertex 0.0186436746062526 0.3113575891765509 -0.2788045077252608
    vertex 0.02205044683953172 0.2182157806562103 -0.3986236768017363
  endloop
endfacet
facet normal -0.968748 0.0211004 0.247148
  outer loop
    vertex 0.1495280099854268 0.01589974653511585 1.175213863273874
    vertex 0.1493317465974116 0.1835577644965005 1.160130659563136
    vertex 0.1264697940285844 0.09475080360035379 1.078100555976574
  endloop
endfacet
facet normal -0.985076 0.113849 0.129091
  outer loop
    vertex 0.0837077438539886 0.6141789765012132 0.633726089249346
    vertex 0.05843863784085723 0.5221824151431601 0.5220351475187918
    vertex 0.06778588523337969 0.4600090319228908 0.6481952620209502
  endloop
endfacet
facet normal -0.946794 0.0303654 -0.320405
  outer loop
    vertex 0.2446400591716511 0.2235044246764039 -1.478793075818989
    vertex 0.2776945545708074 0.1423495192575756 -1.58416012073549
    vertex 0.2403521603392536 0.06114678999638803 -1.481509338453941
  endloop
endfacet
facet normal -0.957784 -0.190458 -0.215349
  outer loop
    vertex 0.1919085584243554 -0.8091849119845538 -1.053560652357614
    vertex 0.2250593265056811 -0.9734922736840288 -1.055686050869455
    vertex 0.1759937336154858 -0.8810963537939196 -0.9191786515659511
  endloop
endfacet
facet normal -0.922859 -0.0255435 0.38429
  outer loop
    vertex 0.374309397871 -0.04063384968297509 1.836350492215454
    vertex 0.3295022546995732 -0.1130166125413584 1.723936418811968
    vertex 0.374309397871 -0.2027716907787688 1.825573302121479
  endloop
endfacet
facet normal -0.940043 0.0835532 -0.330662
  outer loop
    vertex 0.3020438501874896 0.4674973129424468 -1.589258642180568
    vertex 0.2780781373491701 0.3063376167075725 -1.56184882492669
    vertex 0.2531129475674554 0.3866447394661207 -1.470582677169375
  endloop
endfacet
facet normal -0.934113 -0.163544 0.317312
  outer loop
    vertex 0.2878719535251797 -0.7956700359831465 1.409440760555708
    vertex 0.3334875861016355 -0.8468812960128224 1.517330834453938
    vertex 0.3140332113629274 -0.6952723561155396 1.538200401318217
  endloop
endfacet
facet normal -0.943098 0.29635 -0.15081
  outer loop
    vertex 0.2395654099032773 1.321386489991665 -0.6674865643107519
    vertex 0.2779089033354607 1.452364904532874 -0.6498892430720274
    vertex 0.2754533246308997 1.37293802450214 -0.7906120210292195
  endloop
endfacet
facet normal -0.946587 -0.284052 -0.152599
  outer loop
    vertex 0.2396431315315626 -1.264972453333173 -0.7695048096081046
    vertex 0.2796151051252771 -1.404164975007803 -0.7583579628659477
    vertex 0.2433442411823883 -1.351597361190206 -0.6312172533122514
  endloop
endfacet
facet normal -0.944876 -0.187841 -0.268188
  outer loop
    vertex 0.2680316991841893 -0.8281451579475605 -1.326108061660807
    vertex 0.282262660075653 -0.9613636988456862 -1.282939215055402
    vertex 0.2398172924458084 -0.8998958230641507 -1.176448873474075
  endloop
endfacet
facet normal -0.941846 -0.30518 0.140684
  outer loop
    vertex 0.2906691003742763 -1.497830872960584 0.6330541292712453
    vertex 0.2896818359131315 -1.450513258433157 0.729089061937511
    vertex 0.2491452068412947 -1.373896397172179 0.6239076282031025
  endloop
endfacet
facet normal -0.946568 0.280038 0.159965
  outer loop
    vertex 0.2474464157952019 1.261269078135592 0.8191141837688408
    vertex 0.2793165548893475 1.389777470292044 0.7827316265640543
    vertex 0.2397212561258542 1.322967052641555 0.6653924445352954
  endloop
endfacet
facet normal -0.933864 -0.29954 -0.195379
  outer loop
    vertex 0.3228016870351338 -1.474421719924126 -0.8673392301814112
    vertex 0.2806567886279705 -1.335982259811053 -0.8781417703018373
    vertex 0.3270843506413481 -1.400740646466854 -1.000771670188558
  endloop
endfacet
facet normal -0.922619 -0.348567 0.165155
  outer loop
    vertex 0.374309397871 -1.623490823027048 0.8591343245075005
    vertex 0.3309366744236284 -1.565233719274435 0.7397916150659535
    vertex 0.374309397871 -1.693068196039989 0.7122880902822242
  endloop
endfacet
facet normal -0.937685 0.209506 -0.277225
  outer loop
    vertex 0.322942963623241 1.02476305634181 -1.370143231383309
    vertex 0.2809780921667206 0.9007951767067447 -1.321887096157216
    vertex 0.271390515346952 0.9944042853028704 -1.218715383313561
  endloop
endfacet
facet normal -0.937542 0.181984 -0.296475
  outer loop
    vertex 0.2711439390373593 0.7760661918970064 -1.367350467514714
    vertex 0.2809780921667206 0.9007951767067447 -1.321887096157216
    vertex 0.3232894807894064 0.9008077518507818 -1.455680697670765
  endloop
endfacet
facet normal -0.931016 -0.285811 0.226985
  outer loop
    vertex 0.3289187320117604 -1.400102268588856 1.00962833637142
    vertex 0.3412330430319344 -1.333369455751663 1.144164964586345
    vertex 0.2976111085134265 -1.266586305000935 1.049333276216774
  endloop
endfacet
facet normal -0.945495 -0.0381411 -0.323396
  outer loop
    vertex 0.2431799183614372 -0.0962906855010502 -1.488125017861391
    vertex 0.2852660627510133 -0.1758576693734652 -1.601785908746556
    vertex 0.2481544441048715 -0.2604910353158083 -1.483303098749144
  endloop
endfacet
facet normal -0.935168 0.353851 0.0158408
  outer loop
    vertex 0.2833866997500474 1.601384645079353 0.1250474182953923
    vertex 0.3305897662463089 1.726642258294525 0.1136992783261798
    vertex 0.3152030266153627 1.691067717530027 -7.50984926480922e-16
  endloop
endfacet
facet normal -0.934622 0.355314 -0.0153058
  outer loop
    vertex 0.3152030266153627 1.691067717530027 -7.50984926480922e-16
    vertex 0.331181941517678 1.728325012297387 -0.1108196916593552
    vertex 0.2889820534310354 1.616705551648161 -0.1251329423640067
  endloop
endfacet
facet normal -0.944675 0.17549 -0.277114
  outer loop
    vertex 0.2401567054845808 0.8390116153331847 -1.221854077169178
    vertex 0.2809780921667206 0.9007951767067447 -1.321887096157216
    vertex 0.2711439390373593 0.7760661918970064 -1.367350467514714
  endloop
endfacet
facet normal -0.944823 0.14783 -0.292329
  outer loop
    vertex 0.2711439390373593 0.7760661918970064 -1.367350467514714
    vertex 0.2794565654949679 0.6683975520966245 -1.448665277386967
    vertex 0.2375845078939607 0.6216038532750671 -1.336995921612814
  endloop
endfacet
facet normal -0.927287 -0.357116 -0.112281
  outer loop
    vertex 0.3225041697505704 -1.650548036911341 -0.4464155946268261
    vertex 0.3279462421480144 -1.61923937929291 -0.590938936646792
    vertex 0.374309397871 -1.749395014872215 -0.559867235994607
  endloop
endfacet
facet normal -0.948 -0.318263 0.00223325
  outer loop
    vertex 0.2459323969679863 -1.497240077929893 -0.08095406980586584
    vertex 0.2716700409392079 -1.573004047413137 0.04730397453779895
    vertex 0.2243479021537818 -1.431854052736608 0.07480124531199915
  endloop
endfacet
facet normal -0.942079 0.0473775 -0.332028
  outer loop
    vertex 0.2446400591716511 0.2235044246764039 -1.478793075818989
    vertex 0.2780781373491701 0.3063376167075725 -1.56184882492669
    vertex 0.2776945545708074 0.1423495192575756 -1.58416012073549
  endloop
endfacet
facet normal -0.943581 0.329144 -0.0363114
  outer loop
    vertex 0.2889820534310354 1.616705551648161 -0.1251329423640067
    vertex 0.2728406110684878 1.555814998489905 -0.2576252705275138
    vertex 0.2376551868386123 1.468343459396078 -0.1361868584738836
  endloop
endfacet
facet normal -0.990278 -0.0973284 0.0993818
  outer loop
    vertex 0.03448404723378218 -0.39649312501022 0.4066120890078311
    vertex 0.05049348053215752 -0.534670867540601 0.4308133799766637
    vertex 0.05551012770508379 -0.4625047276529301 0.5514761821607862
  endloop
endfacet
facet normal -0.946848 -0.118245 0.299161
  outer loop
    vertex 0.2586240030843516 -0.6393316303309516 1.397239817512466
    vertex 0.2736299706665921 -0.5392791010280085 1.484280340424698
    vertex 0.2298070057019066 -0.4801542247006894 1.368949549384768
  endloop
endfacet
facet normal -0.944128 -0.324857 0.0555979
  outer loop
    vertex 0.2699423562958048 -1.531003109319074 0.3425280367598441
    vertex 0.2358690607997334 -1.448422834555302 0.2464318312880358
    vertex 0.272401226648487 -1.564315073664039 0.1896421829618589
  endloop
endfacet
facet normal -0.994367 0.0844627 0.0640278
  outer loop
    vertex 0.01847310402339719 0.3144610801812824 0.2723871866109236
    vertex 0.03366922168494657 0.4067119671520522 0.386693261669214
    vertex 0.03271843539785202 0.479663886151355 0.2756921981762527
  endloop
endfacet
facet normal -0.997571 0.0497511 -0.0487445
  outer loop
    vertex 0.007883693030251493 0.2354279856113116 -0.136095717804045
    vertex 0.0186436746062526 0.3113575891765509 -0.2788045077252608
    vertex 0.009599166546210292 0.1467756260824414 -0.2616865057511412
  endloop
endfacet
facet normal -0.94667 0.294651 -0.130374
  outer loop
    vertex 0.2443917907837774 1.39781166678832 -0.5298079371884734
    vertex 0.2779089033354607 1.452364904532874 -0.6498892430720274
    vertex 0.2395654099032773 1.321386489991665 -0.6674865643107519
  endloop
endfacet
facet normal -0.943008 -0.331606 -0.027828
  outer loop
    vertex 0.2771471394594487 -1.575338745317494 -0.2080846376077843
    vertex 0.2873126143623015 -1.615051131166473 -0.0793389340526333
    vertex 0.2459323969679863 -1.497240077929893 -0.08095406980586584
  endloop
endfacet
facet normal -0.922176 -0.188424 0.337769
  outer loop
    vertex 0.374309397871 -0.8230090688283854 1.642099361374407
    vertex 0.3334875861016355 -0.8468812960128224 1.517330834453938
    vertex 0.374309397871 -0.9649174012256256 1.562935906815115
  endloop
endfacet
facet normal -0.937442 0.160819 -0.308772
  outer loop
    vertex 0.3238357058697519 0.7708605601879621 -1.530035709359293
    vertex 0.2794565654949679 0.6683975520966245 -1.448665277386967
    vertex 0.2711439390373593 0.7760661918970064 -1.367350467514714
  endloop
endfacet
facet normal -0.933639 -0.161256 -0.319866
  outer loop
    vertex 0.3245194206797013 -0.8385295910269753 -1.496020951735216
    vertex 0.2825820296433594 -0.727320882959008 -1.429676644427087
    vertex 0.3205842500054192 -0.695756417199953 -1.556511987995731
  endloop
endfacet
facet normal -0.947145 0.30532 0.0984665
  outer loop
    vertex 0.2390872061639708 1.383119566721764 0.5237560940229979
    vertex 0.2743357603184178 1.504107560320414 0.4876572447064974
    vertex 0.234896248503615 1.414655785879516 0.3856575704154859
  endloop
endfacet
facet normal -0.926868 0.325535 0.186928
  outer loop
    vertex 0.3269832721097208 1.526023527695295 0.7962334422720914
    vertex 0.3272078651228441 1.457188235672974 0.9172237758683932
    vertex 0.374309397871 1.583899406804787 0.9301058590953201
  endloop
endfacet
facet normal -0.937481 -0.221974 -0.26806
  outer loop
    vertex 0.2708580807422072 -1.041974914453898 -1.176301690952256
    vertex 0.282262660075653 -0.9613636988456862 -1.282939215055402
    vertex 0.3235772245381083 -1.085001968249411 -1.3250459528537
  endloop
endfacet
facet normal -0.94508 0.127194 -0.301073
  outer loop
    vertex 0.2375845078939607 0.6216038532750671 -1.336995921612814
    vertex 0.2794565654949679 0.6683975520966245 -1.448665277386967
    vertex 0.2701137878704039 0.5414150601263937 -1.472984213099521
  endloop
endfacet
facet normal -0.942152 0.312601 -0.120958
  outer loop
    vertex 0.2443917907837774 1.39781166678832 -0.5298079371884734
    vertex 0.2849189935708951 1.527276807720443 -0.5108906414749164
    vertex 0.2779089033354607 1.452364904532874 -0.6498892430720274
  endloop
endfacet
facet normal -0.932415 -0.319563 0.168764
  outer loop
    vertex 0.2896818359131315 -1.450513258433157 0.729089061937511
    vertex 0.3309366744236284 -1.565233719274435 0.7397916150659535
    vertex 0.3123721396398791 -1.44810307818639 0.8590158868351412
  endloop
endfacet
facet normal -0.942545 0.262967 -0.20605
  outer loop
    vertex 0.2821490279106023 1.303448585450537 -0.9328302929017955
    vertex 0.2864064773081276 1.231991381860246 -1.043501457809844
    vertex 0.2463484371851141 1.16177086687768 -0.9498793391674289
  endloop
endfacet
facet normal -0.926368 0.374593 -0.0390229
  outer loop
    vertex 0.3231674498741652 1.696315337373523 -0.22783428508867
    vertex 0.331181941517678 1.728325012297387 -0.1108196916593552
    vertex 0.374309397871 1.829612274787259 -0.1623365761244011
  endloop
endfacet
facet normal -0.943062 0.0135617 -0.33234
  outer loop
    vertex 0.2776945545708074 0.1423495192575756 -1.58416012073549
    vertex 0.2765778309452127 -0.01411508968340382 -1.58737608304407
    vertex 0.2403521603392536 0.06114678999638803 -1.481509338453941
  endloop
endfacet
facet normal -0.927297 -0.35738 0.111358
  outer loop
    vertex 0.374309397871 -1.749395014872216 0.5598672359946043
    vertex 0.3244842640690067 -1.613792496514667 0.5801526650732329
    vertex 0.3189136716493755 -1.640986870154607 0.4464906815660459
  endloop
endfacet
facet normal -0.966654 -0.0460363 0.251913
  outer loop
    vertex 0.1726283919477343 -0.2844816749178585 1.228767851490432
    vertex 0.1583845694071018 -0.1341597883990824 1.201581516182082
    vertex 0.1363761251890052 -0.2224484627352579 1.100995014500291
  endloop
endfacet
facet normal -0.926289 0.374767 0.0392141
  outer loop
    vertex 0.374309397871 1.829612274787259 0.162336576124398
    vertex 0.3305897662463089 1.726642258294525 0.1136992783261798
    vertex 0.32374366867987 1.697705697060815 0.2285305581094935
  endloop
endfacet
facet normal -0.933967 0.201195 -0.295342
  outer loop
    vertex 0.3232894807894064 0.9008077518507818 -1.455680697670765
    vertex 0.2809780921667206 0.9007951767067447 -1.321887096157216
    vertex 0.322942963623241 1.02476305634181 -1.370143231383309
  endloop
endfacet
facet normal -0.942226 -0.314442 -0.115484
  outer loop
    vertex 0.2854680140629444 -1.489079725758263 -0.617305601548184
    vertex 0.2879274003268026 -1.53937487267657 -0.500427479562223
    vertex 0.247919944469734 -1.423393387822862 -0.4898058996472454
  endloop
endfacet
facet normal -0.946895 -0.00349654 -0.321524
  outer loop
    vertex 0.2403521603392536 0.06114678999638803 -1.481509338453941
    vertex 0.2765778309452127 -0.01411508968340382 -1.58737608304407
    vertex 0.2431799183614372 -0.0962906855010502 -1.488125017861391
  endloop
endfacet
facet normal -0.942234 -0.0208296 -0.334307
  outer loop
    vertex 0.2431799183614372 -0.0962906855010502 -1.488125017861391
    vertex 0.2765778309452127 -0.01411508968340382 -1.58737608304407
    vertex 0.2852660627510133 -0.1758576693734652 -1.601785908746556
  endloop
endfacet
facet normal -0.98087 0.14675 0.127903
  outer loop
    vertex 0.1031623544682079 0.769611684084108 0.604584928375194
    vertex 0.07775802580336766 0.6727760230809229 0.5208674561032177
    vertex 0.0837077438539886 0.6141789765012132 0.633726089249346
  endloop
endfacet
facet normal -0.921087 -0.0938224 -0.377884
  outer loop
    vertex 0.374309397871 -0.521029954444439 -1.761352328914243
    vertex 0.3392719661008803 -0.4204398097134095 -1.700923943857584
    vertex 0.374309397871 -0.3633225684662014 -1.800508525734639
  endloop
endfacet
facet normal -0.946269 -0.0639215 0.317001
  outer loop
    vertex 0.26516822364548 -0.385625204701355 1.506759856316453
    vertex 0.2785562228696667 -0.2755619620320726 1.568917507339847
    vertex 0.2392331596598956 -0.2158881689456147 1.46356853275944
  endloop
endfacet
facet normal -0.945473 -0.269059 0.183543
  outer loop
    vertex 0.2544523863911756 -1.305617867496589 0.7869968742609935
    vertex 0.2845322115425457 -1.324796606630378 0.9138308744918033
    vertex 0.2501449534396425 -1.199972089635428 0.9196767259561079
  endloop
endfacet
facet normal -0.99869 -0.0503465 0.00918349
  outer loop
    vertex 0.002631138884008344 -0.1571320752086331 -0.001787082564878322
    vertex 0.01118921303137022 -0.3234609293925325 0.01702711849223637
    vertex 0.007922681527497311 -0.2372953524025039 0.1341815802911325
  endloop
endfacet
facet normal -0.937634 -0.0937933 -0.334731
  outer loop
    vertex 0.2631398461159673 -0.4180566731653505 -1.492075831442713
    vertex 0.2984384880060533 -0.3607942812179881 -1.606998068829046
    vertex 0.3183335420537103 -0.5066368266166504 -1.621861433048819
  endloop
endfacet
facet normal -0.947959 -0.310822 0.0690173
  outer loop
    vertex 0.2234252267074233 -1.387558484709615 0.3496197403823784
    vertex 0.2358690607997334 -1.448422834555302 0.2464318312880358
    vertex 0.2699423562958048 -1.531003109319074 0.3425280367598441
  endloop
endfacet
facet normal -0.972342 0.0373536 0.230554
  outer loop
    vertex 0.1264697940285844 0.09475080360035379 1.078100555976574
    vertex 0.1493317465974116 0.1835577644965005 1.160130659563136
    vertex 0.1302865813639684 0.2548769956223 1.068254413680421
  endloop
endfacet
facet normal -0.932884 -0.0398712 -0.357965
  outer loop
    vertex 0.3285116213689712 -0.2672140654409138 -1.704311637272861
    vertex 0.2852660627510133 -0.1758576693734652 -1.601785908746556
    vertex 0.3267411178416806 -0.1117712978225302 -1.717011265242243
  endloop
endfacet
facet normal -0.920681 -0.296518 0.253818
  outer loop
    vertex 0.374309397871 -1.341192920746078 1.255004298534712
    vertex 0.3412330430319344 -1.333369455751663 1.144164964586345
    vertex 0.374309397871 -1.446862005389986 1.131558472797084
  endloop
endfacet
facet normal -0.945297 0.310518 -0.0999588
  outer loop
    vertex 0.2592371328584928 1.488347305745321 -0.3889534191608479
    vertex 0.2849189935708951 1.527276807720443 -0.5108906414749164
    vertex 0.2443917907837774 1.39781166678832 -0.5298079371884734
  endloop
endfacet
facet normal -0.930796 -0.0732832 -0.358119
  outer loop
    vertex 0.3285116213689712 -0.2672140654409138 -1.704311637272861
    vertex 0.3392719661008803 -0.4204398097134095 -1.700923943857584
    vertex 0.2984384880060533 -0.3607942812179881 -1.606998068829046
  endloop
endfacet
facet normal -0.946474 0.0650675 -0.316155
  outer loop
    vertex 0.2531129475674554 0.3866447394661207 -1.470582677169375
    vertex 0.2780781373491701 0.3063376167075725 -1.56184882492669
    vertex 0.2446400591716511 0.2235044246764039 -1.478793075818989
  endloop
endfacet
facet normal -0.93379 -0.214491 -0.28641
  outer loop
    vertex 0.3235772245381083 -1.085001968249411 -1.3250459528537
    vertex 0.282262660075653 -0.9613636988456862 -1.282939215055402
    vertex 0.3205842500053935 -0.9589400051480906 -1.409695224995706
  endloop
endfacet
facet normal -0.984827 0.127257 0.117991
  outer loop
    vertex 0.0837077438539886 0.6141789765012132 0.633726089249346
    vertex 0.07775802580336766 0.6727760230809229 0.5208674561032177
    vertex 0.05843863784085723 0.5221824151431601 0.5220351475187918
  endloop
endfacet
facet normal -0.932668 -0.360338 -0.0169272
  outer loop
    vertex 0.3231334684420117 -1.71146038072764 -0.0007083870102148944
    vertex 0.2873126143623015 -1.615051131166473 -0.0793389340526333
    vertex 0.3252547213209285 -1.709540953925775 -0.1584467289836322
  endloop
endfacet
facet normal -0.968447 -0.01343 0.248858
  outer loop
    vertex 0.1583845694071018 -0.1341597883990824 1.201581516182082
    vertex 0.1495280099854268 0.01589974653511585 1.175213863273874
    vertex 0.1293441183586941 -0.07366355252032901 1.09183354702255
  endloop
endfacet
facet normal -0.970368 -0.0311076 0.239622
  outer loop
    vertex 0.1363761251890052 -0.2224484627352579 1.100995014500291
    vertex 0.1583845694071018 -0.1341597883990824 1.201581516182082
    vertex 0.1293441183586941 -0.07366355252032901 1.09183354702255
  endloop
endfacet
facet normal -0.926572 -0.105942 -0.36089
  outer loop
    vertex 0.3183335420537103 -0.5066368266166504 -1.621861433048819
    vertex 0.3392719661008803 -0.4204398097134095 -1.700923943857584
    vertex 0.374309397871 -0.521029954444439 -1.761352328914243
  endloop
endfacet
facet normal -0.937321 -0.299276 -0.178504
  outer loop
    vertex 0.3228016870351338 -1.474421719924126 -0.8673392301814112
    vertex 0.2796151051252771 -1.404164975007803 -0.7583579628659477
    vertex 0.2806567886279705 -1.335982259811053 -0.8781417703018373
  endloop
endfacet
facet normal -0.933407 0.357225 -0.0337897
  outer loop
    vertex 0.2889820534310354 1.616705551648161 -0.1251329423640067
    vertex 0.331181941517678 1.728325012297387 -0.1108196916593552
    vertex 0.3231674498741652 1.696315337373523 -0.22783428508867
  endloop
endfacet
facet normal -0.954337 -0.293091 0.0577895
  outer loop
    vertex 0.1952491606576281 -1.322322354025568 0.2151776654963403
    vertex 0.2358690607997334 -1.448422834555302 0.2464318312880358
    vertex 0.2234252267074233 -1.387558484709615 0.3496197403823784
  endloop
endfacet
facet normal -0.943434 -0.284555 -0.170177
  outer loop
    vertex 0.2806567886279705 -1.335982259811053 -0.8781417703018373
    vertex 0.2796151051252771 -1.404164975007803 -0.7583579628659477
    vertex 0.2396431315315626 -1.264972453333173 -0.7695048096081046
  endloop
endfacet
facet normal -0.934211 0.355117 0.0337901
  outer loop
    vertex 0.32374366867987 1.697705697060815 0.2285305581094935
    vertex 0.3305897662463089 1.726642258294525 0.1136992783261798
    vertex 0.2833866997500474 1.601384645079353 0.1250474182953923
  endloop
endfacet
facet normal -0.942819 -0.270297 -0.195015
  outer loop
    vertex 0.2468301802554524 -1.194081679119772 -0.9112827069069763
    vertex 0.2867791022446378 -1.276170665543737 -0.990641728867518
    vertex 0.2806567886279705 -1.335982259811053 -0.8781417703018373
  endloop
endfacet
facet normal -0.936827 -0.348191 -0.0334318
  outer loop
    vertex 0.3252547213209285 -1.709540953925775 -0.1584467289836322
    vertex 0.2873126143623015 -1.615051131166473 -0.0793389340526333
    vertex 0.2771471394594487 -1.575338745317494 -0.2080846376077843
  endloop
endfacet
facet normal -0.943445 -0.331466 -0.00648046
  outer loop
    vertex 0.2459323969679863 -1.497240077929893 -0.08095406980586584
    vertex 0.2873126143623015 -1.615051131166473 -0.0793389340526333
    vertex 0.2716700409392079 -1.573004047413137 0.04730397453779895
  endloop
endfacet
facet normal -0.932787 -0.283733 -0.22227
  outer loop
    vertex 0.3270843506413481 -1.400740646466854 -1.000771670188558
    vertex 0.2867791022446378 -1.276170665543737 -0.990641728867518
    vertex 0.3225059967209898 -1.295274436896297 -1.116188071616648
  endloop
endfacet
facet normal -0.934825 -0.322258 0.14917
  outer loop
    vertex 0.2906691003742763 -1.497830872960584 0.6330541292712453
    vertex 0.3309366744236284 -1.565233719274435 0.7397916150659535
    vertex 0.2896818359131315 -1.450513258433157 0.729089061937511
  endloop
endfacet
facet normal -0.936302 -0.286419 -0.203231
  outer loop
    vertex 0.2806567886279705 -1.335982259811053 -0.8781417703018373
    vertex 0.2867791022446378 -1.276170665543737 -0.990641728867518
    vertex 0.3270843506413481 -1.400740646466854 -1.000771670188558
  endloop
endfacet
facet normal -0.936283 0.277573 -0.215239
  outer loop
    vertex 0.3271286967517222 1.35189697759653 -1.066011330658686
    vertex 0.2864064773081276 1.231991381860246 -1.043501457809844
    vertex 0.2821490279106023 1.303448585450537 -0.9328302929017955
  endloop
endfacet
facet normal -0.933106 0.272949 -0.234119
  outer loop
    vertex 0.3214386929329214 1.244471043936439 -1.168576548200846
    vertex 0.2864064773081276 1.231991381860246 -1.043501457809844
    vertex 0.3271286967517222 1.35189697759653 -1.066011330658686
  endloop
endfacet
facet normal -0.932813 -0.34332 -0.1095
  outer loop
    vertex 0.3225041697505704 -1.650548036911341 -0.4464155946268261
    vertex 0.2879274003268026 -1.53937487267657 -0.500427479562223
    vertex 0.3279462421480144 -1.61923937929291 -0.590938936646792
  endloop
endfacet
facet normal -0.935925 -0.330242 -0.122416
  outer loop
    vertex 0.3279462421480144 -1.61923937929291 -0.590938936646792
    vertex 0.2879274003268026 -1.53937487267657 -0.500427479562223
    vertex 0.2854680140629444 -1.489079725758263 -0.617305601548184
  endloop
endfacet
facet normal -0.933222 -0.0919056 -0.347348
  outer loop
    vertex 0.2984384880060533 -0.3607942812179881 -1.606998068829046
    vertex 0.3392719661008803 -0.4204398097134095 -1.700923943857584
    vertex 0.3183335420537103 -0.5066368266166504 -1.621861433048819
  endloop
endfacet
facet normal 0.707004 0.653376 0.270637
  outer loop
    vertex 3.325399999944 0.1370335725544918 0.1370335725544921
    vertex 3.402604283543036 0.1102536167500638 -4.89624415456516e-17
    vertex 3.325399999944 0.193794736807 -8.606215154162e-17
  endloop
endfacet
facet normal 0.707004 0.653376 -0.270637
  outer loop
    vertex 3.402604283543036 0.1102536167500638 -4.89624415456516e-17
    vertex 3.325399999944 0.1370335725544922 -0.1370335725544916
    vertex 3.325399999944 0.193794736807 -8.606215154162e-17
  endloop
endfacet
facet normal 0.771546 0.54499 -0.328181
  outer loop
    vertex 3.402604283543036 0.1102536167500638 -4.89624415456516e-17
    vertex 3.402604283543059 0.05157245722065308 -0.09744814858520758
    vertex 3.325399999944 0.1370335725544922 -0.1370335725544916
  endloop
endfacet
facet normal 0.771546 0.54499 0.328181
  outer loop
    vertex 3.325399999944 0.1370335725544918 0.1370335725544921
    vertex 3.402604283543038 0.05157245722064909 0.09744814858525307
    vertex 3.402604283543036 0.1102536167500638 -4.89624415456516e-17
  endloop
endfacet
facet normal 0.724116 -0.637179 -0.263928
  outer loop
    vertex 3.325399999944 -0.1370335725544909 -0.1370335725544929
    vertex 3.413990801856726 -0.07947998704393198 -0.03292168857083518
    vertex 3.325399999944 -0.193794736807 -1.353261414255307e-15
  endloop
endfacet
facet normal 0.724116 -0.263928 0.637179
  outer loop
    vertex 3.325399999944 -0.1370335725544924 0.1370335725544914
    vertex 3.413990801855259 -0.03292168857223472 0.07947998704731177
    vertex 3.325399999944 -3.754131767316246e-16 0.193794736807
  endloop
endfacet
facet normal 0.621084 -0.299926 -0.724085
  outer loop
    vertex 3.325399999944 1.083208454424028e-15 -0.193794736807
    vertex 3.392052571817019 -0.02986539347148121 -0.1242528686165652
    vertex 3.325399999944 -0.1370335725544909 -0.1370335725544929
  endloop
endfacet
facet normal 0.789286 -0.439789 -0.428501
  outer loop
    vertex 3.325399999944 -0.1370335725544909 -0.1370335725544929
    vertex 3.392052571817019 -0.02986539347148121 -0.1242528686165652
    vertex 3.413990801856726 -0.07947998704393198 -0.03292168857083518
  endloop
endfacet
facet normal 0.562758 -0.763699 0.316334
  outer loop
    vertex 3.325399999944 -0.193794736807 -1.353261414255307e-15
    vertex 3.384025851565307 -0.1285402332460639 0.05324310792154965
    vertex 3.325399999944 -0.1370335725544924 0.1370335725544914
  endloop
endfacet
facet normal 0.786652 -0.0251738 0.616883
  outer loop
    vertex 3.325399999944 -3.754131767316246e-16 0.193794736807
    vertex 3.413990801855259 -0.03292168857223472 0.07947998704731177
    vertex 3.402604283543038 0.05157245722064909 0.09744814858525307
  endloop
endfacet
facet normal 0.667861 0.284826 -0.687631
  outer loop
    vertex 3.325399999944 0.1370335725544922 -0.1370335725544916
    vertex 3.402604283543059 0.05157245722065308 -0.09744814858520758
    vertex 3.325399999944 1.083208454424028e-15 -0.193794736807
  endloop
endfacet
facet normal 0.667861 0.284826 0.687631
  outer loop
    vertex 3.325399999944 -3.754131767316246e-16 0.193794736807
    vertex 3.402604283543038 0.05157245722064909 0.09744814858525307
    vertex 3.325399999944 0.1370335725544918 0.1370335725544921
  endloop
endfacet
facet normal 0.775208 -0.62573 -0.0866875
  outer loop
    vertex 3.413990801856726 -0.07947998704393198 -0.03292168857083518
    vertex 3.384025851565307 -0.1285402332460639 0.05324310792154965
    vertex 3.325399999944 -0.193794736807 -1.353261414255307e-15
  endloop
endfacet
facet normal 0.775208 -0.381161 0.503755
  outer loop
    vertex 3.325399999944 -0.1370335725544924 0.1370335725544914
    vertex 3.384025851565307 -0.1285402332460639 0.05324310792154965
    vertex 3.413990801855259 -0.03292168857223472 0.07947998704731177
  endloop
endfacet
facet normal 0.95877 0.243452 0.146601
  outer loop
    vertex 3.402604283543036 0.1102536167500638 -4.89624415456516e-17
    vertex 3.402604283543038 0.05157245722064909 0.09744814858525307
    vertex 3.4306 0 0
  endloop
endfacet
facet normal 0.95877 0.243452 -0.146601
  outer loop
    vertex 3.4306 0 0
    vertex 3.402604283543059 0.05157245722065308 -0.09744814858520758
    vertex 3.402604283543036 0.1102536167500638 -4.89624415456516e-17
  endloop
endfacet
facet normal 0.742072 0.120867 -0.659333
  outer loop
    vertex 3.402604283543059 0.05157245722065308 -0.09744814858520758
    vertex 3.392052571817019 -0.02986539347148121 -0.1242528686165652
    vertex 3.325399999944 1.083208454424028e-15 -0.193794736807
  endloop
endfacet
facet normal 0.933945 -0.33021 0.136778
  outer loop
    vertex 3.413990801855259 -0.03292168857223472 0.07947998704731177
    vertex 3.384025851565307 -0.1285402332460639 0.05324310792154965
    vertex 3.413990801856726 -0.07947998704393198 -0.03292168857083518
  endloop
endfacet
facet normal 0.964688 -0.243346 0.100797
  outer loop
    vertex 3.4306 0 0
    vertex 3.413990801855259 -0.03292168857223472 0.07947998704731177
    vertex 3.413990801856726 -0.07947998704393198 -0.03292168857083518
  endloop
endfacet
facet normal 0.968497 0.0803947 0.235691
  outer loop
    vertex 3.402604283543038 0.05157245722064909 0.09744814858525307
    vertex 3.413990801855259 -0.03292168857223472 0.07947998704731177
    vertex 3.4306 0 0
  endloop
endfacet
facet normal 0.956625 -0.0285219 -0.289922
  outer loop
    vertex 3.4306 0 0
    vertex 3.392052571817019 -0.02986539347148121 -0.1242528686165652
    vertex 3.402604283543059 0.05157245722065308 -0.09744814858520758
  endloop
endfacet
facet normal 0.957227 -0.0855453 -0.276402
  outer loop
    vertex 3.413990801856726 -0.07947998704393198 -0.03292168857083518
    vertex 3.392052571817019 -0.02986539347148121 -0.1242528686165652
    vertex 3.4306 0 0
  endloop
endfacet
facet normal 0.548862 -0.835809 -0.0131977
  outer loop
    vertex 3.205061141816442 -0.2681630270709066 0.04518647023469964
    vertex 3.00972338855557 -0.3964122400047869 0.04354555495566505
    vertex 3.112916368288544 -0.327080596402099 -0.05566022253067849
  endloop
endfacet
facet normal 0.57386 -0.621821 0.532938
  outer loop
    vertex 3.095183627376534 -0.3129408430535306 0.1411448259454021
    vertex 3.131045987366764 -0.1666969651150114 0.2731630380852956
    vertex 3.028040522188555 -0.2279239734907088 0.3126395193700349
  endloop
endfacet
facet normal 0.546763 0.600949 -0.583018
  outer loop
    vertex 0.7822060100855177 1.287187770201057 -1.322306656064034
    vertex 0.8853552214644824 1.319674337140157 -1.192085966892026
    vertex 0.9475438140958647 1.198716198775572 -1.258442882595745
  endloop
endfacet
facet normal 0.542745 -0.582346 0.605228
  outer loop
    vertex 0.9564413060710817 -1.247537594927401 1.201747851849977
    vertex 0.8698032550547757 -1.185773658510186 1.338870266938595
    vertex 0.7866596791257421 -1.334769018059242 1.270068052531522
  endloop
endfacet
facet normal 0.543874 0.264853 0.796275
  outer loop
    vertex 0.7875215110842471 0.6360814409045297 1.72858888322102
    vertex 0.7606821852075648 0.5301957109476994 1.782139951509231
    vertex 0.9040036599564409 0.5079651071958364 1.691642347723186
  endloop
endfacet
facet normal 0.537412 -0.0176868 -0.843134
  outer loop
    vertex 0.7786130242753969 -0.116017515620184 -1.844045604698877
    vertex 0.7735995934589553 0.04002522115841992 -1.850514543445375
    vertex 0.9103179211843024 -0.0288709342018024 -1.761925224909437
  endloop
endfacet
facet normal 0.410868 -0.664366 0.624344
  outer loop
    vertex 3.188729146979628 -0.2048687002558637 0.1945842751166854
    vertex 3.131045987366764 -0.1666969651150114 0.2731630380852956
    vertex 3.095183627376534 -0.3129408430535306 0.1411448259454021
  endloop
endfacet
facet normal 0.545821 -0.627155 0.555658
  outer loop
    vertex 0.7866596791257421 -1.334769018059242 1.270068052531522
    vertex 0.8865361551873399 -1.375657506476508 1.125810213726972
    vertex 0.9564413060710817 -1.247537594927401 1.201747851849977
  endloop
endfacet
facet normal 0.537221 0.35912 0.763169
  outer loop
    vertex 0.6608000000000001 0.7456574914511391 1.773849076286591
    vertex 0.7950008698000268 0.775475054267893 1.665349327625397
    vertex 0.6608000000000001 0.8914742307776403 1.705232927156702
  endloop
endfacet
facet normal 0.541675 0.559358 -0.627461
  outer loop
    vertex 0.9475438140958647 1.198716198775572 -1.258442882595745
    vertex 0.8481573226352034 1.144644596950819 -1.392443948795204
    vertex 0.7822060100855177 1.287187770201057 -1.322306656064034
  endloop
endfacet
facet normal 0.510205 0.187458 0.839375
  outer loop
    vertex 2.972729516383189 0.1733067534239973 0.3856711063104044
    vertex 2.977545992809385 0.008219465775772507 0.4196124650485085
    vertex 3.117089243074212 0.05325318400569434 0.3247353253150387
  endloop
endfacet
facet normal 0.553693 0.276939 0.785321
  outer loop
    vertex 0.9040036599564409 0.5079651071958364 1.691642347723186
    vertex 0.9120435245489444 0.6660833425595937 1.630214357864463
    vertex 0.7875215110842471 0.6360814409045297 1.72858888322102
  endloop
endfacet
facet normal 0.540153 0.764774 -0.351221
  outer loop
    vertex 0.7902445479079874 1.705239523565801 -0.6915678812135375
    vertex 0.9429952566604514 1.602410832910501 -0.6805547683732738
    vertex 0.8578454624212541 1.601802907497163 -0.8128327649586746
  endloop
endfacet
facet normal 0.609199 -0.589306 0.530655
  outer loop
    vertex 3.028040522188555 -0.2279239734907088 0.3126395193700349
    vertex 2.962405143194123 -0.3329906541500147 0.2713104965508677
    vertex 3.095183627376534 -0.3129408430535306 0.1411448259454021
  endloop
endfacet
facet normal 0.581431 -0.751664 0.31135
  outer loop
    vertex 3.325399999944 -0.1370335725544924 0.1370335725544914
    vertex 3.205061141816442 -0.2681630270709066 0.04518647023469964
    vertex 3.325399999944 -0.193794736807 -1.353261414255307e-15
  endloop
endfacet
facet normal 0.581431 -0.31135 -0.751664
  outer loop
    vertex 3.325399999944 -0.1370335725544909 -0.1370335725544929
    vertex 3.205061141816442 -0.1576682353845065 -0.221571554426192
    vertex 3.325399999944 1.083208454424028e-15 -0.193794736807
  endloop
endfacet
facet normal 0.526172 0.810236 0.258186
  outer loop
    vertex 3.192169999945966 0.280314999965364 -1.244848668445075e-16
    vertex 3.204700345349976 0.2219984182268035 0.1574719586808604
    vertex 3.325399999944 0.193794736807 -8.606215154162e-17
  endloop
endfacet
facet normal 0.539672 0.560654 0.628029
  outer loop
    vertex 0.7787212255944836 1.287032544608838 1.325613755408689
    vertex 0.7737123257697938 1.173037575889015 1.431683600834187
    vertex 0.9121296559635608 1.14106241270467 1.34128499597643
  endloop
endfacet
facet normal 0.548523 0.783574 -0.291778
  outer loop
    vertex 0.9037521193792316 1.67949114310351 -0.5473289265240369
    vertex 0.9429952566604514 1.602410832910501 -0.6805547683732738
    vertex 0.7902445479079874 1.705239523565801 -0.6915678812135375
  endloop
endfacet
facet normal 0.539914 -0.0879239 0.837115
  outer loop
    vertex 0.7786130242753964 -0.1160175156201808 1.844045604698878
    vertex 0.7771175164605859 -0.2700582595418191 1.828830953752602
    vertex 0.907022551960621 -0.1387603532452963 1.758836641515045
  endloop
endfacet
facet normal 0.581705 0.751483 0.311275
  outer loop
    vertex 3.325399999944 0.193794736807 -8.606215154162e-17
    vertex 3.204700345349976 0.2219984182268035 0.1574719586808604
    vertex 3.325399999944 0.1370335725544918 0.1370335725544921
  endloop
endfacet
facet normal 0.453142 0.380826 -0.805999
  outer loop
    vertex 3.132364800211412 0.1946297144909214 -0.2529383151547224
    vertex 3.17263488090699 0.09657429883563924 -0.2766281137694431
    vertex 3.086711438360923 0.0554544214268156 -0.344363888530994
  endloop
endfacet
facet normal 0.540064 0.831486 0.130237
  outer loop
    vertex 1.218618213212741 1.528870938358237 0.3197517724700235
    vertex 1.342172354482382 1.454135533559138 0.2845415225871275
    vertex 1.249019140530801 1.533336136680302 0.1651785079718531
  endloop
endfacet
facet normal 0.552372 0.570127 0.608145
  outer loop
    vertex 0.9121296559635608 1.14106241270467 1.34128499597643
    vertex 0.891560479589228 1.270217718841901 1.238886508270614
    vertex 0.7787212255944836 1.287032544608838 1.325613755408689
  endloop
endfacet
facet normal 0.551867 -0.104984 0.827298
  outer loop
    vertex 0.907022551960621 -0.1387603532452963 1.758836641515045
    vertex 0.7771175164605859 -0.2700582595418191 1.828830953752602
    vertex 0.9031405633193123 -0.3043304711549585 1.740415364058415
  endloop
endfacet
facet normal 0.543588 -0.530676 0.650304
  outer loop
    vertex 0.9404907441198733 -1.048097539900067 1.392132374044709
    vertex 0.8698032550547757 -1.185773658510186 1.338870266938595
    vertex 1.011497700046794 -1.121371328308524 1.272983166264239
  endloop
endfacet
facet normal 0.554569 -0.120519 -0.823364
  outer loop
    vertex 2.948400487233043 -0.1312605684726473 -0.4185192312187941
    vertex 2.984780798540543 0.01105748087580661 -0.4148473000454623
    vertex 3.095179138378668 -0.1214796463488817 -0.3210895984401825
  endloop
endfacet
facet normal 0.537116 -0.509984 0.67188
  outer loop
    vertex 0.6608000000000001 -1.226531241074423 1.482621581749178
    vertex 0.794170464516579 -1.10890171532215 1.465287872353599
    vertex 0.6608000000000001 -1.098167046938378 1.580055308215077
  endloop
endfacet
facet normal 0.537897 0.664152 -0.5192
  outer loop
    vertex 0.7774135454254856 1.501970728296586 -1.077463366033455
    vertex 0.9126005487124005 1.394195964164022 -1.075271852968487
    vertex 0.7781042142993773 1.407906514755755 -1.197073370295421
  endloop
endfacet
facet normal 0.540644 0.805144 0.243818
  outer loop
    vertex 1.692540625276861 1.220898494397533 0.2870189497611667
    vertex 1.638629883106034 1.20622893811103 0.455003396955334
    vertex 1.773678805478993 1.128203520410688 0.4132028449345025
  endloop
endfacet
facet normal 0.554719 0.794406 0.247397
  outer loop
    vertex 1.565272296506743 1.290510663654723 0.3488540726525808
    vertex 1.638629883106034 1.20622893811103 0.455003396955334
    vertex 1.692540625276861 1.220898494397533 0.2870189497611667
  endloop
endfacet
facet normal 0.550925 0.63936 -0.536376
  outer loop
    vertex 0.7781042142993773 1.407906514755755 -1.197073370295421
    vertex 0.9126005487124005 1.394195964164022 -1.075271852968487
    vertex 0.8853552214644824 1.319674337140157 -1.192085966892026
  endloop
endfacet
facet normal 0.538187 -0.75403 0.376556
  outer loop
    vertex 0.7786130242753933 -1.619144493502699 0.890132217875425
    vertex 0.766124794044532 -1.693040939795165 0.7600076804289398
    vertex 0.9047661614038405 -1.586769876683677 0.7746578454707724
  endloop
endfacet
facet normal 0.53677 0.836625 0.109255
  outer loop
    vertex 0.8727938955407046 1.78042034054122 0.1476246096795146
    vertex 0.8717198305216072 1.759259036140201 0.3149443863664094
    vertex 1.004933219340658 1.682485506159083 0.2483636375976248
  endloop
endfacet
facet normal 0.585916 0.584107 -0.561714
  outer loop
    vertex 2.8891136526931 0.3983013805345203 -0.2626800868023907
    vertex 2.908417963733601 0.2637495158397481 -0.3824597705430935
    vertex 2.781857485123061 0.3886094114901927 -0.3846357352368114
  endloop
endfacet
facet normal 0.548898 0.831233 0.0881053
  outer loop
    vertex 1.004933219340658 1.682485506159083 0.2483636375976248
    vertex 0.9921708560569265 1.705275181143736 0.1128633700174384
    vertex 0.8727938955407046 1.78042034054122 0.1476246096795146
  endloop
endfacet
facet normal 0.547562 -0.806594 0.222669
  outer loop
    vertex 2.866265861501378 -0.4866115646381511 0.07233745702996713
    vertex 2.927300406082336 -0.4163427397637205 0.1767895793817092
    vertex 2.782758486210017 -0.507605691210214 0.2016404642780735
  endloop
endfacet
facet normal 0.590978 0.339111 0.731949
  outer loop
    vertex 3.117089243074212 0.05325318400569434 0.3247353253150387
    vertex 3.081202715321333 0.216330651124485 0.2781566465962225
    vertex 2.972729516383189 0.1733067534239973 0.3856711063104044
  endloop
endfacet
facet normal 0.472021 0.741757 0.476438
  outer loop
    vertex 2.943659681912454 0.3104787922016033 0.3141669066540977
    vertex 3.029316562879818 0.309696865680405 0.2305214075423678
    vertex 2.96589830023205 0.3975073528445478 0.1566412344373069
  endloop
endfacet
facet normal 0.588055 0.699132 -0.406701
  outer loop
    vertex 2.98136850657422 0.3944589930857307 -0.1358925562044315
    vertex 3.004827340227183 0.2948272861317568 -0.2732431599468534
    vertex 2.8891136526931 0.3983013805345203 -0.2626800868023907
  endloop
endfacet
facet normal 0.495148 0.616238 -0.612437
  outer loop
    vertex 2.8891136526931 0.3983013805345203 -0.2626800868023907
    vertex 3.004827340227183 0.2948272861317568 -0.2732431599468534
    vertex 2.908417963733601 0.2637495158397481 -0.3824597705430935
  endloop
endfacet
facet normal 0.534866 0.114284 -0.837173
  outer loop
    vertex 2.428370417261646 0.1795712823484108 -0.7552768705291653
    vertex 2.531861145353178 0.04277076029808559 -0.7078320106547503
    vertex 2.401304127894238 0.02650349209773945 -0.7934649450730425
  endloop
endfacet
facet normal 0.527143 0.0561676 -0.847918
  outer loop
    vertex 2.743682534575487 -0.04816333180916216 -0.5695322468341799
    vertex 2.774293246653802 0.1141350353623737 -0.5397509023161703
    vertex 2.872945991358849 -0.01911355897958238 -0.4872460044152999
  endloop
endfacet
facet normal 0.538444 -0.15627 0.828045
  outer loop
    vertex 0.7771175164605859 -0.2700582595418191 1.828830953752602
    vertex 0.7761852764529202 -0.4154175581844705 1.802004746530144
    vertex 0.9031405633193123 -0.3043304711549585 1.740415364058415
  endloop
endfacet
facet normal 0.539766 -0.0528225 -0.840156
  outer loop
    vertex 2.357836286215912 -0.1324393825642408 -0.8113981308229744
    vertex 2.401304127894238 0.02650349209773945 -0.7934649450730425
    vertex 2.493112815020592 -0.1111288199459319 -0.7258284400669442
  endloop
endfacet
facet normal 0.55145 0.0220208 -0.833917
  outer loop
    vertex 0.7735995934589553 0.04002522115841992 -1.850514543445375
    vertex 0.8642693317879858 0.1093636892006393 -1.788725785341539
    vertex 0.9103179211843024 -0.0288709342018024 -1.761925224909437
  endloop
endfacet
facet normal 0.545106 -0.579784 0.605566
  outer loop
    vertex 1.011497700046794 -1.121371328308524 1.272983166264239
    vertex 0.8698032550547757 -1.185773658510186 1.338870266938595
    vertex 0.9564413060710817 -1.247537594927401 1.201747851849977
  endloop
endfacet
facet normal 0.545172 -0.578318 -0.606907
  outer loop
    vertex 0.7816015779623453 -1.331848904310709 -1.277878939429624
    vertex 0.863177835425647 -1.175284849632839 -1.3537898260668
    vertex 0.9109016413756289 -1.27428486504943 -1.216583859299493
  endloop
endfacet
facet normal 0.537165 -0.721566 0.436803
  outer loop
    vertex 3.095183627376534 -0.3129408430535306 0.1411448259454021
    vertex 2.962405143194123 -0.3329906541500147 0.2713104965508677
    vertex 2.927300406082336 -0.4163427397637205 0.1767895793817092
  endloop
endfacet
facet normal 0.544879 -0.810254 0.215858
  outer loop
    vertex 3.095183627376534 -0.3129408430535306 0.1411448259454021
    vertex 2.927300406082336 -0.4163427397637205 0.1767895793817092
    vertex 3.00972338855557 -0.3964122400047869 0.04354555495566505
  endloop
endfacet
facet normal 0.551489 0.16126 -0.818447
  outer loop
    vertex 1.002873518445107 0.2597138187124259 -1.682124309146652
    vertex 0.896757147347488 0.3692414596082146 -1.732047650291431
    vertex 1.028354125702569 0.4009078173210651 -1.63713516356958
  endloop
endfacet
facet normal 0.555677 0.13591 -0.820214
  outer loop
    vertex 2.555019796898318 0.1885152151228494 -0.6679926566606194
    vertex 2.531861145353178 0.04277076029808559 -0.7078320106547503
    vertex 2.428370417261646 0.1795712823484108 -0.7552768705291653
  endloop
endfacet
facet normal 0.493987 -0.816194 -0.299673
  outer loop
    vertex 2.909335327926938 -0.4580164592472818 -0.07420927359186608
    vertex 2.896883455954323 -0.4018293702015452 -0.2477671548737163
    vertex 2.996417237799768 -0.3696099794084847 -0.1714470303601535
  endloop
endfacet
facet normal 0.597967 0.662852 0.450625
  outer loop
    vertex 2.96589830023205 0.3975073528445478 0.1566412344373069
    vertex 2.869186767151473 0.4228918993478033 0.2476352483521765
    vertex 2.943659681912454 0.3104787922016033 0.3141669066540977
  endloop
endfacet
facet normal 0.553835 -0.182551 0.812368
  outer loop
    vertex 0.9031405633193123 -0.3043304711549585 1.740415364058415
    vertex 0.7761852764529202 -0.4154175581844705 1.802004746530144
    vertex 0.888559041497991 -0.4670394279970398 1.713793373037841
  endloop
endfacet
facet normal 0.537922 0.831071 -0.141284
  outer loop
    vertex 0.7763482454157653 1.809244202932204 -0.3821476843868934
    vertex 0.7692285689687229 1.838715808879557 -0.2358948898111264
    vertex 0.9040929220305944 1.742571315923724 -0.2879632341961594
  endloop
endfacet
facet normal 0.589665 -0.077529 -0.803918
  outer loop
    vertex 2.984780798540543 0.01105748087580661 -0.4148473000454623
    vertex 3.086711438360923 0.0554544214268156 -0.344363888530994
    vertex 3.095179138378668 -0.1214796463488817 -0.3210895984401825
  endloop
endfacet
facet normal 0.542767 -0.423027 0.72557
  outer loop
    vertex 0.8920445223681468 -0.8503754317286346 1.556932581680674
    vertex 0.7649050357642219 -0.8795028550109759 1.635058004824541
    vertex 0.7806964319276439 -0.9830671544606951 1.562864450971507
  endloop
endfacet
facet normal 0.570895 0.317937 -0.756965
  outer loop
    vertex 2.451013715639845 0.3183690629268545 -0.6918923226335669
    vertex 2.567379167696278 0.3453416168570563 -0.5928018207148336
    vertex 2.555019796898318 0.1885152151228494 -0.6679926566606194
  endloop
endfacet
facet normal 0.51266 0.734243 -0.445047
  outer loop
    vertex 3.112370377169217 0.3032725200118351 -0.1354288053350295
    vertex 3.004827340227183 0.2948272861317568 -0.2732431599468534
    vertex 2.98136850657422 0.3944589930857307 -0.1358925562044315
  endloop
endfacet
facet normal 0.549888 -0.578583 -0.602383
  outer loop
    vertex 0.7816015779623453 -1.331848904310709 -1.277878939429624
    vertex 0.7498972131653905 -1.242634773213907 -1.392509631102466
    vertex 0.863177835425647 -1.175284849632839 -1.3537898260668
  endloop
endfacet
facet normal 0.551693 0.319855 0.770278
  outer loop
    vertex 0.7875215110842471 0.6360814409045297 1.72858888322102
    vertex 0.7950008698000268 0.775475054267893 1.665349327625397
    vertex 0.6608000000000001 0.7456574914511391 1.773849076286591
  endloop
endfacet
facet normal 0.537523 -0.358054 -0.763457
  outer loop
    vertex 0.7773595710048801 -0.8525859264913861 -1.640143346013494
    vertex 0.7734594921580292 -0.7158853168443661 -1.707000621837226
    vertex 0.9029095082992 -0.7395139797424395 -1.604777862842907
  endloop
endfacet
facet normal 0.593284 -0.752418 -0.28615
  outer loop
    vertex 2.909335327926938 -0.4580164592472818 -0.07420927359186608
    vertex 2.801736325413425 -0.5022498866035827 -0.1809877099141763
    vertex 2.896883455954323 -0.4018293702015452 -0.2477671548737163
  endloop
endfacet
facet normal 0.550205 -0.429697 0.715985
  outer loop
    vertex 0.7806964319276439 -0.9830671544606951 1.562864450971507
    vertex 0.8834168852341482 -0.9751740087500713 1.488665057995594
    vertex 0.8920445223681468 -0.8503754317286346 1.556932581680674
  endloop
endfacet
facet normal 0.514401 0.479589 0.710905
  outer loop
    vertex 2.972729516383189 0.1733067534239973 0.3856711063104044
    vertex 3.081202715321333 0.216330651124485 0.2781566465962225
    vertex 2.943659681912454 0.3104787922016033 0.3141669066540977
  endloop
endfacet
facet normal 0.52621 0.798457 0.292522
  outer loop
    vertex 2.613845574190203 0.5839897648422643 0.2985582940712335
    vertex 2.718499549452587 0.5655486048750531 0.1606350649357286
    vertex 2.575758974356924 0.6644542765153041 0.1474383275020488
  endloop
endfacet
facet normal 0.595059 0.295713 -0.747301
  outer loop
    vertex 3.132364800211412 0.1946297144909214 -0.2529383151547224
    vertex 3.086711438360923 0.0554544214268156 -0.344363888530994
    vertex 3.000225925642143 0.1638421447751086 -0.3703403723092303
  endloop
endfacet
facet normal 0.535345 -0.734153 0.417642
  outer loop
    vertex 2.782758486210017 -0.507605691210214 0.2016404642780735
    vertex 2.927300406082336 -0.4163427397637205 0.1767895793817092
    vertex 2.851226574662691 -0.4003774080902801 0.3023679264495987
  endloop
endfacet
facet normal 0.547703 0.827759 0.121803
  outer loop
    vertex 1.249019140530801 1.533336136680302 0.1651785079718531
    vertex 1.342172354482382 1.454135533559138 0.2845415225871275
    vertex 1.390582429353238 1.443745780123371 0.1374663680343761
  endloop
endfacet
facet normal 0.571858 0.775134 0.268599
  outer loop
    vertex 2.575758974356924 0.6644542765153041 0.1474383275020488
    vertex 2.494259382849877 0.6825943394824577 0.2686048782945557
    vertex 2.613845574190203 0.5839897648422643 0.2985582940712335
  endloop
endfacet
facet normal 0.5328 0.818799 0.213757
  outer loop
    vertex 2.194866750922684 0.9143503356429109 0.1583978810860564
    vertex 2.19572749502114 0.874629591563212 0.308402980127097
    vertex 2.301333549275292 0.8186378687153355 0.2596518512479479
  endloop
endfacet
facet normal 0.574217 0.197712 -0.794472
  outer loop
    vertex 2.656122627088112 0.0692460290218245 -0.6246002425145312
    vertex 2.555019796898318 0.1885152151228494 -0.6679926566606194
    vertex 2.670402831208397 0.2337074613146371 -0.5733512775939165
  endloop
endfacet
facet normal 0.551919 0.384017 0.740214
  outer loop
    vertex 0.7950008698000268 0.775475054267893 1.665349327625397
    vertex 0.7812772673098731 0.9156348112314707 1.602868206747405
    vertex 0.6608000000000001 0.8914742307776403 1.705232927156702
  endloop
endfacet
facet normal 0.573923 0.0590733 0.816776
  outer loop
    vertex 2.535786712846087 0.05986558156710903 0.7040330900622925
    vertex 2.643117112896028 -0.03833764122138014 0.6357178874483608
    vertex 2.651928728132071 0.131902860124739 0.6172135941266781
  endloop
endfacet
facet normal 0.54096 0.833009 0.116007
  outer loop
    vertex 2.659249999957342 0.6263960526042343 -2.781757280548215e-16
    vertex 2.718499549452587 0.5655486048750531 0.1606350649357286
    vertex 2.792479999954498 0.5398757894445163 -2.397530127522429e-16
  endloop
endfacet
facet normal 0.552496 -0.473018 0.686296
  outer loop
    vertex 0.6608000000000001 -1.098167046938378 1.580055308215077
    vertex 0.794170464516579 -1.10890171532215 1.465287872353599
    vertex 0.7806964319276439 -0.9830671544606951 1.562864450971507
  endloop
endfacet
facet normal 0.543546 -0.747429 0.381978
  outer loop
    vertex 1.139031027086371 -1.404091812748856 0.7951991496713204
    vertex 1.19207910741084 -1.435033114689109 0.659169028304622
    vertex 1.277096151340849 -1.328123963271401 0.7473845062806286
  endloop
endfacet
facet normal 0.553419 -0.730712 0.399734
  outer loop
    vertex 0.9047661614038405 -1.586769876683677 0.7746578454707724
    vertex 0.8777214295962186 -1.528183485046041 0.9191960712649042
    vertex 0.7786130242753933 -1.619144493502699 0.890132217875425
  endloop
endfacet
facet normal 0.55159 -0.0414597 -0.833085
  outer loop
    vertex 2.401304127894238 0.02650349209773945 -0.7934649450730425
    vertex 2.531861145353178 0.04277076029808559 -0.7078320106547503
    vertex 2.493112815020592 -0.1111288199459319 -0.7258284400669442
  endloop
endfacet
facet normal 0.553654 0.414773 0.722101
  outer loop
    vertex 0.7812772673098731 0.9156348112314707 1.602868206747405
    vertex 0.9052607407731323 0.8069884417912506 1.570213014303971
    vertex 0.8833632972621929 0.9506838498276772 1.504464052272641
  endloop
endfacet
facet normal 0.547265 -0.746877 0.377725
  outer loop
    vertex 1.19207910741084 -1.435033114689109 0.659169028304622
    vertex 1.331598145126066 -1.359295377294232 0.6067841074058956
    vertex 1.277096151340849 -1.328123963271401 0.7473845062806286
  endloop
endfacet
facet normal 0.543665 -0.711783 0.44474
  outer loop
    vertex 1.08389501111117 -1.359062330565093 0.9346665056008573
    vertex 1.139031027086371 -1.404091812748856 0.7951991496713204
    vertex 1.218526402603579 -1.288832120384269 0.8824882805143468
  endloop
endfacet
facet normal 0.545029 0.216471 0.80999
  outer loop
    vertex 0.9040036599564409 0.5079651071958364 1.691642347723186
    vertex 0.7606821852075648 0.5301957109476994 1.782139951509231
    vertex 0.8163480714537206 0.4194554214351328 1.774278811762482
  endloop
endfacet
facet normal 0.545617 -0.212934 -0.810532
  outer loop
    vertex 2.226521886151702 -0.1600407560662869 -0.8931872336624065
    vertex 2.17185328460257 -0.3088891155964675 -0.8908840608157594
    vertex 2.095734954406443 -0.1812887485535283 -0.9756456097495964
  endloop
endfacet
facet normal 0.55459 -0.766076 -0.324896
  outer loop
    vertex 0.8946992316935637 -1.663510855446307 -0.611387976055079
    vertex 0.774737939289442 -1.696939025043142 -0.7373384353134019
    vertex 0.8874123015105875 -1.60128564631527 -0.7705478518974064
  endloop
endfacet
facet normal 0.545071 -0.711631 0.443259
  outer loop
    vertex 1.218526402603579 -1.288832120384269 0.8824882805143468
    vertex 1.139031027086371 -1.404091812748856 0.7951991496713204
    vertex 1.277096151340849 -1.328123963271401 0.7473845062806286
  endloop
endfacet
facet normal 0.544626 -0.212582 -0.81129
  outer loop
    vertex 2.307733366176273 -0.2831016111997638 -0.8064236359133991
    vertex 2.17185328460257 -0.3088891155964675 -0.8908840608157594
    vertex 2.226521886151702 -0.1600407560662869 -0.8931872336624065
  endloop
endfacet
facet normal 0.547272 0.823114 0.151579
  outer loop
    vertex 1.839875687966052 1.126040418130929 0.2723232645026036
    vertex 1.986637344875237 1.030247237518958 0.262626434634973
    vertex 1.922860502244654 1.096676242890994 0.1321638052367906
  endloop
endfacet
facet normal 0.514796 0.213997 -0.830175
  outer loop
    vertex 2.670402831208397 0.2337074613146371 -0.5733512775939165
    vertex 2.774293246653802 0.1141350353623737 -0.5397509023161703
    vertex 2.656122627088112 0.0692460290218245 -0.6246002425145312
  endloop
endfacet
facet normal 0.544651 -0.132031 -0.828204
  outer loop
    vertex 0.6608000000000001 -0.3605591255258505 -1.890117127852143
    vertex 0.7635481762367489 -0.2354467808449108 -1.842492176994457
    vertex 0.8285372674578129 -0.3418734210363316 -1.782787054569383
  endloop
endfacet
facet normal 0.544245 -0.183575 -0.818595
  outer loop
    vertex 0.8285372674578129 -0.3418734210363316 -1.782787054569383
    vertex 0.7630209487841254 -0.4634893276753194 -1.799072624882812
    vertex 0.6608000000000001 -0.3605591255258505 -1.890117127852143
  endloop
endfacet
facet normal 0.538284 -0.808945 -0.236343
  outer loop
    vertex 0.7764253857572005 -1.751928319284049 -0.5915769909978424
    vertex 0.9055436531905365 -1.701752199919207 -0.469244101573184
    vertex 0.7787454439543571 -1.793253022852117 -0.4448483771453328
  endloop
endfacet
facet normal 0.556677 -0.773511 0.302972
  outer loop
    vertex 0.7645515535998063 -1.759578841452243 0.593021650922244
    vertex 0.766124794044532 -1.693040939795165 0.7600076804289398
    vertex 0.6608000000000001 -1.78907591414617 0.7083452642758655
  endloop
endfacet
facet normal 0.536956 -0.843246 -0.024813
  outer loop
    vertex 0.7761320023814658 -1.844708425584159 -0.1302752325495673
    vertex 0.8833164429243869 -1.779488138863724 -0.02724211621106078
    vertex 0.7689943541049258 -1.853785847502154 0.02375294987171014
  endloop
endfacet
facet normal 0.552701 -0.831977 -0.048326
  outer loop
    vertex 0.8940953864442102 -1.763349868843982 -0.1817993436040014
    vertex 0.8833164429243869 -1.779488138863724 -0.02724211621106078
    vertex 0.7761320023814658 -1.844708425584159 -0.1302752325495673
  endloop
endfacet
facet normal 0.540145 -0.825161 0.165386
  outer loop
    vertex 0.780120876774179 -1.792818749072391 0.4428855400367043
    vertex 0.8364156423996358 -1.787436722347219 0.285881920221295
    vertex 0.9326254291402273 -1.703489877735173 0.3905004693914868
  endloop
endfacet
facet normal 0.556004 -0.675691 -0.484047
  outer loop
    vertex 0.7649540827092842 -1.456438425947063 -1.151350855971449
    vertex 0.7612459363189645 -1.559843712480206 -1.011264855814332
    vertex 0.6608000000000001 -1.556710500576275 -1.131016382461174
  endloop
endfacet
facet normal 0.548288 -0.209069 -0.809735
  outer loop
    vertex 2.226521886151702 -0.1600407560662869 -0.8931872336624065
    vertex 2.357836286215912 -0.1324393825642408 -0.8113981308229744
    vertex 2.307733366176273 -0.2831016111997638 -0.8064236359133991
  endloop
endfacet
facet normal 0.5375 -0.786912 -0.303089
  outer loop
    vertex 0.7764253857572005 -1.751928319284049 -0.5915769909978424
    vertex 0.774737939289442 -1.696939025043142 -0.7373384353134019
    vertex 0.8946992316935637 -1.663510855446307 -0.611387976055079
  endloop
endfacet
facet normal 0.545985 0.81457 0.195896
  outer loop
    vertex 2.301333549275292 0.8186378687153355 0.2596518512479479
    vertex 2.332872594752509 0.827258345483288 0.1359034712087639
    vertex 2.194866750922684 0.9143503356429109 0.1583978810860564
  endloop
endfacet
facet normal 0.547299 -0.211437 -0.809789
  outer loop
    vertex 2.095734954406443 -0.1812887485535283 -0.9756456097495964
    vertex 2.17185328460257 -0.3088891155964675 -0.8908840608157594
    vertex 2.037820894267759 -0.3259840216326003 -0.9770069146490054
  endloop
endfacet
facet normal 0.555562 -0.422026 -0.716411
  outer loop
    vertex 2.027131522090333 -0.5723186714985711 -0.8646426853402003
    vertex 2.102171067661894 -0.4357507088997075 -0.8869010363550014
    vertex 2.165267280293246 -0.5537559669814395 -0.7684563600235781
  endloop
endfacet
facet normal 0.572041 0.0424166 -0.819128
  outer loop
    vertex 2.656122627088112 0.0692460290218245 -0.6246002425145312
    vertex 2.774293246653802 0.1141350353623737 -0.5397509023161703
    vertex 2.743682534575487 -0.04816333180916216 -0.5695322468341799
  endloop
endfacet
facet normal 0.536538 0.386863 0.749976
  outer loop
    vertex 0.7950008698000268 0.775475054267893 1.665349327625397
    vertex 0.9052607407731323 0.8069884417912506 1.570213014303971
    vertex 0.7812772673098731 0.9156348112314707 1.602868206747405
  endloop
endfacet
facet normal 0.514183 0.177899 0.839028
  outer loop
    vertex 2.756894742091554 0.1956485478182417 0.5278956379646483
    vertex 2.752662765326283 0.03434762372549575 0.5646896670786437
    vertex 2.8739811551318 0.1126355999376439 0.4737426235417976
  endloop
endfacet
facet normal 0.581732 0.0421576 0.812288
  outer loop
    vertex 2.8739811551318 0.1126355999376439 0.4737426235417976
    vertex 2.752662765326283 0.03434762372549575 0.5646896670786437
    vertex 2.865529148017113 -0.06007400945690086 0.4887592416002846
  endloop
endfacet
facet normal 0.519565 0.514756 -0.681967
  outer loop
    vertex 2.781857485123061 0.3886094114901927 -0.3846357352368114
    vertex 2.908417963733601 0.2637495158397481 -0.3824597705430935
    vertex 2.789496518116316 0.2626313949461558 -0.4739054535255177
  endloop
endfacet
facet normal 0.534486 -0.439079 -0.722174
  outer loop
    vertex 2.165267280293246 -0.5537559669814395 -0.7684563600235781
    vertex 2.102171067661894 -0.4357507088997075 -0.8869010363550014
    vertex 2.234179617416808 -0.4203701961453816 -0.7985518391728119
  endloop
endfacet
facet normal 0.56981 0.346296 -0.745249
  outer loop
    vertex 2.789496518116316 0.2626313949461558 -0.4739054535255177
    vertex 2.908417963733601 0.2637495158397481 -0.3824597705430935
    vertex 2.905638448111616 0.123570825414337 -0.4497221078897948
  endloop
endfacet
facet normal 0.506092 0.502071 -0.701282
  outer loop
    vertex 3.004827340227183 0.2948272861317568 -0.2732431599468534
    vertex 3.132364800211412 0.1946297144909214 -0.2529383151547224
    vertex 3.000225925642143 0.1638421447751086 -0.3703403723092303
  endloop
endfacet
facet normal 0.514462 0.337425 -0.788336
  outer loop
    vertex 2.555019796898318 0.1885152151228494 -0.6679926566606194
    vertex 2.567379167696278 0.3453416168570563 -0.5928018207148336
    vertex 2.670402831208397 0.2337074613146371 -0.5733512775939165
  endloop
endfacet
facet normal 0.524662 0.299617 -0.796844
  outer loop
    vertex 2.905638448111616 0.123570825414337 -0.4497221078897948
    vertex 2.774293246653802 0.1141350353623737 -0.5397509023161703
    vertex 2.789496518116316 0.2626313949461558 -0.4739054535255177
  endloop
endfacet
facet normal 0.591364 0.178915 0.786307
  outer loop
    vertex 2.8739811551318 0.1126355999376439 0.4737426235417976
    vertex 2.977545992809385 0.008219465775772507 0.4196124650485085
    vertex 2.972729516383189 0.1733067534239973 0.3856711063104044
  endloop
endfacet
facet normal 0.553744 0.684959 -0.473496
  outer loop
    vertex 0.8960982417154143 1.504791496089863 -0.9345836709211022
    vertex 0.9126005487124005 1.394195964164022 -1.075271852968487
    vertex 0.7774135454254856 1.501970728296586 -1.077463366033455
  endloop
endfacet
facet normal 0.551525 -0.765278 0.331919
  outer loop
    vertex 0.9047661614038405 -1.586769876683677 0.7746578454707724
    vertex 0.766124794044532 -1.693040939795165 0.7600076804289398
    vertex 0.8534778718530349 -1.67533581760856 0.6556806153475448
  endloop
endfacet
facet normal 0.551131 -0.379529 -0.74311
  outer loop
    vertex 0.9029095082992 -0.7395139797424395 -1.604777862842907
    vertex 0.8780854367558444 -0.8678906574575066 -1.557622845146327
    vertex 0.7773595710048801 -0.8525859264913861 -1.640143346013494
  endloop
endfacet
facet normal 0.492022 0.337488 0.802506
  outer loop
    vertex 3.224909654946206 0.09913555744091214 0.2393344072872678
    vertex 3.081202715321333 0.216330651124485 0.2781566465962225
    vertex 3.117089243074212 0.05325318400569434 0.3247353253150387
  endloop
endfacet
facet normal 0.5544 -0.0553518 -0.830408
  outer loop
    vertex 0.9103179211843024 -0.0288709342018024 -1.761925224909437
    vertex 0.8808865890593639 -0.1965519551777252 -1.770397291000121
    vertex 0.7786130242753969 -0.116017515620184 -1.844045604698877
  endloop
endfacet
facet normal 0.502133 0.0504896 0.863315
  outer loop
    vertex 2.865529148017113 -0.06007400945690086 0.4887592416002846
    vertex 2.977545992809385 0.008219465775772507 0.4196124650485085
    vertex 2.8739811551318 0.1126355999376439 0.4737426235417976
  endloop
endfacet
facet normal 0.541298 0.822031 -0.176809
  outer loop
    vertex 1.116343555840915 1.575665753349869 -0.4109239967935779
    vertex 1.050170879286967 1.648853855275847 -0.2732398890105052
    vertex 1.190717936505467 1.556076977038556 -0.2743007770569058
  endloop
endfacet
facet normal 0.550995 -0.794355 -0.255744
  outer loop
    vertex 0.8946992316935637 -1.663510855446307 -0.611387976055079
    vertex 0.9055436531905365 -1.701752199919207 -0.469244101573184
    vertex 0.7764253857572005 -1.751928319284049 -0.5915769909978424
  endloop
endfacet
facet normal 0.536651 0.795912 -0.280233
  outer loop
    vertex 0.7902445479079874 1.705239523565801 -0.6915678812135375
    vertex 0.7782209269941555 1.770757393293541 -0.5285106722084026
    vertex 0.9037521193792316 1.67949114310351 -0.5473289265240369
  endloop
endfacet
facet normal 0.559835 0.821943 0.104854
  outer loop
    vertex 2.575758974356924 0.6644542765153041 0.1474383275020488
    vertex 2.718499549452587 0.5655486048750531 0.1606350649357286
    vertex 2.659249999957342 0.6263960526042343 -2.781757280548215e-16
  endloop
endfacet
facet normal 0.578162 0.167009 0.798647
  outer loop
    vertex 2.756894742091554 0.1956485478182417 0.5278956379646483
    vertex 2.651928728132071 0.131902860124739 0.6172135941266781
    vertex 2.752662765326283 0.03434762372549575 0.5646896670786437
  endloop
endfacet
facet normal 0.549064 -0.791762 0.26766
  outer loop
    vertex 0.8788785266663439 -1.701430240358981 0.5317159071108226
    vertex 1.01906782861175 -1.624054777718774 0.4730224330783764
    vertex 0.9725524970212635 -1.609518292173126 0.6114418586666353
  endloop
endfacet
facet normal 0.550566 -0.826169 -0.119675
  outer loop
    vertex 0.8940953864442102 -1.763349868843982 -0.1817993436040014
    vertex 0.7760402266605502 -1.825154660871183 -0.298247740370803
    vertex 0.8982882209058571 -1.739581298041497 -0.3265953343079999
  endloop
endfacet
facet normal 0.548673 -0.774471 0.314885
  outer loop
    vertex 1.19207910741084 -1.435033114689109 0.659169028304622
    vertex 1.105203436299101 -1.535381038798025 0.5637368144749964
    vertex 1.240120376130809 -1.461033194849477 0.5115110801624165
  endloop
endfacet
facet normal 0.55879 0.0888096 -0.82454
  outer loop
    vertex 2.872945991358849 -0.01911355897958238 -0.4872460044152999
    vertex 2.774293246653802 0.1141350353623737 -0.5397509023161703
    vertex 2.905638448111616 0.123570825414337 -0.4497221078897948
  endloop
endfacet
facet normal 0.529822 -0.789571 0.309624
  outer loop
    vertex 0.8534778718530349 -1.67533581760856 0.6556806153475448
    vertex 0.766124794044532 -1.693040939795165 0.7600076804289398
    vertex 0.7645515535998063 -1.759578841452243 0.593021650922244
  endloop
endfacet
facet normal 0.587618 0.51337 0.625424
  outer loop
    vertex 3.224909654946206 0.09913555744091214 0.2393344072872678
    vertex 3.204700345349976 0.2219984182268035 0.1574719586808604
    vertex 3.081202715321333 0.216330651124485 0.2781566465962225
  endloop
endfacet
facet normal 0.546684 0.835288 -0.0585728
  outer loop
    vertex 2.126329999968716 0.9724771052431059 -4.318665892651362e-16
    vertex 2.197442860999316 0.9165252174544426 -0.1341859817959045
    vertex 2.057454113972959 1.007960424578625 -0.1368310885545465
  endloop
endfacet
facet normal 0.556476 0.820127 0.133137
  outer loop
    vertex 1.249019140530801 1.533336136680302 0.1651785079718531
    vertex 1.140326631246652 1.592565151411815 0.2546313390095208
    vertex 1.218618213212741 1.528870938358237 0.3197517724700235
  endloop
endfacet
facet normal 0.535137 0.0391395 -0.843858
  outer loop
    vertex 2.182773625950716 0.1136487620134497 -0.9288957792932336
    vertex 2.273111707715056 -0.005601458959115897 -0.8771384063075585
    vertex 2.142093821659566 -0.03518784332146381 -0.9615963948053986
  endloop
endfacet
facet normal 0.530666 -0.688573 -0.494227
  outer loop
    vertex 0.850497121095005 -1.465209212945546 -1.047281180097142
    vertex 0.7612459363189645 -1.559843712480206 -1.011264855814332
    vertex 0.7649540827092842 -1.456438425947063 -1.151350855971449
  endloop
endfacet
facet normal 0.545047 -0.530886 0.64891
  outer loop
    vertex 0.9404907441198733 -1.048097539900067 1.392132374044709
    vertex 0.794170464516579 -1.10890171532215 1.465287872353599
    vertex 0.8698032550547757 -1.185773658510186 1.338870266938595
  endloop
endfacet
facet normal 0.511311 0.0666652 0.856806
  outer loop
    vertex 2.651928728132071 0.131902860124739 0.6172135941266781
    vertex 2.643117112896028 -0.03833764122138014 0.6357178874483608
    vertex 2.752662765326283 0.03434762372549575 0.5646896670786437
  endloop
endfacet
facet normal 0.560797 0.601778 0.568657
  outer loop
    vertex 3.081202715321333 0.216330651124485 0.2781566465962225
    vertex 3.029316562879818 0.309696865680405 0.2305214075423678
    vertex 2.943659681912454 0.3104787922016033 0.3141669066540977
  endloop
endfacet
facet normal 0.555786 0.377821 -0.740509
  outer loop
    vertex 0.8550775868247364 0.7346706219533166 -1.641093947233808
    vertex 0.7516835055942125 0.8155113943319341 -1.677449478209045
    vertex 0.8464450739580041 0.8973599319623831 -1.564565886520474
  endloop
endfacet
facet normal 0.54421 0.392529 -0.741455
  outer loop
    vertex 0.8464450739580041 0.8973599319623831 -1.564565886520474
    vertex 0.7516835055942125 0.8155113943319341 -1.677449478209045
    vertex 0.7378882744119558 0.9334059078439076 -1.625161041805919
  endloop
endfacet
facet normal 0.54726 0.83025 -0.105788
  outer loop
    vertex 1.190717936505467 1.556076977038556 -0.2743007770569058
    vertex 1.050170879286967 1.648853855275847 -0.2732398890105052
    vertex 1.125542386529602 1.616730231141693 -0.1354443017073117
  endloop
endfacet
facet normal 0.530919 -0.847372 -0.00930958
  outer loop
    vertex 3.00972338855557 -0.3964122400047869 0.04354555495566505
    vertex 2.866265861501378 -0.4866115646381511 0.07233745702996713
    vertex 2.909335327926938 -0.4580164592472818 -0.07420927359186608
  endloop
endfacet
facet normal 0.54826 -0.806734 0.220435
  outer loop
    vertex 0.9326254291402273 -1.703489877735173 0.3905004693914868
    vertex 0.8788785266663439 -1.701430240358981 0.5317159071108226
    vertex 0.780120876774179 -1.792818749072391 0.4428855400367043
  endloop
endfacet
facet normal 0.555879 -0.0584648 -0.829205
  outer loop
    vertex 2.273111707715056 -0.005601458959115897 -0.8771384063075585
    vertex 2.401304127894238 0.02650349209773945 -0.7934649450730425
    vertex 2.357836286215912 -0.1324393825642408 -0.8113981308229744
  endloop
endfacet
facet normal 0.54011 -0.802881 0.252318
  outer loop
    vertex 1.240120376130809 -1.461033194849477 0.5115110801624165
    vertex 1.105203436299101 -1.535381038798025 0.5637368144749964
    vertex 1.152667491058349 -1.550167422632188 0.4150849528770212
  endloop
endfacet
facet normal 0.549261 0.677075 -0.489777
  outer loop
    vertex 1.050060907544479 1.305819402492612 -1.043289742999711
    vertex 0.9126005487124005 1.394195964164022 -1.075271852968487
    vertex 1.019094999050705 1.413223434572675 -0.9295396572318868
  endloop
endfacet
facet normal 0.548384 0.825341 -0.13449
  outer loop
    vertex 1.660900489983907 1.267603239535893 -0.1346004102531182
    vertex 1.723204392306419 1.203540360774743 -0.2736979275118525
    vertex 1.589292005997847 1.292329051421957 -0.2748466671971883
  endloop
endfacet
facet normal 0.551275 -0.828516 0.098269
  outer loop
    vertex 0.8364156423996358 -1.787436722347219 0.285881920221295
    vertex 0.7533939028937779 -1.855864885659266 0.1746965449846609
    vertex 0.8659972539148546 -1.786182151859397 0.1305109150441935
  endloop
endfacet
facet normal 0.54078 0.822899 -0.174339
  outer loop
    vertex 2.057454113972959 1.007960424578625 -0.1368310885545465
    vertex 2.197442860999316 0.9165252174544426 -0.1341859817959045
    vertex 2.121759073118133 0.9379260673499497 -0.2679339369716415
  endloop
endfacet
facet normal 0.542166 0.804548 0.242401
  outer loop
    vertex 1.773678805478993 1.128203520410688 0.4132028449345025
    vertex 1.839875687966052 1.126040418130929 0.2723232645026036
    vertex 1.692540625276861 1.220898494397533 0.2870189497611667
  endloop
endfacet
facet normal 0.551715 0.816452 -0.170341
  outer loop
    vertex 0.9040929220305944 1.742571315923724 -0.2879632341961594
    vertex 0.8772528479486296 1.731330357165541 -0.4287736009324022
    vertex 0.7763482454157653 1.809244202932204 -0.3821476843868934
  endloop
endfacet
facet normal 0.546087 -0.206842 -0.811792
  outer loop
    vertex 2.493112815020592 -0.1111288199459319 -0.7258284400669442
    vertex 2.436716288379513 -0.2591148854265244 -0.7260596766754489
    vertex 2.357836286215912 -0.1324393825642408 -0.8113981308229744
  endloop
endfacet
facet normal 0.531206 -0.693931 -0.486086
  outer loop
    vertex 2.11140840184878 -0.7559064058340428 -0.6271029031021729
    vertex 2.241290144058902 -0.7207633946263511 -0.5353348149814774
    vertex 2.139228346549552 -0.8283526269758272 -0.4932771801557432
  endloop
endfacet
facet normal 0.544821 -0.208003 -0.812345
  outer loop
    vertex 2.357836286215912 -0.1324393825642408 -0.8113981308229744
    vertex 2.436716288379513 -0.2591148854265244 -0.7260596766754489
    vertex 2.307733366176273 -0.2831016111997638 -0.8064236359133991
  endloop
endfacet
facet normal 0.552676 -0.532117 0.641405
  outer loop
    vertex 0.6608000000000001 -1.226531241074423 1.482621581749178
    vertex 0.7563207928777694 -1.242006352691163 1.38747647783344
    vertex 0.794170464516579 -1.10890171532215 1.465287872353599
  endloop
endfacet
facet normal 0.541105 -0.833843 0.109141
  outer loop
    vertex 0.8364156423996358 -1.787436722347219 0.285881920221295
    vertex 0.7395703150122538 -1.84681607412936 0.312365557789447
    vertex 0.7533939028937779 -1.855864885659266 0.1746965449846609
  endloop
endfacet
facet normal 0.565284 -0.51464 -0.64467
  outer loop
    vertex 2.88023996003041 -0.3124393907142444 -0.3681828265578356
    vertex 3.010773480426951 -0.196657499447221 -0.3461520839192926
    vertex 2.993788896011552 -0.2987672077610594 -0.2795309786545455
  endloop
endfacet
facet normal 0.584096 0.643119 -0.495207
  outer loop
    vertex 3.112370377169217 0.3032725200118351 -0.1354288053350295
    vertex 3.132364800211412 0.1946297144909214 -0.2529383151547224
    vertex 3.004827340227183 0.2948272861317568 -0.2732431599468534
  endloop
endfacet
facet normal 0.542877 0.831606 0.117114
  outer loop
    vertex 2.792479999954498 0.5398757894445163 -2.397530127522429e-16
    vertex 2.718499549452587 0.5655486048750531 0.1606350649357286
    vertex 2.840622196136794 0.4885102644755788 0.1415764169087488
  endloop
endfacet
facet normal 0.539329 0.144384 -0.829625
  outer loop
    vertex 0.8767314398271444 0.2350414792833893 -1.76842164650973
    vertex 0.896757147347488 0.3692414596082146 -1.732047650291431
    vertex 1.002873518445107 0.2597138187124259 -1.682124309146652
  endloop
endfacet
facet normal 0.542124 0.261237 -0.798659
  outer loop
    vertex 0.7872885637445115 0.5079683495071522 -1.77063394930392
    vertex 0.8638467038724883 0.6114447414404287 -1.684820300357056
    vertex 0.9314297662828571 0.4987307970819669 -1.6758134170746
  endloop
endfacet
facet normal 0.538436 -0.825406 -0.16968
  outer loop
    vertex 0.8982882209058571 -1.739581298041497 -0.3265953343079999
    vertex 0.7760402266605502 -1.825154660871183 -0.298247740370803
    vertex 0.7787454439543571 -1.793253022852117 -0.4448483771453328
  endloop
endfacet
facet normal 0.537887 0.705972 -0.46074
  outer loop
    vertex 0.7774135454254856 1.501970728296586 -1.077463366033455
    vertex 0.7677550241492033 1.59754956941227 -0.9422878499993147
    vertex 0.8960982417154143 1.504791496089863 -0.9345836709211022
  endloop
endfacet
facet normal 0.547863 0.762228 -0.344752
  outer loop
    vertex 0.8578454624212541 1.601802907497163 -0.8128327649586746
    vertex 0.7494909288735698 1.671938835661481 -0.8299576457295557
    vertex 0.7902445479079874 1.705239523565801 -0.6915678812135375
  endloop
endfacet
facet normal 0.531592 0.278558 -0.799884
  outer loop
    vertex 2.555019796898318 0.1885152151228494 -0.6679926566606194
    vertex 2.428370417261646 0.1795712823484108 -0.7552768705291653
    vertex 2.451013715639845 0.3183690629268545 -0.6918923226335669
  endloop
endfacet
facet normal 0.550505 -0.805301 0.220079
  outer loop
    vertex 3.00972338855557 -0.3964122400047869 0.04354555495566505
    vertex 2.927300406082336 -0.4163427397637205 0.1767895793817092
    vertex 2.866265861501378 -0.4866115646381511 0.07233745702996713
  endloop
endfacet
facet normal 0.535915 -0.470852 -0.700781
  outer loop
    vertex 2.88023996003041 -0.3124393907142444 -0.3681828265578356
    vertex 2.884282165218073 -0.2219213122186601 -0.4259103417807227
    vertex 3.010773480426951 -0.196657499447221 -0.3461520839192926
  endloop
endfacet
facet normal 0.540625 -0.515374 0.664916
  outer loop
    vertex 2.279965996109821 -0.5917543316098244 0.6414366446266186
    vertex 2.405839629781591 -0.5313243997214978 0.5859312206031265
    vertex 2.332962998803062 -0.4572304876641384 0.7026150947863044
  endloop
endfacet
facet normal 0.55349 0.827494 -0.094355
  outer loop
    vertex 0.9040929220305944 1.742571315923724 -0.2879632341961594
    vertex 0.7692285689687229 1.838715808879557 -0.2358948898111264
    vertex 0.8598877960041926 1.79027818232533 -0.1288826576377274
  endloop
endfacet
facet normal 0.572962 -0.0522126 0.817917
  outer loop
    vertex 2.977545992809385 0.008219465775772507 0.4196124650485085
    vertex 3.067658106965176 -0.08769833587972724 0.350364707071423
    vertex 3.117089243074212 0.05325318400569434 0.3247353253150387
  endloop
endfacet
facet normal 0.535686 -0.83872 -0.0979285
  outer loop
    vertex 0.8940953864442102 -1.763349868843982 -0.1817993436040014
    vertex 0.7761320023814658 -1.844708425584159 -0.1302752325495673
    vertex 0.7760402266605502 -1.825154660871183 -0.298247740370803
  endloop
endfacet
facet normal 0.523413 -0.0205186 0.851832
  outer loop
    vertex 2.526097292683692 -0.09724319832958024 0.7062024267239928
    vertex 2.643117112896028 -0.03833764122138014 0.6357178874483608
    vertex 2.535786712846087 0.05986558156710903 0.7040330900622925
  endloop
endfacet
facet normal 0.550779 -0.813281 -0.187661
  outer loop
    vertex 0.7787454439543571 -1.793253022852117 -0.4448483771453328
    vertex 0.9055436531905365 -1.701752199919207 -0.469244101573184
    vertex 0.8982882209058571 -1.739581298041497 -0.3265953343079999
  endloop
endfacet
facet normal 0.552672 -0.833014 0.0253284
  outer loop
    vertex 0.7689943541049258 -1.853785847502154 0.02375294987171014
    vertex 0.8833164429243869 -1.779488138863724 -0.02724211621106078
    vertex 0.8659972539148546 -1.786182151859397 0.1305109150441935
  endloop
endfacet
facet normal 0.528371 -0.841689 -0.111284
  outer loop
    vertex 2.27310070036549 -0.8709234566921883 -0.1044415292294855
    vertex 2.151400837164532 -0.9551123095292118 -0.04551057396017792
    vertex 2.158949245894683 -0.9298140748958147 -0.2010125656938512
  endloop
endfacet
facet normal 0.534943 0.373 -0.758094
  outer loop
    vertex 1.312065605901419 0.7292154112440905 -1.312265425743609
    vertex 1.426937236942536 0.6261097505634309 -1.281937490394255
    vertex 1.299729063812907 0.5944352671769398 -1.387285503947742
  endloop
endfacet
facet normal 0.535827 0.693184 -0.482064
  outer loop
    vertex 1.019094999050705 1.413223434572675 -0.9295396572318868
    vertex 0.9126005487124005 1.394195964164022 -1.075271852968487
    vertex 0.8960982417154143 1.504791496089863 -0.9345836709211022
  endloop
endfacet
facet normal 0.558203 0.063823 -0.827246
  outer loop
    vertex 2.306971126142896 0.1461851443032043 -0.8425804899887271
    vertex 2.273111707715056 -0.005601458959115897 -0.8771384063075585
    vertex 2.182773625950716 0.1136487620134497 -0.9288957792932336
  endloop
endfacet
facet normal 0.539839 -0.813231 0.217325
  outer loop
    vertex 0.9326254291402273 -1.703489877735173 0.3905004693914868
    vertex 1.01906782861175 -1.624054777718774 0.4730224330783764
    vertex 0.8788785266663439 -1.701430240358981 0.5317159071108226
  endloop
endfacet
facet normal 0.562822 -0.731274 -0.385317
  outer loop
    vertex 2.259834943959438 -0.7896845207137431 -0.4012499723854586
    vertex 2.362993222673869 -0.6869444820340966 -0.4455547572655651
    vertex 2.382710401733537 -0.7467788275255715 -0.303197770191683
  endloop
endfacet
facet normal 0.551442 -0.504217 0.664588
  outer loop
    vertex 2.332962998803062 -0.4572304876641384 0.7026150947863044
    vertex 2.405839629781591 -0.5313243997214978 0.5859312206031265
    vertex 2.457242151259474 -0.3967363305658141 0.6453907922925372
  endloop
endfacet
facet normal 0.541297 0.804583 0.24422
  outer loop
    vertex 1.905770981645269 1.049135189983302 0.379634796230466
    vertex 1.986637344875237 1.030247237518958 0.262626434634973
    vertex 1.839875687966052 1.126040418130929 0.2723232645026036
  endloop
endfacet
facet normal 0.542601 0.733537 0.409277
  outer loop
    vertex 0.9105114336872089 1.568797403976296 0.8022754235703671
    vertex 0.7794512824679563 1.649174973010712 0.8319704368378245
    vertex 0.8451643280045396 1.540208855373742 0.9401483364480719
  endloop
endfacet
facet normal 0.546978 0.205922 -0.811426
  outer loop
    vertex 0.9314297662828571 0.4987307970819669 -1.6758134170746
    vertex 0.896757147347488 0.3692414596082146 -1.732047650291431
    vertex 0.7872885637445115 0.5079683495071522 -1.77063394930392
  endloop
endfacet
facet normal 0.546562 -0.664961 0.509015
  outer loop
    vertex 0.8190467836704892 -1.484250513518884 1.055756201961299
    vertex 0.7654859079950982 -1.437212429456702 1.174716915689856
    vertex 0.6608000000000001 -1.556710500576269 1.131016382461183
  endloop
endfacet
facet normal 0.523488 0.795592 0.304948
  outer loop
    vertex 2.107950520823501 0.8867110167485918 0.4275654381786124
    vertex 2.19572749502114 0.874629591563212 0.308402980127097
    vertex 2.105400155907606 0.9471923594730843 0.2741510853671769
  endloop
endfacet
facet normal 0.552842 -0.0805897 -0.82938
  outer loop
    vertex 2.142093821659566 -0.03518784332146381 -0.9615963948053986
    vertex 2.273111707715056 -0.005601458959115897 -0.8771384063075585
    vertex 2.226521886151702 -0.1600407560662869 -0.8931872336624065
  endloop
endfacet
facet normal 0.539961 -0.0287343 -0.841199
  outer loop
    vertex 1.756391899241636 -0.1192634163268863 -1.206838186068438
    vertex 1.799611507768253 0.031257449177999 -1.184237371715859
    vertex 1.886669431248419 -0.09626013230572955 -1.123999576611743
  endloop
endfacet
facet normal 0.547147 -0.373131 0.749268
  outer loop
    vertex 0.6608000000000001 -0.8192845128295068 1.741068214355117
    vertex 0.7649050357642219 -0.8795028550109759 1.635058004824541
    vertex 0.8186253624936523 -0.7536697468503503 1.658493197865881
  endloop
endfacet
facet normal 0.534794 0.702311 -0.469845
  outer loop
    vertex 1.726336561452972 1.042485420513545 -0.6569833470404527
    vertex 1.626326375839969 1.035297781866637 -0.7815624593811922
    vertex 1.599274799430753 1.13619052679667 -0.6615416869739096
  endloop
endfacet
facet normal 0.527414 -0.788736 -0.315801
  outer loop
    vertex 2.382710401733537 -0.7467788275255715 -0.303197770191683
    vertex 2.271470686906793 -0.8401510097648069 -0.2557735829226047
    vertex 2.259834943959438 -0.7896845207137431 -0.4012499723854586
  endloop
endfacet
facet normal 0.535158 -0.34357 -0.771729
  outer loop
    vertex 3.095179138378668 -0.1214796463488817 -0.3210895984401825
    vertex 3.010773480426951 -0.196657499447221 -0.3461520839192926
    vertex 2.948400487233043 -0.1312605684726473 -0.4185192312187941
  endloop
endfacet
facet normal 0.548088 -0.126764 -0.826759
  outer loop
    vertex 1.756391899241636 -0.1192634163268863 -1.206838186068438
    vertex 1.886669431248419 -0.09626013230572955 -1.123999576611743
    vertex 1.834505350381634 -0.2464610480088136 -1.135551279825499
  endloop
endfacet
facet normal 0.538063 0.210393 -0.816225
  outer loop
    vertex 1.028354125702569 0.4009078173210651 -1.63713516356958
    vertex 0.896757147347488 0.3692414596082146 -1.732047650291431
    vertex 0.9314297662828571 0.4987307970819669 -1.6758134170746
  endloop
endfacet
facet normal 0.531431 -0.812058 -0.241127
  outer loop
    vertex 1.704459847339567 -1.215017527854416 -0.278117914229272
    vertex 1.701819779193384 -1.171219096001627 -0.431439358759804
    vertex 1.818634090574043 -1.12461417528106 -0.3309409601258914
  endloop
endfacet
facet normal 0.527296 -0.831514 -0.174763
  outer loop
    vertex 2.271470686906793 -0.8401510097648069 -0.2557735829226047
    vertex 2.388817003288794 -0.7865547663433691 -0.1567237336071881
    vertex 2.27310070036549 -0.8709234566921883 -0.1044415292294855
  endloop
endfacet
facet normal 0.550486 0.0889701 -0.83009
  outer loop
    vertex 0.9714617761459121 0.1114824056362879 -1.718843084332204
    vertex 0.8767314398271444 0.2350414792833893 -1.76842164650973
    vertex 1.002873518445107 0.2597138187124259 -1.682124309146652
  endloop
endfacet
facet normal 0.541107 -0.512129 0.667028
  outer loop
    vertex 1.281055499765475 -0.98400784153803 1.160342660933179
    vertex 1.418365694185707 -0.91354099528217 1.10305656711035
    vertex 1.339225385933974 -0.8506606361133141 1.215535071363817
  endloop
endfacet
facet normal 0.547782 0.829071 -0.112145
  outer loop
    vertex 1.261039244076231 1.52844016890286 -0.1351241633667877
    vertex 1.329124759724037 1.464386459607797 -0.2760937437343561
    vertex 1.190717936505467 1.556076977038556 -0.2743007770569058
  endloop
endfacet
facet normal 0.542347 -0.696597 0.469694
  outer loop
    vertex 0.6608000000000001 -1.556710500576269 1.131016382461183
    vertex 0.7561317010986343 -1.57418471833022 0.9950229054715547
    vertex 0.8190467836704892 -1.484250513518884 1.055756201961299
  endloop
endfacet
facet normal 0.544274 0.50619 -0.668983
  outer loop
    vertex 0.8481573226352034 1.144644596950819 -1.392443948795204
    vertex 0.8867425923965604 1.014619831221514 -1.459435579891747
    vertex 0.7786130242753934 1.05450266616395 -1.517230497713863
  endloop
endfacet
facet normal 0.56274 -0.79151 -0.238401
  outer loop
    vertex 2.382710401733537 -0.7467788275255715 -0.303197770191683
    vertex 2.388817003288794 -0.7865547663433691 -0.1567237336071881
    vertex 2.271470686906793 -0.8401510097648069 -0.2557735829226047
  endloop
endfacet
facet normal 0.602135 0.545783 -0.582713
  outer loop
    vertex 3.230709145114973 0.2224398616170668 -0.1252685255969549
    vertex 3.26188395368363 0.08994682913867828 -0.2171508547990504
    vertex 3.132364800211412 0.1946297144909214 -0.2529383151547224
  endloop
endfacet
facet normal 0.563303 -0.204372 0.800576
  outer loop
    vertex 2.404543560587395 -0.1652863293256582 0.7743601329181845
    vertex 2.498587966243194 -0.2506611783915154 0.6863938440011454
    vertex 2.526097292683692 -0.09724319832958024 0.7062024267239928
  endloop
endfacet
facet normal 0.541748 0.834222 -0.102872
  outer loop
    vertex 2.792479999954498 0.5398757894445163 -2.397530127522429e-16
    vertex 2.717854789813797 0.5707125380847454 -0.1429285076843309
    vertex 2.659249999957342 0.6263960526042343 -2.781757280548215e-16
  endloop
endfacet
facet normal 0.556688 -0.800228 0.22301
  outer loop
    vertex 2.353265549549808 -0.8122623117194678 0.1450051380925214
    vertex 2.319937953828757 -0.7934928776590113 0.2955497799684069
    vertex 2.227633981366733 -0.8844559970497431 0.199559319777288
  endloop
endfacet
facet normal 0.538361 0.796229 0.276021
  outer loop
    vertex 0.8964015509102644 1.680570217495939 0.5593121147138373
    vertex 0.7735751200248802 1.771366064127469 0.5369610747615452
    vertex 0.7746970792410597 1.723070749885038 0.6740885728493528
  endloop
endfacet
facet normal 0.525229 0.721709 -0.450855
  outer loop
    vertex 2.667162277828841 0.4853558496076233 -0.3878026890373126
    vertex 2.630877196637879 0.5861786359975849 -0.2686808033358151
    vertex 2.763402007399995 0.491213093098024 -0.2663109658293206
  endloop
endfacet
facet normal 0.537887 -0.394127 0.745213
  outer loop
    vertex 1.862248739488581 -0.5762107728647657 0.9882586010120762
    vertex 1.776986893566698 -0.4994074374881065 1.090419323390458
    vertex 1.7359566518163 -0.6400157753033623 1.045669848522991
  endloop
endfacet
facet normal 0.519517 -0.0269021 0.854036
  outer loop
    vertex 3.117089243074212 0.05325318400569434 0.3247353253150387
    vertex 3.067658106965176 -0.08769833587972724 0.350364707071423
    vertex 3.20470034534998 -0.04562709711089526 0.268326076770822
  endloop
endfacet
facet normal 0.531463 -0.839521 0.112923
  outer loop
    vertex 2.227633981366733 -0.8844559970497431 0.199559319777288
    vertex 2.254661784570254 -0.8879128782448256 0.046655040512786
    vertex 2.353265549549808 -0.8122623117194678 0.1450051380925214
  endloop
endfacet
facet normal 0.539971 0.811502 -0.223375
  outer loop
    vertex 1.589292005997847 1.292329051421957 -0.2748466671971883
    vertex 1.723204392306419 1.203540360774743 -0.2736979275118525
    vertex 1.644864052993476 1.218887917722428 -0.4073160702376857
  endloop
endfacet
facet normal 0.529235 -0.20132 0.824246
  outer loop
    vertex 2.526097292683692 -0.09724319832958024 0.7062024267239928
    vertex 2.498587966243194 -0.2506611783915154 0.6863938440011454
    vertex 2.625114217438639 -0.1921753206055349 0.6194383911818117
  endloop
endfacet
facet normal 0.541758 -0.330534 0.772817
  outer loop
    vertex 0.8186253624936523 -0.7536697468503503 1.658493197865881
    vertex 0.7542520353285069 -0.6832843504158673 1.73372390041329
    vertex 0.6608000000000001 -0.8192845128295068 1.741068214355117
  endloop
endfacet
facet normal 0.533938 -0.365187 0.762593
  outer loop
    vertex 2.585764453807611 -0.3351986200475499 0.5848734048455513
    vertex 2.498587966243194 -0.2506611783915154 0.6863938440011454
    vertex 2.457242151259474 -0.3967363305658141 0.6453907922925372
  endloop
endfacet
facet normal 0.542026 -0.623252 0.563706
  outer loop
    vertex 1.219746187781411 -1.111977030924153 1.095858962353611
    vertex 1.153315719842512 -1.238475305607091 1.019873788973792
    vertex 1.296503115704015 -1.158636853339468 0.9704654018343373
  endloop
endfacet
facet normal 0.550088 -0.0188419 -0.834894
  outer loop
    vertex 1.886669431248419 -0.09626013230572955 -1.123999576611743
    vertex 1.799611507768253 0.031257449177999 -1.184237371715859
    vertex 1.929163227436546 0.05115774836280207 -1.09932856430824
  endloop
endfacet
facet normal 0.540771 -0.236541 -0.807226
  outer loop
    vertex 0.771593130772009 -0.5775124260683493 -1.759917834926162
    vertex 0.7630209487841254 -0.4634893276753194 -1.799072624882812
    vertex 0.8907432801500026 -0.4753206054174957 -1.710042894862409
  endloop
endfacet
facet normal 0.5444 -0.376754 -0.749456
  outer loop
    vertex 1.181414455237794 -0.6512373505643588 -1.446248797437932
    vertex 1.110447107001411 -0.794412972675411 -1.425824123212067
    vertex 1.047506800661836 -0.6874873050417115 -1.525295490246646
  endloop
endfacet
facet normal 0.53507 -0.806925 0.250144
  outer loop
    vertex 2.227633981366733 -0.8844559970497431 0.199559319777288
    vertex 2.319937953828757 -0.7934928776590113 0.2955497799684069
    vertex 2.192261393736916 -0.8613239842194794 0.3498433991463038
  endloop
endfacet
facet normal 0.533694 -0.6125 -0.583107
  outer loop
    vertex 2.206416806086001 -0.6443671104077291 -0.6573073407363357
    vertex 2.11140840184878 -0.7559064058340428 -0.6271029031021729
    vertex 2.072386131690124 -0.6739296955900005 -0.7489273782772489
  endloop
endfacet
facet normal 0.555996 -0.830191 0.0406399
  outer loop
    vertex 1.786185057354914 -1.186051723236364 0.1319504842883011
    vertex 1.686358656876678 -1.257778161698796 0.03245475275062602
    vertex 1.808449398720186 -1.178697348045107 -0.02241403015707153
  endloop
endfacet
facet normal 0.543477 -0.130935 -0.82915
  outer loop
    vertex 1.756391899241636 -0.1192634163268863 -1.206838186068438
    vertex 1.834505350381634 -0.2464610480088136 -1.135551279825499
    vertex 1.704876906861239 -0.2663002990674087 -1.217384991310588
  endloop
endfacet
facet normal 0.532802 0.427106 0.730549
  outer loop
    vertex 1.917215756075527 0.6292753539930516 0.9122995276622946
    vertex 1.946340631267308 0.4846015346280196 0.9756400063557841
    vertex 2.045174286829196 0.5464985748377734 0.8673715741644307
  endloop
endfacet
facet normal 0.537628 0.611032 0.58103
  outer loop
    vertex 0.7787212255944836 1.287032544608838 1.325613755408689
    vertex 0.891560479589228 1.270217718841901 1.238886508270614
    vertex 0.7744285708833625 1.391566371619377 1.219654266793117
  endloop
endfacet
facet normal 0.541896 -0.57057 0.617088
  outer loop
    vertex 1.281055499765475 -0.98400784153803 1.160342660933179
    vertex 1.219746187781411 -1.111977030924153 1.095858962353611
    vertex 1.360280566796048 -1.037686733470844 1.041138772266874
  endloop
endfacet
facet normal 0.547105 -0.189428 -0.815348
  outer loop
    vertex 0.8907432801500026 -0.4753206054174957 -1.710042894862409
    vertex 0.8285372674578129 -0.3418734210363316 -1.782787054569383
    vertex 0.9637513926061405 -0.3108785464332313 -1.699258279536881
  endloop
endfacet
facet normal 0.552009 -0.829976 0.0801544
  outer loop
    vertex 0.8659972539148546 -1.786182151859397 0.1305109150441935
    vertex 0.9875885366363217 -1.710035545709855 0.08160962756237168
    vertex 0.9638006768712311 -1.710308045820709 0.2426107668906197
  endloop
endfacet
facet normal 0.557998 -0.778407 -0.287612
  outer loop
    vertex 1.818634090574043 -1.12461417528106 -0.3309409601258914
    vertex 1.701819779193384 -1.171219096001627 -0.431439358759804
    vertex 1.811955186883051 -1.074572323834032 -0.4793342611452052
  endloop
endfacet
facet normal 0.544841 0.16737 0.821666
  outer loop
    vertex 0.6608000000000001 0.4393927442669269 1.873360524908534
    vertex 0.7578176722953029 0.3156542463695718 1.83423382918813
    vertex 0.8163480714537206 0.4194554214351328 1.774278811762482
  endloop
endfacet
facet normal 0.536942 -0.35098 0.767142
  outer loop
    vertex 1.515715543754439 -0.6414775411658713 1.209423047355026
    vertex 1.648489826750907 -0.5700315953454919 1.14917869452913
    vertex 1.556847380872021 -0.4942119429160885 1.248010225849111
  endloop
endfacet
facet normal 0.481753 -0.0915843 -0.871508
  outer loop
    vertex 3.095179138378668 -0.1214796463488817 -0.3210895984401825
    vertex 3.086711438360923 0.0554544214268156 -0.344363888530994
    vertex 3.194362535364665 -0.001340964739830337 -0.2788879320959994
  endloop
endfacet
facet normal 0.545867 0.836855 -0.0412648
  outer loop
    vertex 1.460179999982935 1.405078421041695 -6.239801657780291e-16
    vertex 1.52548271239758 1.355690201369397 -0.1377496220636876
    vertex 1.392317850277219 1.442514034156754 -0.1385081773068391
  endloop
endfacet
facet normal 0.546705 -0.66831 0.504456
  outer loop
    vertex 1.296503115704015 -1.158636853339468 0.9704654018343373
    vertex 1.153315719842512 -1.238475305607091 1.019873788973792
    vertex 1.218526402603579 -1.288832120384269 0.8824882805143468
  endloop
endfacet
facet normal 0.534767 -0.756996 -0.375475
  outer loop
    vertex 1.584678573276158 -1.216909062888039 -0.5222194631862197
    vertex 1.571946802785486 -1.157578655783352 -0.6599685607377396
    vertex 1.69861810192724 -1.11212105039725 -0.5712052885630787
  endloop
endfacet
facet normal 0.561925 -0.809396 -0.170638
  outer loop
    vertex 2.158949245894683 -0.9298140748958147 -0.2010125656938512
    vertex 2.271470686906793 -0.8401510097648069 -0.2557735829226047
    vertex 2.27310070036549 -0.8709234566921883 -0.1044415292294855
  endloop
endfacet
facet normal 0.546701 -0.618245 0.564704
  outer loop
    vertex 1.360280566796048 -1.037686733470844 1.041138772266874
    vertex 1.219746187781411 -1.111977030924153 1.095858962353611
    vertex 1.296503115704015 -1.158636853339468 0.9704654018343373
  endloop
endfacet
facet normal 0.522393 0.0746276 0.849433
  outer loop
    vertex 2.426144998158676 0.1465337109390857 0.76384740662152
    vertex 2.423165746633694 -0.01210006835418681 0.7796165150407406
    vertex 2.535786712846087 0.05986558156710903 0.7040330900622925
  endloop
endfacet
facet normal 0.53305 -0.845462 -0.0324279
  outer loop
    vertex 1.808449398720186 -1.178697348045107 -0.02241403015707153
    vertex 1.686358656876678 -1.257778161698796 0.03245475275062602
    vertex 1.699502012349188 -1.243488414252701 -0.1240576277961178
  endloop
endfacet
facet normal 0.533329 -0.196773 0.822703
  outer loop
    vertex 1.83800471227 -0.1987150098488502 1.142565540565372
    vertex 1.809619089159726 -0.3524487438790804 1.124197170809668
    vertex 1.937854023791959 -0.2826438419643274 1.057762923248207
  endloop
endfacet
facet normal 0.551513 -0.737411 0.389947
  outer loop
    vertex 1.933922060512465 -0.9944283594935762 0.4641767853745239
    vertex 2.062831039836794 -0.9292292401976129 0.4051523318680989
    vertex 2.014354946136532 -0.8895285520991832 0.5487896393567154
  endloop
endfacet
facet normal 0.564536 0.810232 -0.157553
  outer loop
    vertex 3.112370377169217 0.3032725200118351 -0.1354288053350295
    vertex 2.98136850657422 0.3944589930857307 -0.1358925562044315
    vertex 3.05893999994881 0.3668352631250813 -1.629075821470859e-16
  endloop
endfacet
facet normal 0.539846 -0.554903 -0.632968
  outer loop
    vertex 1.128168125818297 -1.120436823872942 -1.171005174776773
    vertex 1.087405337136209 -1.025655072138988 -1.288863281597394
    vertex 1.217196278393932 -0.991709661647599 -1.207925903476642
  endloop
endfacet
facet normal 0.546575 0.724215 0.420438
  outer loop
    vertex 1.773982030377787 1.000996429989611 0.6641632143989568
    vertex 1.709442825657301 1.108305581421857 0.5632224023527735
    vertex 1.643249082054143 1.077480832154014 0.7023716502505297
  endloop
endfacet
facet normal 0.555802 0.675074 -0.485138
  outer loop
    vertex 1.751230315296391 0.9375478769916431 -0.7744852097033056
    vertex 1.626326375839969 1.035297781866637 -0.7815624593811922
    vertex 1.726336561452972 1.042485420513545 -0.6569833470404527
  endloop
endfacet
facet normal 0.557288 0.611717 0.561456
  outer loop
    vertex 2.476238450357862 0.4937821135943504 0.5581835819165425
    vertex 2.43046158277193 0.6149828740210636 0.4715701118043919
    vertex 2.352099550167299 0.5758814207184063 0.5919520785628815
  endloop
endfacet
facet normal 0.538082 0.589305 0.60265
  outer loop
    vertex 2.008743342887362 0.6816991843587427 0.7970874603342214
    vertex 2.093456211868504 0.7315049188285748 0.6727478803156195
    vertex 1.962692460423168 0.808129995437025 0.7145732476919133
  endloop
endfacet
facet normal 0.559596 -0.825464 0.0739052
  outer loop
    vertex 2.353265549549808 -0.8122623117194678 0.1450051380925214
    vertex 2.254661784570254 -0.8879128782448256 0.046655040512786
    vertex 2.377286035945316 -0.8094838670704528 -0.005840234758544919
  endloop
endfacet
facet normal 0.560349 0.348862 0.751202
  outer loop
    vertex 2.169716374091628 0.4653369323694885 0.8216856843132471
    vertex 2.069051974648335 0.4018041093360318 0.9262799533307388
    vertex 2.19037051155929 0.316182874878777 0.8755469486440234
  endloop
endfacet
facet normal 0.563305 -0.00269507 0.826244
  outer loop
    vertex 2.197126376539073 0.009205341831767595 0.926455834323277
    vertex 2.304047679785311 -0.08060460805422921 0.8532675750530905
    vertex 2.313985865887283 0.07820115224011973 0.8470100542325139
  endloop
endfacet
facet normal 0.550794 0.827486 -0.109049
  outer loop
    vertex 2.850439743458811 0.4832876838087102 -0.136654466703193
    vertex 2.717854789813797 0.5707125380847454 -0.1429285076843309
    vertex 2.792479999954498 0.5398757894445163 -2.397530127522429e-16
  endloop
endfacet
facet normal 0.538535 -0.0752495 -0.839236
  outer loop
    vertex 2.226521886151702 -0.1600407560662869 -0.8931872336624065
    vertex 2.273111707715056 -0.005601458959115897 -0.8771384063075585
    vertex 2.357836286215912 -0.1324393825642408 -0.8113981308229744
  endloop
endfacet
facet normal 0.556775 -0.830155 -0.029038
  outer loop
    vertex 1.699502012349188 -1.243488414252701 -0.1240576277961178
    vertex 1.686358656876678 -1.257778161698796 0.03245475275062602
    vertex 1.583004789609766 -1.323610552284467 -0.06720044207082125
  endloop
endfacet
facet normal 0.538018 0.0784314 -0.839277
  outer loop
    vertex 1.929163227436546 0.05115774836280207 -1.09932856430824
    vertex 1.799611507768253 0.031257449177999 -1.184237371715859
    vertex 1.836559856636163 0.1793884714237335 -1.146708613419675
  endloop
endfacet
facet normal 0.540018 0.83684 0.0898848
  outer loop
    vertex 1.124440382502242 1.617275913105311 0.1374883830406065
    vertex 0.9921708560569265 1.705275181143736 0.1128633700174384
    vertex 1.004933219340658 1.682485506159083 0.2483636375976248
  endloop
endfacet
facet normal 0.556539 -0.0692131 0.827933
  outer loop
    vertex 1.611430647647631 -0.185799822471956 1.29358015012302
    vertex 1.625613738447021 -0.02632651733752247 1.29737779799839
    vertex 1.504305393990809 -0.09799470518703662 1.372930350564047
  endloop
endfacet
facet normal 0.54179 -0.534511 0.648661
  outer loop
    vertex 2.019081177074083 -0.7175593964559159 0.7557335134554367
    vertex 2.147272655585218 -0.6557754297892948 0.6995737054587357
    vertex 2.076061052352478 -0.5853055893252994 0.8171215643964967
  endloop
endfacet
facet normal 0.542864 0.832726 -0.108933
  outer loop
    vertex 1.125542386529602 1.616730231141693 -0.1354443017073117
    vertex 1.261039244076231 1.52844016890286 -0.1351241633667877
    vertex 1.190717936505467 1.556076977038556 -0.2743007770569058
  endloop
endfacet
facet normal 0.554796 0.826596 -0.0945515
  outer loop
    vertex 2.659249999957342 0.6263960526042343 -2.781757280548215e-16
    vertex 2.717854789813797 0.5707125380847454 -0.1429285076843309
    vertex 2.586200033694857 0.6597471695323454 -0.1370671159146688
  endloop
endfacet
facet normal 0.545484 -0.617784 0.566384
  outer loop
    vertex 1.428992094487362 -1.093152022563084 0.9146529380956869
    vertex 1.561073144407851 -1.031112310368228 0.8551156195702662
    vertex 1.49406216374245 -0.9740164159377145 0.9819312272939571
  endloop
endfacet
facet normal 0.540732 -0.475437 -0.693951
  outer loop
    vertex 1.688070680128172 -0.7657775751574907 -0.9969189725593722
    vertex 1.635670680378938 -0.6663149620130662 -1.105893007521945
    vertex 1.766298808370562 -0.6341269188820216 -1.026159024743162
  endloop
endfacet
facet normal 0.545564 0.729502 0.412537
  outer loop
    vertex 1.045225027239366 1.490292902388006 0.763644344846086
    vertex 0.9740799258678446 1.463721263502516 0.9047185505720142
    vertex 1.107700161093064 1.386358414673934 0.8648139799596165
  endloop
endfacet
facet normal 0.549742 0.777918 -0.304346
  outer loop
    vertex 1.078919453227736 1.50844091977296 -0.6752240470506899
    vertex 0.9429952566604514 1.602410832910501 -0.6805547683732738
    vertex 1.036856766155999 1.589235922714022 -0.5446876953680938
  endloop
endfacet
facet normal 0.549947 -0.491492 0.675273
  outer loop
    vertex 1.470865555014286 -0.7797272118081212 1.16052514014388
    vertex 1.550943622750314 -0.8460282905564778 1.047052237441677
    vertex 1.604473183383507 -0.7090724403442824 1.103139688528237
  endloop
endfacet
facet normal 0.561737 -0.766679 -0.310895
  outer loop
    vertex 2.259834943959438 -0.7896845207137431 -0.4012499723854586
    vertex 2.271470686906793 -0.8401510097648069 -0.2557735829226047
    vertex 2.153610290843364 -0.8882645544953454 -0.3500784443115098
  endloop
endfacet
facet normal 0.554691 -0.680012 -0.479481
  outer loop
    vertex 1.768954697361187 -0.9413783919909426 -0.7515104265420425
    vertex 1.800354206811321 -1.011455963019072 -0.6157998903650931
    vertex 1.670602134502248 -1.0555366536186 -0.7033881973846914
  endloop
endfacet
facet normal 0.557061 -0.131929 0.819925
  outer loop
    vertex 1.611430647647631 -0.185799822471956 1.29358015012302
    vertex 1.712462298630311 -0.2721122292039239 1.211050786207518
    vertex 1.73068671151172 -0.1139527194997902 1.224117468106124
  endloop
endfacet
facet normal 0.541816 0.83238 -0.11653
  outer loop
    vertex 1.392317850277219 1.442514034156754 -0.1385081773068391
    vertex 1.329124759724037 1.464386459607797 -0.2760937437343561
    vertex 1.261039244076231 1.52844016890286 -0.1351241633667877
  endloop
endfacet
facet normal 0.542478 0.830939 -0.123527
  outer loop
    vertex 1.52548271239758 1.355690201369397 -0.1377496220636876
    vertex 1.45929027571632 1.378520450318063 -0.2748649782262064
    vertex 1.392317850277219 1.442514034156754 -0.1385081773068391
  endloop
endfacet
facet normal 0.547438 -0.231447 -0.804204
  outer loop
    vertex 1.512949220286083 -0.4453883629199197 -1.296436942520227
    vertex 1.441203043720043 -0.3306808779795639 -1.378288442110411
    vertex 1.572928845456627 -0.2968617292314839 -1.298353104328276
  endloop
endfacet
facet normal 0.532493 -0.130453 0.836321
  outer loop
    vertex 1.73068671151172 -0.1139527194997902 1.224117468106124
    vertex 1.712462298630311 -0.2721122292039239 1.211050786207518
    vertex 1.83800471227 -0.1987150098488502 1.142565540565372
  endloop
endfacet
facet normal 0.544111 0.215956 0.810744
  outer loop
    vertex 0.8163480714537206 0.4194554214351328 1.774278811762482
    vertex 0.7606821852075648 0.5301957109476994 1.782139951509231
    vertex 0.6608000000000001 0.4393927442669269 1.873360524908534
  endloop
endfacet
facet normal 0.568604 -0.634178 -0.523934
  outer loop
    vertex 2.576019728408256 -0.5443516312365096 -0.4082748732105166
    vertex 2.664834645863675 -0.4292627534218605 -0.4511930374139578
    vertex 2.701182610586061 -0.5111031559596459 -0.3126851691948333
  endloop
endfacet
facet normal 0.546077 -0.613087 0.570897
  outer loop
    vertex 2.345734522968606 -0.65081901966134 0.5150977850872097
    vertex 2.405839629781591 -0.5313243997214978 0.5859312206031265
    vertex 2.279965996109821 -0.5917543316098244 0.6414366446266186
  endloop
endfacet
facet normal 0.53075 0.63397 -0.562483
  outer loop
    vertex 1.977855457093187 0.8517590641564894 -0.6457924108412655
    vertex 2.102798202486357 0.7540430081460004 -0.6380333424819213
    vertex 1.994768099515804 0.7384429689088652 -0.7575514607749897
  endloop
endfacet
facet normal 0.54997 -0.526157 0.648608
  outer loop
    vertex 2.076061052352478 -0.5853055893252994 0.8171215643964967
    vertex 2.147272655585218 -0.6557754297892948 0.6995737054587357
    vertex 2.202455693775693 -0.5223223222993464 0.7610410546184019
  endloop
endfacet
facet normal 0.552288 0.131129 -0.823276
  outer loop
    vertex 1.262226488933055 0.3200236946689584 -1.499869081712284
    vertex 1.229308749948536 0.1733201096355321 -1.545318165951205
    vertex 1.131983085858745 0.2895526868439641 -1.592095100178257
  endloop
endfacet
facet normal 0.565816 0.071032 0.821466
  outer loop
    vertex 2.313985865887283 0.07820115224011973 0.8470100542325139
    vertex 2.423165746633694 -0.01210006835418681 0.7796165150407406
    vertex 2.426144998158676 0.1465337109390857 0.76384740662152
  endloop
endfacet
facet normal 0.533835 -0.520847 -0.666137
  outer loop
    vertex 2.165267280293246 -0.5537559669814395 -0.7684563600235781
    vertex 2.072386131690124 -0.6739296955900005 -0.7489273782772489
    vertex 2.027131522090333 -0.5723186714985711 -0.8646426853402003
  endloop
endfacet
facet normal 0.556469 0.424684 0.714133
  outer loop
    vertex 1.820108049430998 0.5679916943724128 1.024412552266776
    vertex 1.946340631267308 0.4846015346280196 0.9756400063557841
    vertex 1.917215756075527 0.6292753539930516 0.9122995276622946
  endloop
endfacet
facet normal 0.561171 -0.820845 -0.106301
  outer loop
    vertex 2.158949245894683 -0.9298140748958147 -0.2010125656938512
    vertex 2.151400837164532 -0.9551123095292118 -0.04551057396017792
    vertex 2.042968103439526 -1.016775495818443 -0.1417792270008114
  endloop
endfacet
facet normal 0.548604 0.674543 0.49399
  outer loop
    vertex 1.566551745767397 1.040812982785162 0.8376183302545098
    vertex 1.701027579447678 0.9608656351610424 0.7974433124877579
    vertex 1.643249082054143 1.077480832154014 0.7023716502505297
  endloop
endfacet
facet normal 0.557465 -0.159922 0.814652
  outer loop
    vertex 1.83800471227 -0.1987150098488502 1.142565540565372
    vertex 1.937854023791959 -0.2826438419643274 1.057762923248207
    vertex 1.961833259037264 -0.1283446622081895 1.071643965330189
  endloop
endfacet
facet normal 0.54153 0.675881 0.49993
  outer loop
    vertex 1.701027579447678 0.9608656351610424 0.7974433124877579
    vertex 1.773982030377787 1.000996429989611 0.6641632143989568
    vertex 1.643249082054143 1.077480832154014 0.7023716502505297
  endloop
endfacet
facet normal 0.555443 -0.594003 0.58193
  outer loop
    vertex 2.851226574662691 -0.4003774080902801 0.3023679264495987
    vertex 2.903891654604183 -0.2821222428803209 0.3728084956179241
    vertex 2.792283018562291 -0.3435948096687841 0.4165892627016084
  endloop
endfacet
facet normal 0.552384 0.0253807 -0.833203
  outer loop
    vertex 1.452586301952964 0.08794859510224402 -1.407264262569924
    vertex 1.581076418413574 0.1204195274776657 -1.32109078763855
    vertex 1.543084631652418 -0.03088002762221347 -1.350886818536148
  endloop
endfacet
facet normal 0.540415 -0.186116 -0.820556
  outer loop
    vertex 1.039498470427827 -0.4272421276789322 -1.622978266398945
    vertex 0.8907432801500026 -0.4753206054174957 -1.710042894862409
    vertex 0.9637513926061405 -0.3108785464332313 -1.699258279536881
  endloop
endfacet
facet normal 0.537003 0.324458 0.778688
  outer loop
    vertex 0.9120435245489444 0.6660833425595937 1.630214357864463
    vertex 0.7950008698000268 0.775475054267893 1.665349327625397
    vertex 0.7875215110842471 0.6360814409045297 1.72858888322102
  endloop
endfacet
facet normal 0.55456 -0.532527 -0.639436
  outer loop
    vertex 2.206416806086001 -0.6443671104077291 -0.6573073407363357
    vertex 2.072386131690124 -0.6739296955900005 -0.7489273782772489
    vertex 2.165267280293246 -0.5537559669814395 -0.7684563600235781
  endloop
endfacet
facet normal 0.553951 0.731835 -0.396934
  outer loop
    vertex 1.692728943754428 1.135055935960168 -0.5332112976010736
    vertex 1.726336561452972 1.042485420513545 -0.6569833470404527
    vertex 1.599274799430753 1.13619052679667 -0.6615416869739096
  endloop
endfacet
facet normal 0.563248 0.799553 0.208486
  outer loop
    vertex 2.105400155907606 0.9471923594730843 0.2741510853671769
    vertex 2.19572749502114 0.874629591563212 0.308402980127097
    vertex 2.194866750922684 0.9143503356429109 0.1583978810860564
  endloop
endfacet
facet normal 0.561618 0.643777 -0.519746
  outer loop
    vertex 2.102798202486357 0.7540430081460004 -0.6380333424819213
    vertex 2.201623566069609 0.7641445016066075 -0.518734198110766
    vertex 2.221235648916041 0.6539890060434914 -0.6339848346522717
  endloop
endfacet
facet normal 0.557953 0.0841995 0.82559
  outer loop
    vertex 1.743875242001826 0.2022329637545505 1.203978788494863
    vertex 1.632247468777066 0.129459390267155 1.286841329152194
    vertex 1.744416874954334 0.04476730517980021 1.219672197111993
  endloop
endfacet
facet normal 0.528915 -0.722836 -0.444698
  outer loop
    vertex 2.259834943959438 -0.7896845207137431 -0.4012499723854586
    vertex 2.241290144058902 -0.7207633946263511 -0.5353348149814774
    vertex 2.362993222673869 -0.6869444820340966 -0.4455547572655651
  endloop
endfacet
facet normal 0.552886 0.724438 -0.411712
  outer loop
    vertex 1.245845271928625 1.323039180127081 -0.7964499947629795
    vertex 1.339647918382166 1.324256425898966 -0.6683410972400676
    vertex 1.374711638309424 1.227304719147244 -0.7918478249416869
  endloop
endfacet
facet normal 0.521464 -0.780104 -0.345706
  outer loop
    vertex 2.801736325413425 -0.5022498866035827 -0.1809877099141763
    vertex 2.690915970157783 -0.5820515163349078 -0.1680727535980708
    vertex 2.701182610586061 -0.5111031559596459 -0.3126851691948333
  endloop
endfacet
facet normal 0.539145 -0.747258 0.388494
  outer loop
    vertex 2.014354946136532 -0.8895285520991832 0.5487896393567154
    vertex 2.062831039836794 -0.9292292401976129 0.4051523318680989
    vertex 2.142976284528435 -0.8260663714952908 0.4923592344665607
  endloop
endfacet
facet normal 0.526046 -0.0929566 0.845361
  outer loop
    vertex 2.404543560587395 -0.1652863293256582 0.7743601329181845
    vertex 2.526097292683692 -0.09724319832958024 0.7062024267239928
    vertex 2.423165746633694 -0.01210006835418681 0.7796165150407406
  endloop
endfacet
facet normal 0.544283 -0.225145 -0.808125
  outer loop
    vertex 1.774664732478047 -0.3874325921526147 -1.136634340212177
    vertex 1.643267242089663 -0.4139795030475714 -1.217736224813882
    vertex 1.704876906861239 -0.2663002990674087 -1.217384991310588
  endloop
endfacet
facet normal 0.549591 0.821011 -0.154567
  outer loop
    vertex 1.927527656739991 1.093386755183386 -0.1341072938192305
    vertex 1.98743282772742 1.027442905097159 -0.2713759119449551
    vertex 1.855142718153555 1.115763883623201 -0.2726248768899558
  endloop
endfacet
facet normal 0.53186 0.135911 0.835855
  outer loop
    vertex 1.628589806677854 0.2866078662296164 1.263616259982239
    vertex 1.632247468777066 0.129459390267155 1.286841329152194
    vertex 1.743875242001826 0.2022329637545505 1.203978788494863
  endloop
endfacet
facet normal 0.525636 0.000626322 0.850709
  outer loop
    vertex 2.304047679785311 -0.08060460805422921 0.8532675750530905
    vertex 2.423165746633694 -0.01210006835418681 0.7796165150407406
    vertex 2.313985865887283 0.07820115224011973 0.8470100542325139
  endloop
endfacet
facet normal 0.55093 -0.515513 0.656295
  outer loop
    vertex 2.279965996109821 -0.5917543316098244 0.6414366446266186
    vertex 2.332962998803062 -0.4572304876641384 0.7026150947863044
    vertex 2.202455693775693 -0.5223223222993464 0.7610410546184019
  endloop
endfacet
facet normal 0.548448 0.818418 -0.171452
  outer loop
    vertex 0.9897132785144309 1.660594279832024 -0.4105920019458288
    vertex 1.050170879286967 1.648853855275847 -0.2732398890105052
    vertex 1.116343555840915 1.575665753349869 -0.4109239967935779
  endloop
endfacet
facet normal 0.55729 -0.336748 0.758965
  outer loop
    vertex 2.625114217438639 -0.1921753206055349 0.6194383911818117
    vertex 2.498587966243194 -0.2506611783915154 0.6863938440011454
    vertex 2.585764453807611 -0.3351986200475499 0.5848734048455513
  endloop
endfacet
facet normal 0.546108 -0.312259 -0.777341
  outer loop
    vertex 1.576764646063384 -0.5577479691172865 -1.206704515043007
    vertex 1.643267242089663 -0.4139795030475714 -1.217736224813882
    vertex 1.70950610917624 -0.528991120513423 -1.12500086632828
  endloop
endfacet
facet normal 0.55045 0.818041 0.166775
  outer loop
    vertex 3.05893999994881 0.3668352631250813 -1.629075821470859e-16
    vertex 2.96589830023205 0.3975073528445478 0.1566412344373069
    vertex 3.112370377167179 0.303272520012741 0.1354288053362465
  endloop
endfacet
facet normal 0.531459 0.393171 0.750312
  outer loop
    vertex 2.045174286829196 0.5464985748377734 0.8673715741644307
    vertex 2.069051974648335 0.4018041093360318 0.9262799533307388
    vertex 2.169716374091628 0.4653369323694885 0.8216856843132471
  endloop
endfacet
facet normal 0.554474 -0.819022 -0.147517
  outer loop
    vertex 1.244054077111623 -1.532690809478771 -0.1980356614958776
    vertex 1.131084325732165 -1.592596407344351 -0.2900578551470432
    vertex 1.24960476551359 -1.501514746198961 -0.3502630892260503
  endloop
endfacet
facet normal 0.556033 -0.791799 0.252749
  outer loop
    vertex 2.103424231396887 -0.9531685177128522 0.2575542791067258
    vertex 2.227633981366733 -0.8844559970497431 0.199559319777288
    vertex 2.192261393736916 -0.8613239842194794 0.3498433991463038
  endloop
endfacet
facet normal 0.54599 0.83632 -0.0496446
  outer loop
    vertex 1.859869999974403 1.145517631562542 -5.087120198702935e-16
    vertex 1.927527656739991 1.093386755183386 -0.1341072938192305
    vertex 1.793587454410326 1.180676381977696 -0.1366842680183529
  endloop
endfacet
facet normal 0.537321 0.0310541 -0.842806
  outer loop
    vertex 1.581076418413574 0.1204195274776657 -1.32109078763855
    vertex 1.672682457161303 0.00129882716118699 -1.267077541309389
    vertex 1.543084631652418 -0.03088002762221347 -1.350886818536148
  endloop
endfacet
facet normal 0.567477 -0.0236336 0.82305
  outer loop
    vertex 2.423165746633694 -0.01210006835418681 0.7796165150407406
    vertex 2.526097292683692 -0.09724319832958024 0.7062024267239928
    vertex 2.535786712846087 0.05986558156710903 0.7040330900622925
  endloop
endfacet
facet normal 0.537548 0.113863 -0.83551
  outer loop
    vertex 1.131983085858745 0.2895526868439641 -1.592095100178257
    vertex 1.229308749948536 0.1733201096355321 -1.545318165951205
    vertex 1.100646752212211 0.1413531567990279 -1.632452788069518
  endloop
endfacet
facet normal 0.559628 0.589255 -0.582749
  outer loop
    vertex 2.102798202486357 0.7540430081460004 -0.6380333424819213
    vertex 2.11517697072292 0.6378319577082509 -0.7436541916643485
    vertex 1.994768099515804 0.7384429689088652 -0.7575514607749897
  endloop
endfacet
facet normal 0.567184 0.769373 0.293885
  outer loop
    vertex 2.105400155907606 0.9471923594730843 0.2741510853671769
    vertex 2.018800193442702 0.9748976855738941 0.3687539621017796
    vertex 2.107950520823501 0.8867110167485918 0.4275654381786124
  endloop
endfacet
facet normal 0.54092 -0.151378 -0.827339
  outer loop
    vertex 1.441203043720043 -0.3306808779795639 -1.378288442110411
    vertex 1.495781650682784 -0.1797817281973121 -1.370214540115837
    vertex 1.572928845456627 -0.2968617292314839 -1.298353104328276
  endloop
endfacet
facet normal 0.543106 -0.229742 -0.807623
  outer loop
    vertex 1.572928845456627 -0.2968617292314839 -1.298353104328276
    vertex 1.643267242089663 -0.4139795030475714 -1.217736224813882
    vertex 1.512949220286083 -0.4453883629199197 -1.296436942520227
  endloop
endfacet
facet normal 0.5421 -0.176882 -0.821487
  outer loop
    vertex 1.175864626043512 -0.3931961471422966 -1.540320879819516
    vertex 1.039498470427827 -0.4272421276789322 -1.622978266398945
    vertex 1.098168130382737 -0.2770227953545962 -1.616607168336429
  endloop
endfacet
facet normal 0.542996 0.507372 -0.669125
  outer loop
    vertex 0.7786130242753934 1.05450266616395 -1.517230497713863
    vertex 0.743736791215924 1.192199847162581 -1.441122055409623
    vertex 0.8481573226352034 1.144644596950819 -1.392443948795204
  endloop
endfacet
facet normal 0.543061 0.694589 0.471839
  outer loop
    vertex 1.107700161093064 1.386358414673934 0.8648139799596165
    vertex 0.9740799258678446 1.463721263502516 0.9047185505720142
    vertex 1.036209407355041 1.349877206585569 1.000799547493882
  endloop
endfacet
facet normal 0.528915 -0.623055 -0.576239
  outer loop
    vertex 2.54726460756442 -0.4571953927148945 -0.5289055543790876
    vertex 2.664834645863675 -0.4292627534218605 -0.4511930374139578
    vertex 2.576019728408256 -0.5443516312365096 -0.4082748732105166
  endloop
endfacet
facet normal 0.552212 -0.489922 0.674565
  outer loop
    vertex 2.537422632413503 -0.4676574712697864 0.5282450242848924
    vertex 2.585764453807611 -0.3351986200475499 0.5848734048455513
    vertex 2.457242151259474 -0.3967363305658141 0.6453907922925372
  endloop
endfacet
facet normal 0.560997 0.486101 -0.670066
  outer loop
    vertex 2.000854785649137 0.615832682609094 -0.8553272332888348
    vertex 2.11517697072292 0.6378319577082509 -0.7436541916643485
    vertex 2.115593074135831 0.5086884749597492 -0.8369933047330985
  endloop
endfacet
facet normal 0.558852 0.623097 -0.547206
  outer loop
    vertex 1.994768099515804 0.7384429689088652 -0.7575514607749897
    vertex 1.874184402808214 0.8387222988111247 -0.7665147393944216
    vertex 1.977855457093187 0.8517590641564894 -0.6457924108412655
  endloop
endfacet
facet normal 0.541101 0.829294 -0.139573
  outer loop
    vertex 1.793587454410326 1.180676381977696 -0.1366842680183529
    vertex 1.723204392306419 1.203540360774743 -0.2736979275118525
    vertex 1.660900489983907 1.267603239535893 -0.1346004102531182
  endloop
endfacet
facet normal 0.54187 0.827049 -0.149557
  outer loop
    vertex 1.793587454410326 1.180676381977696 -0.1366842680183529
    vertex 1.927527656739991 1.093386755183386 -0.1341072938192305
    vertex 1.855142718153555 1.115763883623201 -0.2726248768899558
  endloop
endfacet
facet normal 0.55511 -0.830561 0.0449704
  outer loop
    vertex 1.46122925211868 -1.404382505577208 -0.006387427204775124
    vertex 1.439989009826419 -1.409983838061903 0.1523483850080228
    vertex 1.338734255392738 -1.482920759338966 0.05515011295521133
  endloop
endfacet
facet normal 0.53312 -0.0105557 0.845973
  outer loop
    vertex 1.504305393990809 -0.09799470518703662 1.372930350564047
    vertex 1.625613738447021 -0.02632651733752247 1.29737779799839
    vertex 1.515191064676853 0.05994809193046283 1.368041101730861
  endloop
endfacet
facet normal 0.534493 -0.838828 0.10337
  outer loop
    vertex 1.564631601350243 -1.33425356569507 0.0894257524686576
    vertex 1.664994801304929 -1.258418907937347 0.1858641760550677
    vertex 1.538823877508863 -1.331266027841081 0.2471129982247821
  endloop
endfacet
facet normal 0.542654 0.826802 0.148072
  outer loop
    vertex 1.789622381766636 1.18318400156269 0.1374136293958009
    vertex 1.839875687966052 1.126040418130929 0.2723232645026036
    vertex 1.922860502244654 1.096676242890994 0.1321638052367906
  endloop
endfacet
facet normal 0.544113 0.764463 0.345742
  outer loop
    vertex 1.311986569137745 1.336948770164836 0.683021055812328
    vertex 1.444515546329296 1.260502902643118 0.6434810211148111
    vertex 1.375931940554404 1.357108913158444 0.53781124980988
  endloop
endfacet
facet normal 0.550004 -0.558484 -0.62096
  outer loop
    vertex 1.128168125818297 -1.120436823872942 -1.171005174776773
    vertex 1.217196278393932 -0.991709661647599 -1.207925903476642
    vertex 1.256131219416122 -1.084359824835351 -1.090111464559798
  endloop
endfacet
facet normal 0.532123 0.66154 -0.528403
  outer loop
    vertex 1.977855457093187 0.8517590641564894 -0.6457924108412655
    vertex 1.874184402808214 0.8387222988111247 -0.7665147393944216
    vertex 1.853708442437761 0.9471308826622797 -0.6514115252551334
  endloop
endfacet
facet normal 0.550555 -0.467313 0.691742
  outer loop
    vertex 1.815870439286878 -0.7134620478957953 0.9324494624814872
    vertex 1.862248739488581 -0.5762107728647657 0.9882586010120762
    vertex 1.7359566518163 -0.6400157753033623 1.045669848522991
  endloop
endfacet
facet normal 0.535577 -0.82706 0.170675
  outer loop
    vertex 1.664994801304929 -1.258418907937347 0.1858641760550677
    vertex 1.756703061221723 -1.178744900516855 0.2841699530623517
    vertex 1.632914585053152 -1.247347005849555 0.3401842929754392
  endloop
endfacet
facet normal 0.56099 0.43239 0.705925
  outer loop
    vertex 2.169716374091628 0.4653369323694885 0.8216856843132471
    vertex 2.292139025085167 0.3786263367780937 0.7775094087061105
    vertex 2.264849420820382 0.5237311326810231 0.710317212031443
  endloop
endfacet
facet normal 0.56064 -0.827692 -0.0246492
  outer loop
    vertex 2.254661784570254 -0.8879128782448256 0.046655040512786
    vertex 2.151400837164532 -0.9551123095292118 -0.04551057396017792
    vertex 2.27310070036549 -0.8709234566921883 -0.1044415292294855
  endloop
endfacet
facet normal 0.534079 -0.844407 0.0416678
  outer loop
    vertex 1.564631601350243 -1.33425356569507 0.0894257524686576
    vertex 1.439989009826419 -1.409983838061903 0.1523483850080228
    vertex 1.46122925211868 -1.404382505577208 -0.006387427204775124
  endloop
endfacet
facet normal 0.552957 0.571999 0.605852
  outer loop
    vertex 2.008743342887362 0.6816991843587427 0.7970874603342214
    vertex 2.139037888629129 0.6034277040916968 0.7520664603189514
    vertex 2.093456211868504 0.7315049188285748 0.6727478803156195
  endloop
endfacet
facet normal 0.533485 -0.0355005 -0.845064
  outer loop
    vertex 2.493112815020592 -0.1111288199459319 -0.7258284400669442
    vertex 2.531861145353178 0.04277076029808559 -0.7078320106547503
    vertex 2.616225452991432 -0.08014542194599023 -0.6494096254785006
  endloop
endfacet
facet normal 0.522616 0.165407 0.836369
  outer loop
    vertex 2.535786712846087 0.05986558156710903 0.7040330900622925
    vertex 2.651928728132071 0.131902860124739 0.6172135941266781
    vertex 2.533955251676439 0.2135006619210539 0.6747933784288752
  endloop
endfacet
facet normal 0.564972 -0.151938 0.811
  outer loop
    vertex 2.625114217438639 -0.1921753206055349 0.6194383911818117
    vertex 2.643117112896028 -0.03833764122138014 0.6357178874483608
    vertex 2.526097292683692 -0.09724319832958024 0.7062024267239928
  endloop
endfacet
facet normal 0.534097 0.615728 0.579326
  outer loop
    vertex 2.555463059734283 0.5375486149729756 0.4386275767482805
    vertex 2.43046158277193 0.6149828740210636 0.4715701118043919
    vertex 2.476238450357862 0.4937821135943504 0.5581835819165425
  endloop
endfacet
facet normal 0.547293 -0.673878 0.496345
  outer loop
    vertex 1.693716314579406 -0.9677317503236469 0.7965888024677656
    vertex 1.620769780838459 -1.083048006492455 0.7204603586387692
    vertex 1.751816011273014 -1.019315449008296 0.6624910930620044
  endloop
endfacet
facet normal 0.536498 0.731063 -0.421566
  outer loop
    vertex 1.374711638309424 1.227304719147244 -0.7918478249416869
    vertex 1.339647918382166 1.324256425898966 -0.6683410972400676
    vertex 1.469866270279059 1.230328356823233 -0.6655075508684537
  endloop
endfacet
facet normal 0.53614 0.825586 -0.175962
  outer loop
    vertex 3.192169999945966 0.280314999965364 -1.244848668445075e-16
    vertex 3.112370377169217 0.3032725200118351 -0.1354288053350295
    vertex 3.05893999994881 0.3668352631250813 -1.629075821470859e-16
  endloop
endfacet
facet normal 0.531136 0.0858351 0.842927
  outer loop
    vertex 1.858012993498745 0.1148665169863216 1.140956026883576
    vertex 1.743875242001826 0.2022329637545505 1.203978788494863
    vertex 1.744416874954334 0.04476730517980021 1.219672197111993
  endloop
endfacet
facet normal 0.544146 0.837915 -0.0424603
  outer loop
    vertex 1.593409999980091 1.318558157881977 -5.855574504754506e-16
    vertex 1.52548271239758 1.355690201369397 -0.1377496220636876
    vertex 1.460179999982935 1.405078421041695 -6.239801657780291e-16
  endloop
endfacet
facet normal 0.540575 -0.321337 -0.77751
  outer loop
    vertex 2.17185328460257 -0.3088891155964675 -0.8908840608157594
    vertex 2.102171067661894 -0.4357507088997075 -0.8869010363550014
    vertex 2.037820894267759 -0.3259840216326003 -0.9770069146490054
  endloop
endfacet
facet normal 0.534557 0.617146 -0.57739
  outer loop
    vertex 0.7822060100855177 1.287187770201057 -1.322306656064034
    vertex 0.7781042142993773 1.407906514755755 -1.197073370295421
    vertex 0.8853552214644824 1.319674337140157 -1.192085966892026
  endloop
endfacet
facet normal 0.558158 -0.810009 -0.179851
  outer loop
    vertex 1.704459847339567 -1.215017527854416 -0.278117914229272
    vertex 1.818634090574043 -1.12461417528106 -0.3309409601258914
    vertex 1.819031129934129 -1.158760935162499 -0.1759192866398281
  endloop
endfacet
facet normal 0.529398 0.527036 0.664809
  outer loop
    vertex 2.388720849881223 0.4392134856931696 0.6711351629254845
    vertex 2.476238450357862 0.4937821135943504 0.5581835819165425
    vertex 2.352099550167299 0.5758814207184063 0.5919520785628815
  endloop
endfacet
facet normal 0.534462 -0.842212 0.0709118
  outer loop
    vertex 1.664994801304929 -1.258418907937347 0.1858641760550677
    vertex 1.686358656876678 -1.257778161698796 0.03245475275062602
    vertex 1.786185057354914 -1.186051723236364 0.1319504842883011
  endloop
endfacet
facet normal 0.557924 0.39025 0.732411
  outer loop
    vertex 1.946340631267308 0.4846015346280196 0.9756400063557841
    vertex 2.069051974648335 0.4018041093360318 0.9262799533307388
    vertex 2.045174286829196 0.5464985748377734 0.8673715741644307
  endloop
endfacet
facet normal 0.542869 -0.670641 0.505504
  outer loop
    vertex 1.491566759029504 -1.145151769879657 0.7784661780757016
    vertex 1.561073144407851 -1.031112310368228 0.8551156195702662
    vertex 1.428992094487362 -1.093152022563084 0.9146529380956869
  endloop
endfacet
facet normal 0.538392 0.822859 0.181762
  outer loop
    vertex 1.692540625276861 1.220898494397533 0.2870189497611667
    vertex 1.583694773718121 1.304905306610261 0.2291188388256791
    vertex 1.565272296506743 1.290510663654723 0.3488540726525808
  endloop
endfacet
facet normal 0.554248 -0.831872 -0.0282494
  outer loop
    vertex 1.110237807833606 -1.632183531089283 0.02206891752098014
    vertex 1.003621184862659 -1.699941687011828 -0.07442532120544612
    vertex 1.12432811081758 -1.617396077204633 -0.1369344755433164
  endloop
endfacet
facet normal 0.561786 0.699815 -0.441198
  outer loop
    vertex 2.322895187039421 0.6666797136519579 -0.5189125245669421
    vertex 2.201623566069609 0.7641445016066075 -0.518734198110766
    vertex 2.29472489672469 0.7675108129894527 -0.3948471547216595
  endloop
endfacet
facet normal 0.555003 -0.825007 0.106465
  outer loop
    vertex 1.538823877508863 -1.331266027841081 0.2471129982247821
    vertex 1.439989009826419 -1.409983838061903 0.1523483850080228
    vertex 1.564631601350243 -1.33425356569507 0.0894257524686576
  endloop
endfacet
facet normal 0.559925 0.522563 0.642971
  outer loop
    vertex 2.352099550167299 0.5758814207184063 0.5919520785628815
    vertex 2.264849420820382 0.5237311326810231 0.710317212031443
    vertex 2.388720849881223 0.4392134856931696 0.6711351629254845
  endloop
endfacet
facet normal 0.532175 0.0733192 -0.843454
  outer loop
    vertex 2.306971126142896 0.1461851443032043 -0.8425804899887271
    vertex 2.401304127894238 0.02650349209773945 -0.7934649450730425
    vertex 2.273111707715056 -0.005601458959115897 -0.8771384063075585
  endloop
endfacet
facet normal 0.549705 0.655312 0.518064
  outer loop
    vertex 1.962692460423168 0.808129995437025 0.7145732476919133
    vertex 2.093456211868504 0.7315049188285748 0.6727478803156195
    vertex 2.039765151663043 0.8478244614493728 0.5825826159630644
  endloop
endfacet
facet normal 0.541255 -0.780237 0.313487
  outer loop
    vertex 1.19207910741084 -1.435033114689109 0.659169028304622
    vertex 1.240120376130809 -1.461033194849477 0.5115110801624165
    vertex 1.331598145126066 -1.359295377294232 0.6067841074058956
  endloop
endfacet
facet normal 0.528235 0.436575 0.728265
  outer loop
    vertex 2.264849420820382 0.5237311326810231 0.710317212031443
    vertex 2.292139025085167 0.3786263367780937 0.7775094087061105
    vertex 2.388720849881223 0.4392134856931696 0.6711351629254845
  endloop
endfacet
facet normal 0.539087 0.759066 -0.36497
  outer loop
    vertex 0.9890839851243212 1.510134969710948 -0.8043940736869292
    vertex 0.9429952566604514 1.602410832910501 -0.6805547683732738
    vertex 1.078919453227736 1.50844091977296 -0.6752240470506899
  endloop
endfacet
facet normal 0.539233 -0.204222 -0.81702
  outer loop
    vertex 2.563671275338864 -0.223564491697395 -0.6511555088173628
    vertex 2.436716288379513 -0.2591148854265244 -0.7260596766754489
    vertex 2.493112815020592 -0.1111288199459319 -0.7258284400669442
  endloop
endfacet
facet normal 0.550196 -0.478869 -0.684082
  outer loop
    vertex 1.688070680128172 -0.7657775751574907 -0.9969189725593722
    vertex 1.766298808370562 -0.6341269188820216 -1.026159024743162
    vertex 1.817676389290642 -0.7334391990116227 -0.9153165997687476
  endloop
endfacet
facet normal 0.532854 0.0860523 0.84182
  outer loop
    vertex 1.515191064676853 0.05994809193046283 1.368041101730861
    vertex 1.632247468777066 0.129459390267155 1.286841329152194
    vertex 1.516421858957795 0.2175686237778816 1.351149790503857
  endloop
endfacet
facet normal 0.535518 -0.675205 -0.507266
  outer loop
    vertex 1.640111982461639 -0.9798597545116386 -0.8363076460924749
    vertex 1.768954697361187 -0.9413783919909426 -0.7515104265420425
    vertex 1.670602134502248 -1.0555366536186 -0.7033881973846914
  endloop
endfacet
facet normal 0.56252 -0.808872 -0.171167
  outer loop
    vertex 2.783010819777458 -0.544242545310257 -0.04408501881073569
    vertex 2.690915970157783 -0.5820515163349078 -0.1680727535980708
    vertex 2.801736325413425 -0.5022498866035827 -0.1809877099141763
  endloop
endfacet
facet normal 0.54748 -0.396876 -0.736719
  outer loop
    vertex 1.766298808370562 -0.6341269188820216 -1.026159024743162
    vertex 1.635670680378938 -0.6663149620130662 -1.105893007521945
    vertex 1.70950610917624 -0.528991120513423 -1.12500086632828
  endloop
endfacet
facet normal 0.556553 0.746394 0.36489
  outer loop
    vertex 2.384485700842541 0.717802630786366 0.3640189580762819
    vertex 2.506557696767775 0.6226238919870333 0.372518311428809
    vertex 2.494259382849877 0.6825943394824577 0.2686048782945557
  endloop
endfacet
facet normal 0.541504 0.834746 -0.0998603
  outer loop
    vertex 0.9905888352625141 1.704569392737473 -0.1365920809418106
    vertex 0.9040929220305944 1.742571315923724 -0.2879632341961594
    vertex 0.8598877960041926 1.79027818232533 -0.1288826576377274
  endloop
endfacet
facet normal 0.557051 0.134092 0.819581
  outer loop
    vertex 1.516421858957795 0.2175686237778816 1.351149790503857
    vertex 1.632247468777066 0.129459390267155 1.286841329152194
    vertex 1.628589806677854 0.2866078662296164 1.263616259982239
  endloop
endfacet
facet normal 0.535217 0.454498 0.712022
  outer loop
    vertex 1.820108049430998 0.5679916943724128 1.024412552266776
    vertex 1.917215756075527 0.6292753539930516 0.9122995276622946
    vertex 1.789441227793879 0.707366930410542 0.9584984000761952
  endloop
endfacet
facet normal 0.52658 0.367993 -0.766351
  outer loop
    vertex 2.451013715639845 0.3183690629268545 -0.6918923226335669
    vertex 2.327931781832523 0.2906864853311952 -0.7897579446000859
    vertex 2.340297084399348 0.4273537058434825 -0.7156353775514748
  endloop
endfacet
facet normal 0.55716 0.651684 -0.514666
  outer loop
    vertex 1.853708442437761 0.9471308826622797 -0.6514115252551334
    vertex 1.874184402808214 0.8387222988111247 -0.7665147393944216
    vertex 1.751230315296391 0.9375478769916431 -0.7744852097033056
  endloop
endfacet
facet normal 0.485678 0.695399 0.529657
  outer loop
    vertex 3.081202715321333 0.216330651124485 0.2781566465962225
    vertex 3.204700345349976 0.2219984182268035 0.1574719586808604
    vertex 3.112370377167179 0.303272520012741 0.1354288053362465
  endloop
endfacet
facet normal 0.539544 -0.504021 0.67443
  outer loop
    vertex 2.457242151259474 -0.3967363305658141 0.6453907922925372
    vertex 2.405839629781591 -0.5313243997214978 0.5859312206031265
    vertex 2.537422632413503 -0.4676574712697864 0.5282450242848924
  endloop
endfacet
facet normal 0.553429 0.093879 -0.827589
  outer loop
    vertex 1.836559856636163 0.1793884714237335 -1.146708613419675
    vertex 1.961413697761576 0.2001243442472974 -1.060863613568956
    vertex 1.929163227436546 0.05115774836280207 -1.09932856430824
  endloop
endfacet
facet normal 0.533422 -0.233749 0.81291
  outer loop
    vertex 1.684786833319626 -0.4261151103741229 1.18492817490672
    vertex 1.809619089159726 -0.3524487438790804 1.124197170809668
    vertex 1.712462298630311 -0.2721122292039239 1.211050786207518
  endloop
endfacet
facet normal 0.550497 -0.0298715 -0.834302
  outer loop
    vertex 1.148656030556558 -0.1287151323360756 -1.602221850492428
    vertex 1.061878618453579 -0.01078760342538202 -1.663702460833389
    vertex 1.193165456230057 0.02351948594489474 -1.578303839999299
  endloop
endfacet
facet normal 0.573572 0.282258 -0.76899
  outer loop
    vertex 2.789496518116316 0.2626313949461558 -0.4739054535255177
    vertex 2.774293246653802 0.1141350353623737 -0.5397509023161703
    vertex 2.670402831208397 0.2337074613146371 -0.5733512775939165
  endloop
endfacet
facet normal 0.538222 0.817573 0.204675
  outer loop
    vertex 2.332872594752509 0.827258345483288 0.1359034712087639
    vertex 2.40179846429039 0.7537571775540368 0.2482529894193352
    vertex 2.453702492692551 0.7473953248589309 0.1371764007856513
  endloop
endfacet
facet normal 0.532679 -0.845528 0.0365461
  outer loop
    vertex 1.909334880425405 -1.111048401094217 0.07224683042312888
    vertex 1.786185057354914 -1.186051723236364 0.1319504842883011
    vertex 1.808449398720186 -1.178697348045107 -0.02241403015707153
  endloop
endfacet
facet normal 0.534825 0.257284 -0.80484
  outer loop
    vertex 1.739191458776023 0.2974032944314742 -1.187202784772399
    vertex 1.76506017284575 0.4343214638624435 -1.126243942490534
    vertex 1.870179163212009 0.3198762505479276 -1.09297601501644
  endloop
endfacet
facet normal 0.530134 -0.846118 -0.0551539
  outer loop
    vertex 2.042968103439526 -1.016775495818443 -0.1417792270008114
    vertex 2.151400837164532 -0.9551123095292118 -0.04551057396017792
    vertex 2.032264175259521 -1.033496055115991 0.01184636263678379
  endloop
endfacet
facet normal 0.545957 0.763914 0.344044
  outer loop
    vertex 1.375931940554404 1.357108913158444 0.53781124980988
    vertex 1.444515546329296 1.260502902643118 0.6434810211148111
    vertex 1.506791606072688 1.280978174933449 0.4991929471818667
  endloop
endfacet
facet normal 0.536623 -0.788177 0.301351
  outer loop
    vertex 1.977184886489081 -1.021355810450508 0.3167093133903536
    vertex 2.062831039836794 -0.9292292401976129 0.4051523318680989
    vertex 1.933922060512465 -0.9944283594935762 0.4641767853745239
  endloop
endfacet
facet normal 0.552438 -0.789126 0.268502
  outer loop
    vertex 1.504062127302313 -1.317061318438148 0.4004061802337747
    vertex 1.632914585053152 -1.247347005849555 0.3401842929754392
    vertex 1.592993370181913 -1.223744136061988 0.4916904318206594
  endloop
endfacet
facet normal 0.551627 -0.327086 -0.767282
  outer loop
    vertex 2.234179617416808 -0.4203701961453816 -0.7985518391728119
    vertex 2.102171067661894 -0.4357507088997075 -0.8869010363550014
    vertex 2.17185328460257 -0.3088891155964675 -0.8908840608157594
  endloop
endfacet
facet normal 0.531927 0.819099 -0.214782
  outer loop
    vertex 3.325399999944 0.193794736807 -8.606215154162e-17
    vertex 3.230709145114973 0.2224398616170668 -0.1252685255969549
    vertex 3.192169999945966 0.280314999965364 -1.244848668445075e-16
  endloop
endfacet
facet normal 0.538148 -0.8417 0.0440259
  outer loop
    vertex 0.8659972539148546 -1.786182151859397 0.1305109150441935
    vertex 0.7533939028937779 -1.855864885659266 0.1746965449846609
    vertex 0.7689943541049258 -1.853785847502154 0.02375294987171014
  endloop
endfacet
facet normal 0.530077 0.544609 -0.649938
  outer loop
    vertex 1.994768099515804 0.7384429689088652 -0.7575514607749897
    vertex 2.11517697072292 0.6378319577082509 -0.7436541916643485
    vertex 2.000854785649137 0.615832682609094 -0.8553272332888348
  endloop
endfacet
facet normal 0.523978 -0.83174 -0.183453
  outer loop
    vertex 2.909335327926938 -0.4580164592472818 -0.07420927359186608
    vertex 2.783010819777458 -0.544242545310257 -0.04408501881073569
    vertex 2.801736325413425 -0.5022498866035827 -0.1809877099141763
  endloop
endfacet
facet normal 0.525446 0.7714 -0.358954
  outer loop
    vertex 2.98136850657422 0.3944589930857307 -0.1358925562044315
    vertex 2.8891136526931 0.3983013805345203 -0.2626800868023907
    vertex 2.850439743458811 0.4832876838087102 -0.136654466703193
  endloop
endfacet
facet normal 0.547159 0.830904 0.101073
  outer loop
    vertex 1.004933219340658 1.682485506159083 0.2483636375976248
    vertex 1.140326631246652 1.592565151411815 0.2546313390095208
    vertex 1.124440382502242 1.617275913105311 0.1374883830406065
  endloop
endfacet
facet normal 0.556764 -0.623026 -0.549411
  outer loop
    vertex 2.206416806086001 -0.6443671104077291 -0.6573073407363357
    vertex 2.241290144058902 -0.7207633946263511 -0.5353348149814774
    vertex 2.11140840184878 -0.7559064058340428 -0.6271029031021729
  endloop
endfacet
facet normal 0.535207 -0.837265 -0.111988
  outer loop
    vertex 1.12432811081758 -1.617396077204633 -0.1369344755433164
    vertex 1.131084325732165 -1.592596407344351 -0.2900578551470432
    vertex 1.244054077111623 -1.532690809478771 -0.1980356614958776
  endloop
endfacet
facet normal 0.528426 0.74775 -0.402039
  outer loop
    vertex 2.502283171598545 0.6766975649103963 -0.2693448547980132
    vertex 2.630877196637879 0.5861786359975849 -0.2686808033358151
    vertex 2.542153129695933 0.5813544258222544 -0.394269082111313
  endloop
endfacet
facet normal 0.54371 0.724888 0.422985
  outer loop
    vertex 1.842339681623261 1.030866832378715 0.5251053315150148
    vertex 1.709442825657301 1.108305581421857 0.5632224023527735
    vertex 1.773982030377787 1.000996429989611 0.6641632143989568
  endloop
endfacet
facet normal 0.547673 -0.179237 -0.817269
  outer loop
    vertex 1.039498470427827 -0.4272421276789322 -1.622978266398945
    vertex 0.9637513926061405 -0.3108785464332313 -1.699258279536881
    vertex 1.098168130382737 -0.2770227953545962 -1.616607168336429
  endloop
endfacet
facet normal 0.539827 0.826176 -0.16131
  outer loop
    vertex 2.057454113972959 1.007960424578625 -0.1368310885545465
    vertex 1.98743282772742 1.027442905097159 -0.2713759119449551
    vertex 1.927527656739991 1.093386755183386 -0.1341072938192305
  endloop
endfacet
facet normal 0.5449 -0.669969 0.504208
  outer loop
    vertex 1.218526402603579 -1.288832120384269 0.8824882805143468
    vertex 1.153315719842512 -1.238475305607091 1.019873788973792
    vertex 1.08389501111117 -1.359062330565093 0.9346665056008573
  endloop
endfacet
facet normal 0.536378 0.101165 -0.837893
  outer loop
    vertex 1.487809896857701 0.2373641077007237 -1.366675877984144
    vertex 1.581076418413574 0.1204195274776657 -1.32109078763855
    vertex 1.452586301952964 0.08794859510224402 -1.407264262569924
  endloop
endfacet
facet normal 0.531756 -0.0866636 0.842452
  outer loop
    vertex 1.83800471227 -0.1987150098488502 1.142565540565372
    vertex 1.961833259037264 -0.1283446622081895 1.071643965330189
    vertex 1.853949961558254 -0.04241998786119849 1.148579062814419
  endloop
endfacet
facet normal 0.557373 0.820446 -0.127298
  outer loop
    vertex 2.925709999951654 0.4533555262847988 -2.013302974496644e-16
    vertex 2.98136850657422 0.3944589930857307 -0.1358925562044315
    vertex 2.850439743458811 0.4832876838087102 -0.136654466703193
  endloop
endfacet
facet normal 0.532188 -0.0674285 0.843937
  outer loop
    vertex 1.73068671151172 -0.1139527194997902 1.224117468106124
    vertex 1.625613738447021 -0.02632651733752247 1.29737779799839
    vertex 1.611430647647631 -0.185799822471956 1.29358015012302
  endloop
endfacet
facet normal 0.545638 0.837248 -0.0359783
  outer loop
    vertex 1.193719999988624 1.578118947361129 -7.008255963831859e-16
    vertex 1.261039244076231 1.52844016890286 -0.1351241633667877
    vertex 1.125542386529602 1.616730231141693 -0.1354443017073117
  endloop
endfacet
facet normal 0.548786 -0.154532 -0.821556
  outer loop
    vertex 1.36394033110314 -0.2129174550901347 -1.452049694671739
    vertex 1.495781650682784 -0.1797817281973121 -1.370214540115837
    vertex 1.441203043720043 -0.3306808779795639 -1.378288442110411
  endloop
endfacet
facet normal 0.561431 0.734424 -0.381336
  outer loop
    vertex 2.542153129695933 0.5813544258222544 -0.394269082111313
    vertex 2.412768355321985 0.6783597723235889 -0.3979338262753764
    vertex 2.502283171598545 0.6766975649103963 -0.2693448547980132
  endloop
endfacet
facet normal 0.545748 -0.614666 0.569513
  outer loop
    vertex 2.08635286390745 -0.7763786699150015 0.6277862174916089
    vertex 2.147272655585218 -0.6557754297892948 0.6995737054587357
    vertex 2.019081177074083 -0.7175593964559159 0.7557335134554367
  endloop
endfacet
facet normal 0.539229 -0.721607 0.434184
  outer loop
    vertex 2.600139743058296 -0.5278195346100705 0.4041564016269543
    vertex 2.643889774968641 -0.5776404186473928 0.2670199941410124
    vertex 2.728453989930442 -0.4653417864823079 0.3486351871899952
  endloop
endfacet
facet normal 0.52869 -0.0605381 0.846654
  outer loop
    vertex 2.184477319314986 -0.1458410539067816 0.9232682475174602
    vertex 2.304047679785311 -0.08060460805422921 0.8532675750530905
    vertex 2.197126376539073 0.009205341831767595 0.926455834323277
  endloop
endfacet
facet normal 0.554257 0.178321 -0.81302
  outer loop
    vertex 1.739191458776023 0.2974032944314742 -1.187202784772399
    vertex 1.870179163212009 0.3198762505479276 -1.09297601501644
    vertex 1.836559856636163 0.1793884714237335 -1.146708613419675
  endloop
endfacet
facet normal 0.537231 0.388801 0.748477
  outer loop
    vertex 1.018777838050217 0.7158173463982754 1.532823150678613
    vertex 1.117890881982 0.7764427305995164 1.430190997639408
    vertex 0.9925668390259681 0.8570440267675775 1.478275425124051
  endloop
endfacet
facet normal 0.55139 -0.570366 -0.608812
  outer loop
    vertex 1.256131219416122 -1.084359824835351 -1.090111464559798
    vertex 1.347996364519664 -0.9567869181481289 -1.12642754943095
    vertex 1.384800753454077 -1.050622813736173 -1.00518418026402
  endloop
endfacet
facet normal 0.534488 0.483136 -0.693471
  outer loop
    vertex 1.081037064177498 0.9469193406232358 -1.352819910385522
    vertex 0.9684079971065916 0.9179190880472083 -1.459832214278833
    vertex 0.9649290096395017 1.053720698065306 -1.367901784239377
  endloop
endfacet
facet normal 0.555997 -0.760915 -0.334479
  outer loop
    vertex 1.584678573276158 -1.216909062888039 -0.5222194631862197
    vertex 1.69861810192724 -1.11212105039725 -0.5712052885630787
    vertex 1.701819779193384 -1.171219096001627 -0.431439358759804
  endloop
endfacet
facet normal 0.539793 0.624062 0.564952
  outer loop
    vertex 1.618122434398925 0.9179081312397125 0.924108419582655
    vertex 1.701027579447678 0.9608656351610424 0.7974433124877579
    vertex 1.566551745767397 1.040812982785162 0.8376183302545098
  endloop
endfacet
facet normal 0.546501 -0.243784 -0.801191
  outer loop
    vertex 1.114174616883028 -0.5396736923143866 -1.537830473460752
    vertex 1.039498470427827 -0.4272421276789322 -1.622978266398945
    vertex 1.175864626043512 -0.3931961471422966 -1.540320879819516
  endloop
endfacet
facet normal 0.545124 -0.311869 -0.778189
  outer loop
    vertex 1.512949220286083 -0.4453883629199197 -1.296436942520227
    vertex 1.643267242089663 -0.4139795030475714 -1.217736224813882
    vertex 1.576764646063384 -0.5577479691172865 -1.206704515043007
  endloop
endfacet
facet normal 0.554708 0.360753 0.749771
  outer loop
    vertex 1.494668967703618 0.5250021654469368 1.279132425258994
    vertex 1.473722316049074 0.6725408383980906 1.223641183019311
    vertex 1.370337027494838 0.6096887944524662 1.330370706716314
  endloop
endfacet
facet normal 0.52824 -0.812835 -0.245483
  outer loop
    vertex 2.153610290843364 -0.8882645544953454 -0.3500784443115098
    vertex 2.271470686906793 -0.8401510097648069 -0.2557735829226047
    vertex 2.158949245894683 -0.9298140748958147 -0.2010125656938512
  endloop
endfacet
facet normal 0.529689 -0.807245 0.260358
  outer loop
    vertex 2.782758486210017 -0.507605691210214 0.2016404642780735
    vertex 2.643889774968641 -0.5776404186473928 0.2670199941410124
    vertex 2.670447087129132 -0.6069826162826996 0.1220138532321308
  endloop
endfacet
facet normal 0.534941 -0.844316 -0.0311176
  outer loop
    vertex 1.232286359524912 -1.552534441849731 -0.04092531491183307
    vertex 1.110237807833606 -1.632183531089283 0.02206891752098014
    vertex 1.12432811081758 -1.617396077204633 -0.1369344755433164
  endloop
endfacet
facet normal 0.543791 -0.314255 -0.778161
  outer loop
    vertex 1.70950610917624 -0.528991120513423 -1.12500086632828
    vertex 1.643267242089663 -0.4139795030475714 -1.217736224813882
    vertex 1.774664732478047 -0.3874325921526147 -1.136634340212177
  endloop
endfacet
facet normal 0.53614 0.825586 0.175962
  outer loop
    vertex 3.05893999994881 0.3668352631250813 -1.629075821470859e-16
    vertex 3.112370377167179 0.303272520012741 0.1354288053362465
    vertex 3.192169999945966 0.280314999965364 -1.244848668445075e-16
  endloop
endfacet
facet normal 0.552247 0.62118 0.55602
  outer loop
    vertex 0.891560479589228 1.270217718841901 1.238886508270614
    vertex 0.8684900829085868 1.378170008241268 1.141197295115607
    vertex 0.7744285708833625 1.391566371619377 1.219654266793117
  endloop
endfacet
facet normal 0.535959 -0.840655 0.077765
  outer loop
    vertex 0.9638006768712311 -1.710308045820709 0.2426107668906197
    vertex 0.9875885366363217 -1.710035545709855 0.08160962756237168
    vertex 1.088468406163525 -1.636708879743701 0.1790171206606491
  endloop
endfacet
facet normal 0.543316 -0.677368 0.495964
  outer loop
    vertex 1.693716314579406 -0.9677317503236469 0.7965888024677656
    vertex 1.751816011273014 -1.019315449008296 0.6624910930620044
    vertex 1.822065943140079 -0.9051320028049558 0.7414814084359866
  endloop
endfacet
facet normal 0.570525 0.808906 0.142028
  outer loop
    vertex 2.840622196136794 0.4885102644755788 0.1415764169087488
    vertex 2.96589830023205 0.3975073528445478 0.1566412344373069
    vertex 2.925709999951654 0.4533555262847988 -2.013302974496644e-16
  endloop
endfacet
facet normal 0.52014 0.683761 -0.511786
  outer loop
    vertex 2.8891136526931 0.3983013805345203 -0.2626800868023907
    vertex 2.781857485123061 0.3886094114901927 -0.3846357352368114
    vertex 2.763402007399995 0.491213093098024 -0.2663109658293206
  endloop
endfacet
facet normal 0.539124 -0.0253613 -0.841844
  outer loop
    vertex 1.280075101041509 -0.09488120409713548 -1.519079249759013
    vertex 1.148656030556558 -0.1287151323360756 -1.602221850492428
    vertex 1.193165456230057 0.02351948594489474 -1.578303839999299
  endloop
endfacet
facet normal 0.534286 0.362981 0.763403
  outer loop
    vertex 1.597671026676444 0.5883753870171244 1.176911392030158
    vertex 1.473722316049074 0.6725408383980906 1.223641183019311
    vertex 1.494668967703618 0.5250021654469368 1.279132425258994
  endloop
endfacet
facet normal 0.539983 0.787662 -0.296659
  outer loop
    vertex 1.036856766155999 1.589235922714022 -0.5446876953680938
    vertex 0.9429952566604514 1.602410832910501 -0.6805547683732738
    vertex 0.9037521193792316 1.67949114310351 -0.5473289265240369
  endloop
endfacet
facet normal 0.513227 -0.557189 -0.652792
  outer loop
    vertex 2.88023996003041 -0.3124393907142444 -0.3681828265578356
    vertex 2.780841161541153 -0.4088552719019412 -0.3640349901030684
    vertex 2.762964408720317 -0.2967295529756835 -0.4737943241836883
  endloop
endfacet
facet normal 0.528635 -0.762866 -0.372263
  outer loop
    vertex 2.139228346549552 -0.8283526269758272 -0.4932771801557432
    vertex 2.259834943959438 -0.7896845207137431 -0.4012499723854586
    vertex 2.153610290843364 -0.8882645544953454 -0.3500784443115098
  endloop
endfacet
facet normal 0.539347 0.830524 -0.139049
  outer loop
    vertex 3.05893999994881 0.3668352631250813 -1.629075821470859e-16
    vertex 2.98136850657422 0.3944589930857307 -0.1358925562044315
    vertex 2.925709999951654 0.4533555262847988 -2.013302974496644e-16
  endloop
endfacet
facet normal 0.544567 0.761524 0.351465
  outer loop
    vertex 0.9750188715437763 1.589864433822392 0.656679956555052
    vertex 0.9105114336872089 1.568797403976296 0.8022754235703671
    vertex 1.045225027239366 1.490292902388006 0.763644344846086
  endloop
endfacet
facet normal 0.560056 -0.702771 -0.438692
  outer loop
    vertex 2.139228346549552 -0.8283526269758272 -0.4932771801557432
    vertex 2.241290144058902 -0.7207633946263511 -0.5353348149814774
    vertex 2.259834943959438 -0.7896845207137431 -0.4012499723854586
  endloop
endfacet
facet normal 0.546777 0.836671 -0.0318746
  outer loop
    vertex 0.9272599999943119 1.751159473680565 -7.77671026988343e-16
    vertex 0.9905888352625141 1.704569392737473 -0.1365920809418106
    vertex 0.8598877960041926 1.79027818232533 -0.1288826576377274
  endloop
endfacet
facet normal 0.545707 -0.377232 -0.748265
  outer loop
    vertex 1.2410404495136 -0.7593221984488459 -1.348273671168046
    vertex 1.110447107001411 -0.794412972675411 -1.425824123212067
    vertex 1.181414455237794 -0.6512373505643588 -1.446248797437932
  endloop
endfacet
facet normal 0.547797 -0.390035 -0.740129
  outer loop
    vertex 1.576764646063384 -0.5577479691172865 -1.206704515043007
    vertex 1.635670680378938 -0.6663149620130662 -1.105893007521945
    vertex 1.505366746414178 -0.6959216048411511 -1.186733715422097
  endloop
endfacet
facet normal 0.555253 -0.272047 0.785929
  outer loop
    vertex 1.937854023791959 -0.2826438419643274 1.057762923248207
    vertex 1.809619089159726 -0.3524487438790804 1.124197170809668
    vertex 1.906419269851897 -0.4313423528967217 1.028499754997175
  endloop
endfacet
facet normal 0.550499 0.830933 -0.0806245
  outer loop
    vertex 2.526019999960186 0.7129163157639522 -3.165984433574001e-16
    vertex 2.586200033694857 0.6597471695323454 -0.1370671159146688
    vertex 2.451522291347981 0.7491059269061507 -0.135687798820573
  endloop
endfacet
facet normal 0.537362 -0.800218 0.266257
  outer loop
    vertex 1.592993370181913 -1.223744136061988 0.4916904318206594
    vertex 1.632914585053152 -1.247347005849555 0.3401842929754392
    vertex 1.721903396980763 -1.156545487102423 0.4334844948013615
  endloop
endfacet
facet normal 0.550724 0.788851 -0.272794
  outer loop
    vertex 1.384497820702148 1.39565475788179 -0.4085626756189422
    vertex 1.432058444279672 1.317381939782297 -0.5388910778933347
    vertex 1.301269456955459 1.408410894762172 -0.539698556397102
  endloop
endfacet
facet normal 0.555325 -0.708963 0.434725
  outer loop
    vertex 2.527099422561529 -0.6345941885049829 0.3233278468436071
    vertex 2.643889774968641 -0.5776404186473928 0.2670199941410124
    vertex 2.600139743058296 -0.5278195346100705 0.4041564016269543
  endloop
endfacet
facet normal 0.541187 -0.475019 0.693883
  outer loop
    vertex 1.073354045587345 -0.9823695339182099 1.333503231072467
    vertex 0.992312299504637 -0.9061526472419987 1.448887508940499
    vertex 0.9404907441198733 -1.048097539900067 1.392132374044709
  endloop
endfacet
facet normal 0.544304 0.728269 0.416362
  outer loop
    vertex 1.377290623098566 1.230959251316411 0.7830386926212963
    vertex 1.444515546329296 1.260502902643118 0.6434810211148111
    vertex 1.311986569137745 1.336948770164836 0.683021055812328
  endloop
endfacet
facet normal 0.558787 0.322728 -0.763939
  outer loop
    vertex 1.999222013132809 0.4826693672175944 -0.93813702154335
    vertex 1.988665642516783 0.3418692600329921 -1.005339896240957
    vertex 1.880404863978287 0.4547401745219166 -1.036845151768757
  endloop
endfacet
facet normal 0.573334 0.315363 0.756198
  outer loop
    vertex 2.756894742091554 0.1956485478182417 0.5278956379646483
    vertex 2.8739811551318 0.1126355999376439 0.4737426235417976
    vertex 2.855523347577882 0.2576575145008637 0.4272573544521049
  endloop
endfacet
facet normal 0.528231 0.352153 0.772632
  outer loop
    vertex 2.19037051155929 0.316182874878777 0.8755469486440234
    vertex 2.292139025085167 0.3786263367780937 0.7775094087061105
    vertex 2.169716374091628 0.4653369323694885 0.8216856843132471
  endloop
endfacet
facet normal 0.560307 -0.742565 -0.36695
  outer loop
    vertex 2.139228346549552 -0.8283526269758272 -0.4932771801557432
    vertex 2.153610290843364 -0.8882645544953454 -0.3500784443115098
    vertex 2.036553217351789 -0.9320633825534236 -0.4401845238976893
  endloop
endfacet
facet normal 0.536324 -0.820542 0.197655
  outer loop
    vertex 1.538823877508863 -1.331266027841081 0.2471129982247821
    vertex 1.632914585053152 -1.247347005849555 0.3401842929754392
    vertex 1.504062127302313 -1.317061318438148 0.4004061802337747
  endloop
endfacet
facet normal 0.544411 0.729791 0.413546
  outer loop
    vertex 1.045225027239366 1.490292902388006 0.763644344846086
    vertex 1.107700161093064 1.386358414673934 0.8648139799596165
    vertex 1.17765423753907 1.414027354733497 0.7238953897904133
  endloop
endfacet
facet normal 0.548898 0.823291 -0.14458
  outer loop
    vertex 1.855142718153555 1.115763883623201 -0.2726248768899558
    vertex 1.723204392306419 1.203540360774743 -0.2736979275118525
    vertex 1.793587454410326 1.180676381977696 -0.1366842680183529
  endloop
endfacet
facet normal 0.560545 0.754061 -0.342317
  outer loop
    vertex 2.29472489672469 0.7675108129894527 -0.3948471547216595
    vertex 2.375421517047318 0.7652397909519254 -0.2677090042267537
    vertex 2.412768355321985 0.6783597723235889 -0.3979338262753764
  endloop
endfacet
facet normal 0.535167 0.498668 0.681855
  outer loop
    vertex 2.008743342887362 0.6816991843587427 0.7970874603342214
    vertex 2.045174286829196 0.5464985748377734 0.8673715741644307
    vertex 2.139037888629129 0.6034277040916968 0.7520664603189514
  endloop
endfacet
facet normal 0.537424 0.742111 -0.400558
  outer loop
    vertex 1.212179077030873 1.414923326363823 -0.6713865771227064
    vertex 1.339647918382166 1.324256425898966 -0.6683410972400676
    vertex 1.245845271928625 1.323039180127081 -0.7964499947629795
  endloop
endfacet
facet normal 0.538778 -0.43084 0.723944
  outer loop
    vertex 1.604473183383507 -0.7090724403442824 1.103139688528237
    vertex 1.515715543754439 -0.6414775411658713 1.209423047355026
    vertex 1.470865555014286 -0.7797272118081212 1.16052514014388
  endloop
endfacet
facet normal 0.551743 -0.0332962 -0.833349
  outer loop
    vertex 1.672682457161303 0.00129882716118699 -1.267077541309389
    vertex 1.799611507768253 0.031257449177999 -1.184237371715859
    vertex 1.756391899241636 -0.1192634163268863 -1.206838186068438
  endloop
endfacet
facet normal 0.535594 0.810865 -0.235874
  outer loop
    vertex 2.586200033694857 0.6597471695323454 -0.1370671159146688
    vertex 2.502283171598545 0.6766975649103963 -0.2693448547980132
    vertex 2.451522291347981 0.7491059269061507 -0.135687798820573
  endloop
endfacet
facet normal 0.559755 0.271601 0.782884
  outer loop
    vertex 1.964989143805772 0.3360315038203205 1.023501940280084
    vertex 2.083995003677804 0.2505166992333993 0.9680809540516317
    vertex 2.069051974648335 0.4018041093360318 0.9262799533307388
  endloop
endfacet
facet normal 0.551164 -0.050594 -0.832862
  outer loop
    vertex 1.672682457161303 0.00129882716118699 -1.267077541309389
    vertex 1.626039893244814 -0.1484431617720379 -1.288847819361793
    vertex 1.543084631652418 -0.03088002762221347 -1.350886818536148
  endloop
endfacet
facet normal 0.53251 -0.835227 -0.137216
  outer loop
    vertex 1.819031129934129 -1.158760935162499 -0.1759192866398281
    vertex 1.699502012349188 -1.243488414252701 -0.1240576277961178
    vertex 1.704459847339567 -1.215017527854416 -0.278117914229272
  endloop
endfacet
facet normal 0.543201 0.0811453 -0.835672
  outer loop
    vertex 0.9714617761459121 0.1114824056362879 -1.718843084332204
    vertex 0.8642693317879858 0.1093636892006393 -1.788725785341539
    vertex 0.8767314398271444 0.2350414792833893 -1.76842164650973
  endloop
endfacet
facet normal 0.557599 -0.720064 0.413027
  outer loop
    vertex 2.728453989930442 -0.4653417864823079 0.3486351871899952
    vertex 2.643889774968641 -0.5776404186473928 0.2670199941410124
    vertex 2.782758486210017 -0.507605691210214 0.2016404642780735
  endloop
endfacet
facet normal 0.531587 0.735832 -0.419483
  outer loop
    vertex 2.29472489672469 0.7675108129894527 -0.3948471547216595
    vertex 2.201623566069609 0.7641445016066075 -0.518734198110766
    vertex 2.170696553606061 0.8569843033009609 -0.3950721119535766
  endloop
endfacet
facet normal 0.540145 -0.144645 -0.829048
  outer loop
    vertex 2.872945991358849 -0.01911355897958238 -0.4872460044152999
    vertex 2.948400487233043 -0.1312605684726473 -0.4185192312187941
    vertex 2.816401764345267 -0.1588074253960598 -0.4997134672350578
  endloop
endfacet
facet normal 0.535534 -0.26262 0.802642
  outer loop
    vertex 1.556847380872021 -0.4942119429160885 1.248010225849111
    vertex 1.684786833319626 -0.4261151103741229 1.18492817490672
    vertex 1.588312721295641 -0.3413082072337534 1.277045285884341
  endloop
endfacet
facet normal 0.540817 0.832788 0.118243
  outer loop
    vertex 2.792479999954498 0.5398757894445163 -2.397530127522429e-16
    vertex 2.840622196136794 0.4885102644755788 0.1415764169087488
    vertex 2.925709999951654 0.4533555262847988 -2.013302974496644e-16
  endloop
endfacet
facet normal 0.551435 0.0503101 -0.8327
  outer loop
    vertex 1.100646752212211 0.1413531567990279 -1.632452788069518
    vertex 1.229308749948536 0.1733201096355321 -1.545318165951205
    vertex 1.193165456230057 0.02351948594489474 -1.578303839999299
  endloop
endfacet
facet normal 0.530819 -0.196746 0.824331
  outer loop
    vertex 2.159064874988506 -0.2982045596394381 0.903267095651928
    vertex 2.28245512969974 -0.2323478962373684 0.8395295388343408
    vertex 2.184477319314986 -0.1458410539067816 0.9232682475174602
  endloop
endfacet
facet normal 0.567159 0.39152 0.724598
  outer loop
    vertex 2.634078435790324 0.2783000785916401 0.5793678577824939
    vertex 2.756894742091554 0.1956485478182417 0.5278956379646483
    vertex 2.731288439423837 0.3370749438412544 0.4715217576488031
  endloop
endfacet
facet normal 0.541216 -0.525976 0.656075
  outer loop
    vertex 2.202455693775693 -0.5223223222993464 0.7610410546184019
    vertex 2.147272655585218 -0.6557754297892948 0.6995737054587357
    vertex 2.279965996109821 -0.5917543316098244 0.6414366446266186
  endloop
endfacet
facet normal 0.531201 0.31947 0.784706
  outer loop
    vertex 1.964989143805772 0.3360315038203205 1.023501940280084
    vertex 2.069051974648335 0.4018041093360318 0.9262799533307388
    vertex 1.946340631267308 0.4846015346280196 0.9756400063557841
  endloop
endfacet
facet normal 0.527472 0.498774 -0.687749
  outer loop
    vertex 2.115593074135831 0.5086884749597492 -0.8369933047330985
    vertex 2.11517697072292 0.6378319577082509 -0.7436541916643485
    vertex 2.229082735386615 0.5325658101806801 -0.7326355142177767
  endloop
endfacet
facet normal 0.537857 0.828231 0.1573
  outer loop
    vertex 2.925709999951654 0.4533555262847988 -2.013302974496644e-16
    vertex 2.96589830023205 0.3975073528445478 0.1566412344373069
    vertex 3.05893999994881 0.3668352631250813 -1.629075821470859e-16
  endloop
endfacet
facet normal 0.540992 0.833057 -0.115513
  outer loop
    vertex 2.925709999951654 0.4533555262847988 -2.013302974496644e-16
    vertex 2.850439743458811 0.4832876838087102 -0.136654466703193
    vertex 2.792479999954498 0.5398757894445163 -2.397530127522429e-16
  endloop
endfacet
facet normal 0.554276 -0.814022 0.173627
  outer loop
    vertex 1.664994801304929 -1.258418907937347 0.1858641760550677
    vertex 1.632914585053152 -1.247347005849555 0.3401842929754392
    vertex 1.538823877508863 -1.331266027841081 0.2471129982247821
  endloop
endfacet
facet normal 0.539992 0.592545 0.597745
  outer loop
    vertex 1.222504712939607 1.152467117976513 1.050537482291677
    vertex 1.269672731272508 1.025069015414951 1.134216552736872
    vertex 1.354228223574281 1.074810943521659 1.008521524125208
  endloop
endfacet
facet normal 0.513173 0.320525 0.796189
  outer loop
    vertex 2.8739811551318 0.1126355999376439 0.4737426235417976
    vertex 2.972729516383189 0.1733067534239973 0.3856711063104044
    vertex 2.855523347577882 0.2576575145008637 0.4272573544521049
  endloop
endfacet
facet normal 0.560476 0.77485 -0.29236
  outer loop
    vertex 2.630877196637879 0.5861786359975849 -0.2686808033358151
    vertex 2.717854789813797 0.5707125380847454 -0.1429285076843309
    vertex 2.763402007399995 0.491213093098024 -0.2663109658293206
  endloop
endfacet
facet normal 0.553875 -0.263929 0.789661
  outer loop
    vertex 1.556847380872021 -0.4942119429160885 1.248010225849111
    vertex 1.588312721295641 -0.3413082072337534 1.277045285884341
    vertex 1.460991506200088 -0.410430237055916 1.343246710382305
  endloop
endfacet
facet normal 0.554817 0.0439355 0.830811
  outer loop
    vertex 1.165587224187224 0.005170848766309173 1.596380145575503
    vertex 1.170131470452787 0.1645749961599836 1.584915776249464
    vertex 1.053625638066433 0.09311487613309542 1.666497612562653
  endloop
endfacet
facet normal 0.53446 0.0454622 0.84397
  outer loop
    vertex 1.284985342603818 0.07774760968050563 1.516859558683747
    vertex 1.170131470452787 0.1645749961599836 1.584915776249464
    vertex 1.165587224187224 0.005170848766309173 1.596380145575503
  endloop
endfacet
facet normal 0.534351 -0.84513 -0.0149455
  outer loop
    vertex 1.354822359168459 -1.469971700553183 -0.1018833936826311
    vertex 1.46122925211868 -1.404382505577208 -0.006387427204775124
    vertex 1.338734255392738 -1.482920759338966 0.05515011295521133
  endloop
endfacet
facet normal 0.536968 -0.168668 -0.826569
  outer loop
    vertex 2.743682534575487 -0.04816333180916216 -0.5695322468341799
    vertex 2.816401764345267 -0.1588074253960598 -0.4997134672350578
    vertex 2.691624910469347 -0.1928970768311125 -0.5738166174020373
  endloop
endfacet
facet normal 0.535417 -0.841375 0.0735996
  outer loop
    vertex 1.338734255392738 -1.482920759338966 0.05515011295521133
    vertex 1.439989009826419 -1.409983838061903 0.1523483850080228
    vertex 1.315024948338697 -1.484301525514293 0.2118443760667951
  endloop
endfacet
facet normal 0.561292 0.105541 -0.820861
  outer loop
    vertex 2.306971126142896 0.1461851443032043 -0.8425804899887271
    vertex 2.428370417261646 0.1795712823484108 -0.7552768705291653
    vertex 2.401304127894238 0.02650349209773945 -0.7934649450730425
  endloop
endfacet
facet normal 0.529171 -0.847957 -0.0307681
  outer loop
    vertex 2.254661784570254 -0.8879128782448256 0.046655040512786
    vertex 2.27310070036549 -0.8709234566921883 -0.1044415292294855
    vertex 2.377286035945316 -0.8094838670704528 -0.005840234758544919
  endloop
endfacet
facet normal 0.520673 -0.221223 0.824597
  outer loop
    vertex 2.833280091868352 -0.207537074969428 0.4695608393128939
    vertex 2.95533379126592 -0.1440048802584857 0.4095372447220069
    vertex 2.865529148017113 -0.06007400945690086 0.4887592416002846
  endloop
endfacet
facet normal 0.557817 0.7906 -0.252569
  outer loop
    vertex 2.586200033694857 0.6597471695323454 -0.1370671159146688
    vertex 2.630877196637879 0.5861786359975849 -0.2686808033358151
    vertex 2.502283171598545 0.6766975649103963 -0.2693448547980132
  endloop
endfacet
facet normal 0.545289 0.761316 0.350797
  outer loop
    vertex 1.108215047543032 1.511894698800456 0.6188494948433138
    vertex 0.9750188715437763 1.589864433822392 0.656679956555052
    vertex 1.045225027239366 1.490292902388006 0.763644344846086
  endloop
endfacet
facet normal 0.571711 0.661908 -0.484793
  outer loop
    vertex 2.781857485123061 0.3886094114901927 -0.3846357352368114
    vertex 2.667162277828841 0.4853558496076233 -0.3878026890373126
    vertex 2.763402007399995 0.491213093098024 -0.2663109658293206
  endloop
endfacet
facet normal 0.573163 0.49663 -0.6518
  outer loop
    vertex 2.781857485123061 0.3886094114901927 -0.3846357352368114
    vertex 2.789496518116316 0.2626313949461558 -0.4739054535255177
    vertex 2.675964119502303 0.3706943181533611 -0.4914035500569637
  endloop
endfacet
facet normal 0.566419 0.753318 -0.334187
  outer loop
    vertex 2.8891136526931 0.3983013805345203 -0.2626800868023907
    vertex 2.763402007399995 0.491213093098024 -0.2663109658293206
    vertex 2.850439743458811 0.4832876838087102 -0.136654466703193
  endloop
endfacet
facet normal 0.540777 -0.607979 0.58131
  outer loop
    vertex 2.728453989930442 -0.4653417864823079 0.3486351871899952
    vertex 2.851226574662691 -0.4003774080902801 0.3023679264495987
    vertex 2.792283018562291 -0.3435948096687841 0.4165892627016084
  endloop
endfacet
facet normal 0.567442 0.160471 0.807625
  outer loop
    vertex 2.426144998158676 0.1465337109390857 0.76384740662152
    vertex 2.535786712846087 0.05986558156710903 0.7040330900622925
    vertex 2.533955251676439 0.2135006619210539 0.6747933784288752
  endloop
endfacet
facet normal 0.546988 -0.226279 -0.805979
  outer loop
    vertex 1.704876906861239 -0.2663002990674087 -1.217384991310588
    vertex 1.643267242089663 -0.4139795030475714 -1.217736224813882
    vertex 1.572928845456627 -0.2968617292314839 -1.298353104328276
  endloop
endfacet
facet normal 0.562443 -0.122678 -0.817685
  outer loop
    vertex 2.872945991358849 -0.01911355897958238 -0.4872460044152999
    vertex 2.984780798540543 0.01105748087580661 -0.4148473000454623
    vertex 2.948400487233043 -0.1312605684726473 -0.4185192312187941
  endloop
endfacet
facet normal 0.522134 0.395692 0.755516
  outer loop
    vertex 2.756894742091554 0.1956485478182417 0.5278956379646483
    vertex 2.855523347577882 0.2576575145008637 0.4272573544521049
    vertex 2.731288439423837 0.3370749438412544 0.4715217576488031
  endloop
endfacet
facet normal 0.5552 -0.552639 -0.621566
  outer loop
    vertex 2.293451969753724 -0.5215700748185949 -0.688744839163695
    vertex 2.337437646822236 -0.609584589859549 -0.5712012463419527
    vertex 2.206416806086001 -0.6443671104077291 -0.6573073407363357
  endloop
endfacet
facet normal 0.554811 0.694217 -0.458528
  outer loop
    vertex 1.599274799430753 1.13619052679667 -0.6615416869739096
    vertex 1.626326375839969 1.035297781866637 -0.7815624593811922
    vertex 1.501477675472427 1.131702268489386 -0.7866696931996922
  endloop
endfacet
facet normal 0.535495 -0.392997 0.747528
  outer loop
    vertex 2.332962998803062 -0.4572304876641384 0.7026150947863044
    vertex 2.457242151259474 -0.3967363305658141 0.6453907922925372
    vertex 2.37653659983162 -0.314462995308483 0.7464579379421659
  endloop
endfacet
facet normal 0.542625 0.835573 -0.0858811
  outer loop
    vertex 2.659249999957342 0.6263960526042343 -2.781757280548215e-16
    vertex 2.586200033694857 0.6597471695323454 -0.1370671159146688
    vertex 2.526019999960186 0.7129163157639522 -3.165984433574001e-16
  endloop
endfacet
facet normal 0.540555 -0.710653 0.450304
  outer loop
    vertex 2.527099422561529 -0.6345941885049829 0.3233278468436071
    vertex 2.600139743058296 -0.5278195346100705 0.4041564016269543
    vertex 2.471325535835809 -0.5905497901466533 0.4597892744653896
  endloop
endfacet
facet normal 0.549953 -0.694768 0.463519
  outer loop
    vertex 2.271648451490427 -0.7621195836155195 0.4361706459968898
    vertex 2.401322846207038 -0.697464450692954 0.3792269679310608
    vertex 2.345734522968606 -0.65081901966134 0.5150977850872097
  endloop
endfacet
facet normal 0.551357 -0.701389 0.451729
  outer loop
    vertex 2.401322846207038 -0.697464450692954 0.3792269679310608
    vertex 2.527099422561529 -0.6345941885049829 0.3233278468436071
    vertex 2.471325535835809 -0.5905497901466533 0.4597892744653896
  endloop
endfacet
facet normal 0.540826 -0.702587 0.46247
  outer loop
    vertex 2.401322846207038 -0.697464450692954 0.3792269679310608
    vertex 2.471325535835809 -0.5905497901466533 0.4597892744653896
    vertex 2.345734522968606 -0.65081901966134 0.5150977850872097
  endloop
endfacet
facet normal 0.554815 -0.151564 -0.818052
  outer loop
    vertex 2.743682534575487 -0.04816333180916216 -0.5695322468341799
    vertex 2.872945991358849 -0.01911355897958238 -0.4872460044152999
    vertex 2.816401764345267 -0.1588074253960598 -0.4997134672350578
  endloop
endfacet
facet normal 0.538725 0.531616 0.653575
  outer loop
    vertex 1.269672731272508 1.025069015414951 1.134216552736872
    vertex 1.309165884983952 0.8923907084083751 1.209583431729184
    vertex 1.401218804903886 0.9466299109453687 1.089588626282223
  endloop
endfacet
facet normal 0.53457 0.554064 0.63816
  outer loop
    vertex 2.224896477672565 0.6532274569841815 0.6313534009318545
    vertex 2.264849420820382 0.5237311326810231 0.710317212031443
    vertex 2.352099550167299 0.5758814207184063 0.5919520785628815
  endloop
endfacet
facet normal 0.557116 0.469206 0.685177
  outer loop
    vertex 2.045174286829196 0.5464985748377734 0.8673715741644307
    vertex 2.169716374091628 0.4653369323694885 0.8216856843132471
    vertex 2.139037888629129 0.6034277040916968 0.7520664603189514
  endloop
endfacet
facet normal 0.554859 0.342872 -0.758004
  outer loop
    vertex 0.9533315787937042 0.6433225826930146 -1.61049196908378
    vertex 0.8550775868247364 0.7346706219533166 -1.641093947233808
    vertex 0.9611144807659594 0.7851888989936981 -1.540623832078288
  endloop
endfacet
facet normal 0.545652 -0.610319 0.574259
  outer loop
    vertex 2.600139743058296 -0.5278195346100705 0.4041564016269543
    vertex 2.728453989930442 -0.4653417864823079 0.3486351871899952
    vertex 2.665153705333168 -0.4054533174991413 0.4724312061008519
  endloop
endfacet
facet normal 0.541828 -0.416683 -0.72993
  outer loop
    vertex 1.970439863971914 -0.4671278768340892 -0.9667735567639151
    vertex 2.102171067661894 -0.4357507088997075 -0.8869010363550014
    vertex 2.027131522090333 -0.5723186714985711 -0.8646426853402003
  endloop
endfacet
facet normal 0.555045 -0.00171603 0.831819
  outer loop
    vertex 1.165587224187224 0.005170848766309173 1.596380145575503
    vertex 1.275730154126464 -0.08101018824386118 1.522707716457272
    vertex 1.284985342603818 0.07774760968050563 1.516859558683747
  endloop
endfacet
facet normal 0.536449 -0.41698 0.733724
  outer loop
    vertex 2.202455693775693 -0.5223223222993464 0.7610410546184019
    vertex 2.332962998803062 -0.4572304876641384 0.7026150947863044
    vertex 2.250225651441524 -0.379668824877017 0.8071857263009198
  endloop
endfacet
facet normal 0.554676 0.829569 0.0644231
  outer loop
    vertex 2.055465086023013 1.009192919871769 0.1373539288765259
    vertex 2.194866750922684 0.9143503356429109 0.1583978810860564
    vertex 2.126329999968716 0.9724771052431059 -4.318665892651362e-16
  endloop
endfacet
facet normal 0.549 -0.689241 0.472806
  outer loop
    vertex 2.142976284528435 -0.8260663714952908 0.4923592344665607
    vertex 2.271648451490427 -0.7621195836155195 0.4361706459968898
    vertex 2.214130595933444 -0.7147480915670452 0.5720141863423941
  endloop
endfacet
facet normal 0.533696 -0.845661 0.00514159
  outer loop
    vertex 1.583004789609766 -1.323610552284467 -0.06720044207082125
    vertex 1.686358656876678 -1.257778161698796 0.03245475275062602
    vertex 1.564631601350243 -1.33425356569507 0.0894257524686576
  endloop
endfacet
facet normal 0.534038 -0.323618 0.781073
  outer loop
    vertex 2.122677851372369 -0.4453082971003307 0.8671970718501608
    vertex 2.250225651441524 -0.379668824877017 0.8071857263009198
    vertex 2.159064874988506 -0.2982045596394381 0.903267095651928
  endloop
endfacet
facet normal 0.564548 -0.825386 0.00486404
  outer loop
    vertex 2.909335327926938 -0.4580164592472818 -0.07420927359186608
    vertex 2.866265861501378 -0.4866115646381511 0.07233745702996713
    vertex 2.783010819777458 -0.544242545310257 -0.04408501881073569
  endloop
endfacet
facet normal 0.548129 -0.607972 0.57439
  outer loop
    vertex 2.728453989930442 -0.4653417864823079 0.3486351871899952
    vertex 2.792283018562291 -0.3435948096687841 0.4165892627016084
    vertex 2.665153705333168 -0.4054533174991413 0.4724312061008519
  endloop
endfacet
facet normal 0.539272 -0.0457229 -0.840889
  outer loop
    vertex 1.672682457161303 0.00129882716118699 -1.267077541309389
    vertex 1.756391899241636 -0.1192634163268863 -1.206838186068438
    vertex 1.626039893244814 -0.1484431617720379 -1.288847819361793
  endloop
endfacet
facet normal 0.541917 -0.695402 0.471956
  outer loop
    vertex 2.271648451490427 -0.7621195836155195 0.4361706459968898
    vertex 2.345734522968606 -0.65081901966134 0.5150977850872097
    vertex 2.214130595933444 -0.7147480915670452 0.5720141863423941
  endloop
endfacet
facet normal 0.543058 0.836239 0.0761057
  outer loop
    vertex 2.392789999963029 0.7994365789236699 -3.550211586599788e-16
    vertex 2.453702492692551 0.7473953248589309 0.1371764007856513
    vertex 2.526019999960186 0.7129163157639522 -3.165984433574001e-16
  endloop
endfacet
facet normal 0.543098 0.836301 -0.0751296
  outer loop
    vertex 2.526019999960186 0.7129163157639522 -3.165984433574001e-16
    vertex 2.451522291347981 0.7491059269061507 -0.135687798820573
    vertex 2.392789999963029 0.7994365789236699 -3.550211586599788e-16
  endloop
endfacet
facet normal 0.554216 -0.0391158 0.831453
  outer loop
    vertex 1.04552923560402 -0.06663739827443774 1.673028238180371
    vertex 1.156123022420585 -0.1523150320078684 1.595279708140739
    vertex 1.165587224187224 0.005170848766309173 1.596380145575503
  endloop
endfacet
facet normal 0.518653 0.59477 -0.614205
  outer loop
    vertex 2.781857485123061 0.3886094114901927 -0.3846357352368114
    vertex 2.675964119502303 0.3706943181533611 -0.4914035500569637
    vertex 2.667162277828841 0.4853558496076233 -0.3878026890373126
  endloop
endfacet
facet normal 0.549885 -0.351892 -0.757495
  outer loop
    vertex 2.691624910469347 -0.1928970768311125 -0.5738166174020373
    vertex 2.762964408720317 -0.2967295529756835 -0.4737943241836883
    vertex 2.624474377866245 -0.3295458991594089 -0.5590831098409296
  endloop
endfacet
facet normal 0.555144 0.827431 0.0846911
  outer loop
    vertex 2.453702492692551 0.7473953248589309 0.1371764007856513
    vertex 2.575758974356924 0.6644542765153041 0.1474383275020488
    vertex 2.526019999960186 0.7129163157639522 -3.165984433574001e-16
  endloop
endfacet
facet normal 0.527232 0.714047 -0.460611
  outer loop
    vertex 2.29472489672469 0.7675108129894527 -0.3948471547216595
    vertex 2.412768355321985 0.6783597723235889 -0.3979338262753764
    vertex 2.322895187039421 0.6666797136519579 -0.5189125245669421
  endloop
endfacet
facet normal 0.522491 -0.843265 0.126126
  outer loop
    vertex 2.586483318573313 -0.6730691467995193 0.02799558929032546
    vertex 2.670447087129132 -0.6069826162826996 0.1220138532321308
    vertex 2.568345942609199 -0.6618181427731271 0.1783550332885313
  endloop
endfacet
facet normal 0.537362 -0.649702 -0.537708
  outer loop
    vertex 1.034527836513313 -1.241585727304085 -1.133977231269833
    vertex 1.162485436302718 -1.207285310087704 -1.04754656729705
    vertex 1.067456535020084 -1.324102470671608 -1.001366472558903
  endloop
endfacet
facet normal 0.54085 0.799573 0.261085
  outer loop
    vertex 1.506791606072688 1.280978174933449 0.4991929471818667
    vertex 1.638629883106034 1.20622893811103 0.455003396955334
    vertex 1.565272296506743 1.290510663654723 0.3488540726525808
  endloop
endfacet
facet normal 0.542115 -0.394703 -0.741836
  outer loop
    vertex 1.70950610917624 -0.528991120513423 -1.12500086632828
    vertex 1.635670680378938 -0.6663149620130662 -1.105893007521945
    vertex 1.576764646063384 -0.5577479691172865 -1.206704515043007
  endloop
endfacet
facet normal 0.548488 -0.46691 0.693654
  outer loop
    vertex 1.123984446322921 -0.8416418196199381 1.388194775277954
    vertex 0.992312299504637 -0.9061526472419987 1.448887508940499
    vertex 1.073354045587345 -0.9823695339182099 1.333503231072467
  endloop
endfacet
facet normal 0.53243 0.812781 0.236443
  outer loop
    vertex 2.453702492692551 0.7473953248589309 0.1371764007856513
    vertex 2.494259382849877 0.6825943394824577 0.2686048782945557
    vertex 2.575758974356924 0.6644542765153041 0.1474383275020488
  endloop
endfacet
facet normal 0.537682 -0.436963 0.721084
  outer loop
    vertex 2.076061052352478 -0.5853055893252994 0.8171215643964967
    vertex 2.202455693775693 -0.5223223222993464 0.7610410546184019
    vertex 2.122677851372369 -0.4453082971003307 0.8671970718501608
  endloop
endfacet
facet normal 0.548457 -0.684394 0.480417
  outer loop
    vertex 2.014354946136532 -0.8895285520991832 0.5487896393567154
    vertex 2.142976284528435 -0.8260663714952908 0.4923592344665607
    vertex 2.08635286390745 -0.7763786699150015 0.6277862174916089
  endloop
endfacet
facet normal 0.523854 0.433582 -0.733201
  outer loop
    vertex 2.453193074266461 0.4515215598598217 -0.6115948759287477
    vertex 2.567379167696278 0.3453416168570563 -0.5928018207148336
    vertex 2.451013715639845 0.3183690629268545 -0.6918923226335669
  endloop
endfacet
facet normal 0.533913 -0.167494 0.828784
  outer loop
    vertex 1.588312721295641 -0.3413082072337534 1.277045285884341
    vertex 1.712462298630311 -0.2721122292039239 1.211050786207518
    vertex 1.611430647647631 -0.185799822471956 1.29358015012302
  endloop
endfacet
facet normal 0.52613 0.154228 0.836302
  outer loop
    vertex 2.313985865887283 0.07820115224011973 0.8470100542325139
    vertex 2.426144998158676 0.1465337109390857 0.76384740662152
    vertex 2.308202996577731 0.231797663670847 0.8223224561892591
  endloop
endfacet
facet normal 0.552902 0.63367 0.541074
  outer loop
    vertex 2.224896477672565 0.6532274569841815 0.6313534009318545
    vertex 2.352099550167299 0.5758814207184063 0.5919520785628815
    vertex 2.303570931473204 0.6951229583731103 0.5018939394322726
  endloop
endfacet
facet normal 0.530957 -0.738448 -0.415668
  outer loop
    vertex 2.016700246517605 -0.8674642212100239 -0.5803063765545111
    vertex 2.139228346549552 -0.8283526269758272 -0.4932771801557432
    vertex 2.036553217351789 -0.9320633825534236 -0.4401845238976893
  endloop
endfacet
facet normal 0.5348 0.82579 0.179054
  outer loop
    vertex 2.055465086023013 1.009192919871769 0.1373539288765259
    vertex 2.105400155907606 0.9471923594730843 0.2741510853671769
    vertex 2.194866750922684 0.9143503356429109 0.1583978810860564
  endloop
endfacet
facet normal 0.540938 -0.725927 0.424754
  outer loop
    vertex 1.751816011273014 -1.019315449008296 0.6624910930620044
    vertex 1.620769780838459 -1.083048006492455 0.7204603586387692
    vertex 1.676194595925533 -1.124256892706853 0.5794470781781476
  endloop
endfacet
facet normal 0.530612 0.174829 -0.829389
  outer loop
    vertex 2.208760540260469 0.259729556230079 -0.8814776347183741
    vertex 2.306971126142896 0.1461851443032043 -0.8425804899887271
    vertex 2.182773625950716 0.1136487620134497 -0.9288957792932336
  endloop
endfacet
facet normal 0.542145 -0.689848 0.479779
  outer loop
    vertex 2.142976284528435 -0.8260663714952908 0.4923592344665607
    vertex 2.214130595933444 -0.7147480915670452 0.5720141863423941
    vertex 2.08635286390745 -0.7763786699150015 0.6277862174916089
  endloop
endfacet
facet normal 0.537872 0.481374 0.692079
  outer loop
    vertex 1.21535877469141 0.8331438820961308 1.323697715575489
    vertex 1.309165884983952 0.8923907084083751 1.209583431729184
    vertex 1.180766494252578 0.9708781350384599 1.254781387802269
  endloop
endfacet
facet normal 0.525072 0.240364 0.81641
  outer loop
    vertex 2.426144998158676 0.1465337109390857 0.76384740662152
    vertex 2.533955251676439 0.2135006619210539 0.6747933784288752
    vertex 2.414242345863363 0.2969130408569292 0.7272284663640322
  endloop
endfacet
facet normal 0.532635 -0.841115 -0.0939443
  outer loop
    vertex 1.5922477705304 -1.300405562929196 -0.2225577266931579
    vertex 1.699502012349188 -1.243488414252701 -0.1240576277961178
    vertex 1.583004789609766 -1.323610552284467 -0.06720044207082125
  endloop
endfacet
facet normal 0.557725 0.72473 -0.404611
  outer loop
    vertex 2.170696553606061 0.8569843033009609 -0.3950721119535766
    vertex 2.201623566069609 0.7641445016066075 -0.518734198110766
    vertex 2.077628938428682 0.8576285012886681 -0.5222048037219457
  endloop
endfacet
facet normal 0.533125 -0.833291 -0.146298
  outer loop
    vertex 1.479256340240002 -1.356059135632504 -0.3173160277096942
    vertex 1.5922477705304 -1.300405562929196 -0.2225577266931579
    vertex 1.474538698085527 -1.386270247856225 -0.1624299524802176
  endloop
endfacet
facet normal 0.535232 0.612441 -0.581758
  outer loop
    vertex 1.295042105219937 1.10966271491757 -1.027501802683319
    vertex 1.187139791132791 1.093647839656189 -1.143634286517999
    vertex 1.171773600969893 1.208887133450096 -1.036454279463497
  endloop
endfacet
facet normal 0.553239 -0.615561 -0.561259
  outer loop
    vertex 1.731721351125713 -0.8587705415485373 -0.8788118822236245
    vertex 1.768954697361187 -0.9413783919909426 -0.7515104265420425
    vertex 1.640111982461639 -0.9798597545116386 -0.8363076460924749
  endloop
endfacet
facet normal 0.532193 -0.824497 -0.192291
  outer loop
    vertex 1.591754927004548 -1.264954611618124 -0.3759268660967789
    vertex 1.704459847339567 -1.215017527854416 -0.278117914229272
    vertex 1.5922477705304 -1.300405562929196 -0.2225577266931579
  endloop
endfacet
facet normal 0.547164 -0.354492 -0.758253
  outer loop
    vertex 2.816401764345267 -0.1588074253960598 -0.4997134672350578
    vertex 2.762964408720317 -0.2967295529756835 -0.4737943241836883
    vertex 2.691624910469347 -0.1928970768311125 -0.5738166174020373
  endloop
endfacet
facet normal 0.559062 -0.820775 0.117378
  outer loop
    vertex 2.131871094622898 -0.9630599933352957 0.1060252972250377
    vertex 2.254661784570254 -0.8879128782448256 0.046655040512786
    vertex 2.227633981366733 -0.8844559970497431 0.199559319777288
  endloop
endfacet
facet normal 0.555526 -0.394353 0.732036
  outer loop
    vertex 2.332962998803062 -0.4572304876641384 0.7026150947863044
    vertex 2.37653659983162 -0.314462995308483 0.7464579379421659
    vertex 2.250225651441524 -0.379668824877017 0.8071857263009198
  endloop
endfacet
facet normal 0.528354 0.601173 -0.599527
  outer loop
    vertex 2.102798202486357 0.7540430081460004 -0.6380333424819213
    vertex 2.221235648916041 0.6539890060434914 -0.6339848346522717
    vertex 2.11517697072292 0.6378319577082509 -0.7436541916643485
  endloop
endfacet
facet normal 0.534555 -0.589698 -0.605398
  outer loop
    vertex 1.945650267942711 -0.7011911151025778 -0.8342781725451927
    vertex 2.072386131690124 -0.6739296955900005 -0.7489273782772489
    vertex 1.986594520061732 -0.7896834575209482 -0.7119277972812946
  endloop
endfacet
facet normal 0.544772 -0.61721 0.567693
  outer loop
    vertex 1.693716314579406 -0.9677317503236469 0.7965888024677656
    vertex 1.822065943140079 -0.9051320028049558 0.7414814084359866
    vertex 1.758407981145253 -0.8442328923665524 0.8687802933726594
  endloop
endfacet
facet normal 0.529182 -0.828999 -0.180908
  outer loop
    vertex 2.045828011197505 -0.9818811871699135 -0.2933141846360859
    vertex 2.158949245894683 -0.9298140748958147 -0.2010125656938512
    vertex 2.042968103439526 -1.016775495818443 -0.1417792270008114
  endloop
endfacet
facet normal 0.532454 -0.832279 0.154288
  outer loop
    vertex 2.131871094622898 -0.9630599933352957 0.1060252972250377
    vertex 2.227633981366733 -0.8844559970497431 0.199559319777288
    vertex 2.103424231396887 -0.9531685177128522 0.2575542791067258
  endloop
endfacet
facet normal 0.527429 0.0805551 0.845772
  outer loop
    vertex 2.197126376539073 0.009205341831767595 0.926455834323277
    vertex 2.313985865887283 0.07820115224011973 0.8470100542325139
    vertex 2.200303586073755 0.1645110375032619 0.9096824896384317
  endloop
endfacet
facet normal 0.533874 -0.839096 -0.104385
  outer loop
    vertex 1.362493877614591 -1.445656968705194 -0.2581008737696176
    vertex 1.474538698085527 -1.386270247856225 -0.1624299524802176
    vertex 1.354822359168459 -1.469971700553183 -0.1018833936826311
  endloop
endfacet
facet normal 0.524993 0.338679 0.78082
  outer loop
    vertex 2.533955251676439 0.2135006619210539 0.6747933784288752
    vertex 2.634078435790324 0.2783000785916401 0.5793678577824939
    vertex 2.511650648785106 0.3591889514006242 0.6265981576682456
  endloop
endfacet
facet normal 0.541687 -0.0915307 -0.835582
  outer loop
    vertex 2.142093821659566 -0.03518784332146381 -0.9615963948053986
    vertex 2.226521886151702 -0.1600407560662869 -0.8931872336624065
    vertex 2.095734954406443 -0.1812887485535283 -0.9756456097495964
  endloop
endfacet
facet normal 0.555461 0.742403 -0.374567
  outer loop
    vertex 2.041702729130608 0.9474243415024622 -0.3975031692209706
    vertex 2.077628938428682 0.8576285012886681 -0.5222048037219457
    vertex 1.949245197542708 0.9514151719328053 -0.526702188938366
  endloop
endfacet
facet normal 0.555142 -0.235096 0.797839
  outer loop
    vertex 1.684786833319626 -0.4261151103741229 1.18492817490672
    vertex 1.712462298630311 -0.2721122292039239 1.211050786207518
    vertex 1.588312721295641 -0.3413082072337534 1.277045285884341
  endloop
endfacet
facet normal 0.567218 0.493258 -0.659515
  outer loop
    vertex 2.561699125521898 0.4719949937995183 -0.5029616422858979
    vertex 2.567379167696278 0.3453416168570563 -0.5928018207148336
    vertex 2.453193074266461 0.4515215598598217 -0.6115948759287477
  endloop
endfacet
facet normal 0.523439 -0.735956 -0.429395
  outer loop
    vertex 2.576019728408256 -0.5443516312365096 -0.4082748732105166
    vertex 2.701182610586061 -0.5111031559596459 -0.3126851691948333
    vertex 2.58891818926864 -0.6141893757382103 -0.2728541039372378
  endloop
endfacet
facet normal 0.547367 0.716314 0.432763
  outer loop
    vertex 2.171861473199313 0.7713696251217051 0.5422783129683403
    vertex 2.303570931473204 0.6951229583731103 0.5018939394322726
    vertex 2.242031978568044 0.8010478721645903 0.4044016822797992
  endloop
endfacet
facet normal 0.555723 0.328584 0.763679
  outer loop
    vertex 1.616893006124963 0.4396513395587329 1.226914375940953
    vertex 1.597671026676444 0.5883753870171244 1.176911392030158
    vertex 1.494668967703618 0.5250021654469368 1.279132425258994
  endloop
endfacet
facet normal 0.539813 0.647705 0.537662
  outer loop
    vertex 2.171861473199313 0.7713696251217051 0.5422783129683403
    vertex 2.224896477672565 0.6532274569841815 0.6313534009318545
    vertex 2.303570931473204 0.6951229583731103 0.5018939394322726
  endloop
endfacet
facet normal 0.555226 -0.5967 -0.579372
  outer loop
    vertex 2.072386131690124 -0.6739296955900005 -0.7489273782772489
    vertex 2.11140840184878 -0.7559064058340428 -0.6271029031021729
    vertex 1.986594520061732 -0.7896834575209482 -0.7119277972812946
  endloop
endfacet
facet normal 0.554303 -0.662227 -0.504186
  outer loop
    vertex 1.640111982461639 -0.9798597545116386 -0.8363076460924749
    vertex 1.670602134502248 -1.0555366536186 -0.7033881973846914
    vertex 1.543604247127742 -1.094562777045445 -0.7917507727469292
  endloop
endfacet
facet normal 0.535265 0.156827 -0.829998
  outer loop
    vertex 1.739191458776023 0.2974032944314742 -1.187202784772399
    vertex 1.836559856636163 0.1793884714237335 -1.146708613419675
    vertex 1.710904978757281 0.1519451960402219 -1.232928778587732
  endloop
endfacet
facet normal 0.557904 -0.67574 -0.481788
  outer loop
    vertex 2.016700246517605 -0.8674642212100239 -0.5803063765545111
    vertex 2.11140840184878 -0.7559064058340428 -0.6271029031021729
    vertex 2.139228346549552 -0.8283526269758272 -0.4932771801557432
  endloop
endfacet
facet normal 0.553959 -0.418341 0.719806
  outer loop
    vertex 2.122677851372369 -0.4453082971003307 0.8671970718501608
    vertex 2.202455693775693 -0.5223223222993464 0.7610410546184019
    vertex 2.250225651441524 -0.379668824877017 0.8071857263009198
  endloop
endfacet
facet normal 0.536168 -0.753382 -0.380708
  outer loop
    vertex 1.21859891072176 -1.35678809306516 -0.7738557820079902
    vertex 1.341578409532348 -1.310616500070942 -0.6920271617832987
    vertex 1.236128022977455 -1.415457359220585 -0.633068366739266
  endloop
endfacet
facet normal 0.541985 -0.161036 -0.824815
  outer loop
    vertex 1.36394033110314 -0.2129174550901347 -1.452049694671739
    vertex 1.441203043720043 -0.3306808779795639 -1.378288442110411
    vertex 1.307940253708351 -0.3617415909471161 -1.459790983220624
  endloop
endfacet
facet normal 0.529325 -0.792729 -0.302317
  outer loop
    vertex 2.036553217351789 -0.9320633825534236 -0.4401845238976893
    vertex 2.153610290843364 -0.8882645544953454 -0.3500784443115098
    vertex 2.045828011197505 -0.9818811871699135 -0.2933141846360859
  endloop
endfacet
facet normal 0.544582 -0.349802 -0.762279
  outer loop
    vertex 2.563671275338864 -0.223564491697395 -0.6511555088173628
    vertex 2.691624910469347 -0.1928970768311125 -0.5738166174020373
    vertex 2.624474377866245 -0.3295458991594089 -0.5590831098409296
  endloop
endfacet
facet normal 0.530933 0.685731 -0.497879
  outer loop
    vertex 2.077628938428682 0.8576285012886681 -0.5222048037219457
    vertex 2.201623566069609 0.7641445016066075 -0.518734198110766
    vertex 2.102798202486357 0.7540430081460004 -0.6380333424819213
  endloop
endfacet
facet normal 0.55403 -0.506044 -0.661037
  outer loop
    vertex 2.027131522090333 -0.5723186714985711 -0.8646426853402003
    vertex 2.072386131690124 -0.6739296955900005 -0.7489273782772489
    vertex 1.945650267942711 -0.7011911151025778 -0.8342781725451927
  endloop
endfacet
facet normal 0.536226 -0.657009 -0.529907
  outer loop
    vertex 1.513169227186915 -1.015385933651122 -0.9207167103615387
    vertex 1.640111982461639 -0.9798597545116386 -0.8363076460924749
    vertex 1.543604247127742 -1.094562777045445 -0.7917507727469292
  endloop
endfacet
facet normal 0.534423 0.225198 -0.814664
  outer loop
    vertex 1.637386955183429 0.414092413473488 -1.221730594596992
    vertex 1.739191458776023 0.2974032944314742 -1.187202784772399
    vertex 1.613058339087096 0.2691166555824437 -1.2777659204092
  endloop
endfacet
facet normal 0.536406 -0.726656 -0.429232
  outer loop
    vertex 1.44362834739722 -1.204528736207803 -0.7440947830217954
    vertex 1.341578409532348 -1.310616500070942 -0.6920271617832987
    vertex 1.320462836699397 -1.247063909557171 -0.8260045978712145
  endloop
endfacet
facet normal 0.545366 -0.311662 -0.778102
  outer loop
    vertex 1.512949220286083 -0.4453883629199197 -1.296436942520227
    vertex 1.576764646063384 -0.5577479691172865 -1.206704515043007
    vertex 1.445227285971201 -0.5885359950255415 -1.286566247472732
  endloop
endfacet
facet normal 0.557939 -0.772289 0.303766
  outer loop
    vertex 2.445509394462191 -0.7279471532250358 0.2358484302965647
    vertex 2.568345942609199 -0.6618181427731271 0.1783550332885313
    vertex 2.527099422561529 -0.6345941885049829 0.3233278468436071
  endloop
endfacet
facet normal 0.533868 -0.823256 -0.192962
  outer loop
    vertex 1.362493877614591 -1.445656968705194 -0.2581008737696176
    vertex 1.363997974632391 -1.408973973999209 -0.4104444248457974
    vertex 1.479256340240002 -1.356059135632504 -0.3173160277096942
  endloop
endfacet
facet normal 0.538231 0.0100785 -0.842737
  outer loop
    vertex 1.452586301952964 0.08794859510224402 -1.407264262569924
    vertex 1.543084631652418 -0.03088002762221347 -1.350886818536148
    vertex 1.412476445405559 -0.06279117984531753 -1.434683940874968
  endloop
endfacet
facet normal 0.541343 0.81444 0.208891
  outer loop
    vertex 1.166777429715878 1.524634536225773 0.4706151885446501
    vertex 1.298054345244379 1.447385124757841 0.4315955627287563
    vertex 1.218618213212741 1.528870938358237 0.3197517724700235
  endloop
endfacet
facet normal 0.531057 -0.792485 0.29991
  outer loop
    vertex 2.568345942609199 -0.6618181427731271 0.1783550332885313
    vertex 2.643889774968641 -0.5776404186473928 0.2670199941410124
    vertex 2.527099422561529 -0.6345941885049829 0.3233278468436071
  endloop
endfacet
facet normal 0.579718 -0.137745 0.80309
  outer loop
    vertex 2.95533379126592 -0.1440048802584857 0.4095372447220069
    vertex 2.977545992809385 0.008219465775772507 0.4196124650485085
    vertex 2.865529148017113 -0.06007400945690086 0.4887592416002846
  endloop
endfacet
facet normal 0.557439 -0.819415 -0.133492
  outer loop
    vertex 1.704459847339567 -1.215017527854416 -0.278117914229272
    vertex 1.699502012349188 -1.243488414252701 -0.1240576277961178
    vertex 1.5922477705304 -1.300405562929196 -0.2225577266931579
  endloop
endfacet
facet normal 0.531509 -0.844218 0.0692452
  outer loop
    vertex 2.032264175259521 -1.033496055115991 0.01184636263678379
    vertex 2.131871094622898 -0.9630599933352957 0.1060252972250377
    vertex 2.008620690011725 -1.035777653784668 0.1655111434311601
  endloop
endfacet
facet normal 0.552449 0.497478 0.668817
  outer loop
    vertex 1.439820910161671 0.8114866347411809 1.163212594739389
    vertex 1.569442651373412 0.7307933335230369 1.116165054779681
    vertex 1.531342359846048 0.8671868793541827 1.046184293191
  endloop
endfacet
facet normal 0.552757 -0.599289 -0.579062
  outer loop
    vertex 1.603092727983751 -0.8927728825159619 -0.9617741467707177
    vertex 1.640111982461639 -0.9798597545116386 -0.8363076460924749
    vertex 1.513169227186915 -1.015385933651122 -0.9207167103615387
  endloop
endfacet
facet normal 0.557985 0.675142 -0.482531
  outer loop
    vertex 2.077628938428682 0.8576285012886681 -0.5222048037219457
    vertex 2.102798202486357 0.7540430081460004 -0.6380333424819213
    vertex 1.977855457093187 0.8517590641564894 -0.6457924108412655
  endloop
endfacet
facet normal 0.556417 -0.825985 -0.0902696
  outer loop
    vertex 1.5922477705304 -1.300405562929196 -0.2225577266931579
    vertex 1.583004789609766 -1.323610552284467 -0.06720044207082125
    vertex 1.474538698085527 -1.386270247856225 -0.1624299524802176
  endloop
endfacet
facet normal 0.542966 -0.388191 -0.744645
  outer loop
    vertex 1.445227285971201 -0.5885359950255415 -1.286566247472732
    vertex 1.576764646063384 -0.5577479691172865 -1.206704515043007
    vertex 1.505366746414178 -0.6959216048411511 -1.186733715422097
  endloop
endfacet
facet normal 0.554097 0.640378 -0.531877
  outer loop
    vertex 1.274931920868281 1.220201255728332 -0.9153641407052756
    vertex 1.295042105219937 1.10966271491757 -1.027501802683319
    vertex 1.171773600969893 1.208887133450096 -1.036454279463497
  endloop
endfacet
facet normal 0.536268 -0.695069 -0.47885
  outer loop
    vertex 1.418788933788307 -1.133380636060821 -0.8751868598903224
    vertex 1.543604247127742 -1.094562777045445 -0.7917507727469292
    vertex 1.44362834739722 -1.204528736207803 -0.7440947830217954
  endloop
endfacet
facet normal 0.534848 0.193402 -0.822516
  outer loop
    vertex 1.513882849515264 0.3849202939619275 -1.315026243250984
    vertex 1.613058339087096 0.2691166555824437 -1.2777659204092
    vertex 1.487809896857701 0.2373641077007237 -1.366675877984144
  endloop
endfacet
facet normal 0.555942 -0.818865 -0.142789
  outer loop
    vertex 1.362493877614591 -1.445656968705194 -0.2581008737696176
    vertex 1.479256340240002 -1.356059135632504 -0.3173160277096942
    vertex 1.474538698085527 -1.386270247856225 -0.1624299524802176
  endloop
endfacet
facet normal 0.556279 -0.653444 -0.513386
  outer loop
    vertex 1.986594520061732 -0.7896834575209482 -0.7119277972812946
    vertex 2.016700246517605 -0.8674642212100239 -0.5803063765545111
    vertex 1.892544332011572 -0.9054797535425682 -0.6664488664071649
  endloop
endfacet
facet normal 0.556755 -0.808943 -0.188775
  outer loop
    vertex 1.479256340240002 -1.356059135632504 -0.3173160277096942
    vertex 1.591754927004548 -1.264954611618124 -0.3759268660967789
    vertex 1.5922477705304 -1.300405562929196 -0.2225577266931579
  endloop
endfacet
facet normal 0.535811 -0.840928 -0.0758091
  outer loop
    vertex 1.003621184862659 -1.699941687011828 -0.07442532120544612
    vertex 1.011920964356074 -1.680852773214725 -0.2275109193597708
    vertex 1.12432811081758 -1.617396077204633 -0.1369344755433164
  endloop
endfacet
facet normal 0.5458 -0.316803 -0.775718
  outer loop
    vertex 2.037820894267759 -0.3259840216326003 -0.9770069146490054
    vertex 2.102171067661894 -0.4357507088997075 -0.8869010363550014
    vertex 1.970439863971914 -0.4671278768340892 -0.9667735567639151
  endloop
endfacet
facet normal 0.533976 -0.106527 0.838762
  outer loop
    vertex 1.486870115939774 -0.2554442950576356 1.364033135041409
    vertex 1.611430647647631 -0.185799822471956 1.29358015012302
    vertex 1.504305393990809 -0.09799470518703662 1.372930350564047
  endloop
endfacet
facet normal 0.552681 -0.71588 -0.426685
  outer loop
    vertex 1.320462836699397 -1.247063909557171 -0.8260045978712145
    vertex 1.341578409532348 -1.310616500070942 -0.6920271617832987
    vertex 1.21859891072176 -1.35678809306516 -0.7738557820079902
  endloop
endfacet
facet normal 0.554193 0.755807 -0.348749
  outer loop
    vertex 1.910260394804581 1.038176780674995 -0.4006234032588245
    vertex 1.949245197542708 0.9514151719328053 -0.526702188938366
    vertex 1.821955987320451 1.043222410900753 -0.5300120069483581
  endloop
endfacet
facet normal 0.556524 0.770675 -0.310389
  outer loop
    vertex 2.255459191940635 0.8482729389423965 -0.2647232483276314
    vertex 2.29472489672469 0.7675108129894527 -0.3948471547216595
    vertex 2.170696553606061 0.8569843033009609 -0.3950721119535766
  endloop
endfacet
facet normal 0.550937 0.530122 0.644546
  outer loop
    vertex 1.180766494252578 0.9708781350384599 1.254781387802269
    vertex 1.309165884983952 0.8923907084083751 1.209583431729184
    vertex 1.269672731272508 1.025069015414951 1.134216552736872
  endloop
endfacet
facet normal 0.536636 -0.287725 0.793244
  outer loop
    vertex 1.426962564492866 -0.5620218156617677 1.311282462646414
    vertex 1.556847380872021 -0.4942119429160885 1.248010225849111
    vertex 1.460991506200088 -0.410430237055916 1.343246710382305
  endloop
endfacet
facet normal 0.538335 0.0357636 -0.841972
  outer loop
    vertex 1.061878618453579 -0.01078760342538202 -1.663702460833389
    vertex 1.100646752212211 0.1413531567990279 -1.632452788069518
    vertex 1.193165456230057 0.02351948594489474 -1.578303839999299
  endloop
endfacet
facet normal 0.534938 0.00742641 0.844859
  outer loop
    vertex 1.04552923560402 -0.06663739827443774 1.673028238180371
    vertex 1.165587224187224 0.005170848766309173 1.596380145575503
    vertex 1.053625638066433 0.09311487613309542 1.666497612562653
  endloop
endfacet
facet normal 0.554601 -0.749479 -0.361524
  outer loop
    vertex 0.8874123015105875 -1.60128564631527 -0.7705478518974064
    vertex 0.9922608342237369 -1.503618521720647 -0.8121780629770446
    vertex 1.00579138397167 -1.565524520677323 -0.6630834425292799
  endloop
endfacet
facet normal 0.537481 -0.48773 -0.68792
  outer loop
    vertex 2.497987897207657 -0.3597925801588558 -0.6364640607335166
    vertex 2.624474377866245 -0.3295458991594089 -0.5590831098409296
    vertex 2.54726460756442 -0.4571953927148945 -0.5289055543790876
  endloop
endfacet
facet normal 0.517769 0.42362 -0.743277
  outer loop
    vertex 2.789496518116316 0.2626313949461558 -0.4739054535255177
    vertex 2.670402831208397 0.2337074613146371 -0.5733512775939165
    vertex 2.675964119502303 0.3706943181533611 -0.4914035500569637
  endloop
endfacet
facet normal 0.547417 -0.610319 0.572578
  outer loop
    vertex 2.600139743058296 -0.5278195346100705 0.4041564016269543
    vertex 2.665153705333168 -0.4054533174991413 0.4724312061008519
    vertex 2.537422632413503 -0.4676574712697864 0.5282450242848924
  endloop
endfacet
facet normal 0.543761 0.837321 0.0567194
  outer loop
    vertex 1.99309999997156 1.058997368402824 -4.702893045677148e-16
    vertex 2.055465086023013 1.009192919871769 0.1373539288765259
    vertex 2.126329999968716 0.9724771052431059 -4.318665892651362e-16
  endloop
endfacet
facet normal 0.543765 0.837328 -0.0565744
  outer loop
    vertex 2.126329999968716 0.9724771052431059 -4.318665892651362e-16
    vertex 2.057454113972959 1.007960424578625 -0.1368310885545465
    vertex 1.99309999997156 1.058997368402824 -4.702893045677148e-16
  endloop
endfacet
facet normal 0.535111 -0.199447 0.8209
  outer loop
    vertex 1.460991506200088 -0.410430237055916 1.343246710382305
    vertex 1.588312721295641 -0.3413082072337534 1.277045285884341
    vertex 1.486870115939774 -0.2554442950576356 1.364033135041409
  endloop
endfacet
facet normal 0.55831 -0.720515 -0.411276
  outer loop
    vertex 2.016700246517605 -0.8674642212100239 -0.5803063765545111
    vertex 2.036553217351789 -0.9320633825534236 -0.4401845238976893
    vertex 1.916142953417074 -0.9746733908039938 -0.5289937645774265
  endloop
endfacet
facet normal 0.549027 -0.41081 -0.727877
  outer loop
    vertex 1.970439863971914 -0.4671278768340892 -0.9667735567639151
    vertex 2.027131522090333 -0.5723186714985711 -0.8646426853402003
    vertex 1.897781833573159 -0.6028527046690311 -0.9449760809223282
  endloop
endfacet
facet normal 0.542692 -0.684833 0.486301
  outer loop
    vertex 2.014354946136532 -0.8895285520991832 0.5487896393567154
    vertex 2.08635286390745 -0.7763786699150015 0.6277862174916089
    vertex 1.955855078675063 -0.839691470498288 0.684256321930426
  endloop
endfacet
facet normal 0.534171 0.751474 -0.387232
  outer loop
    vertex 2.041702729130608 0.9474243415024622 -0.3975031692209706
    vertex 2.170696553606061 0.8569843033009609 -0.3950721119535766
    vertex 2.077628938428682 0.8576285012886681 -0.5222048037219457
  endloop
endfacet
facet normal 0.547144 0.722875 0.422001
  outer loop
    vertex 2.039765151663043 0.8478244614493728 0.5825826159630644
    vertex 2.171861473199313 0.7713696251217051 0.5422783129683403
    vertex 2.107950520823501 0.8867110167485918 0.4275654381786124
  endloop
endfacet
facet normal 0.565044 -0.814892 0.129136
  outer loop
    vertex 2.476812604475763 -0.7398010273900707 0.08676706611610789
    vertex 2.586483318573313 -0.6730691467995193 0.02799558929032546
    vertex 2.568345942609199 -0.6618181427731271 0.1783550332885313
  endloop
endfacet
facet normal 0.554316 0.149587 -0.818754
  outer loop
    vertex 1.739191458776023 0.2974032944314742 -1.187202784772399
    vertex 1.710904978757281 0.1519451960402219 -1.232928778587732
    vertex 1.613058339087096 0.2691166555824437 -1.2777659204092
  endloop
endfacet
facet normal 0.538844 -0.445566 0.714925
  outer loop
    vertex 1.339225385933974 -0.8506606361133141 1.215535071363817
    vertex 1.470865555014286 -0.7797272118081212 1.16052514014388
    vertex 1.386208074129962 -0.7090149902741421 1.268402291550167
  endloop
endfacet
facet normal 0.535869 0.763758 -0.359887
  outer loop
    vertex 1.910260394804581 1.038176780674995 -0.4006234032588245
    vertex 2.041702729130608 0.9474243415024622 -0.3975031692209706
    vertex 1.949245197542708 0.9514151719328053 -0.526702188938366
  endloop
endfacet
facet normal 0.539986 -0.738995 0.402867
  outer loop
    vertex 1.933922060512465 -0.9944283594935762 0.4641767853745239
    vertex 2.014354946136532 -0.8895285520991832 0.5487896393567154
    vertex 1.884154822378447 -0.9535648793802367 0.6058400526977168
  endloop
endfacet
facet normal 0.56508 0.419258 -0.710568
  outer loop
    vertex 2.453193074266461 0.4515215598598217 -0.6115948759287477
    vertex 2.451013715639845 0.3183690629268545 -0.6918923226335669
    vertex 2.340297084399348 0.4273537058434825 -0.7156353775514748
  endloop
endfacet
facet normal 0.538919 0.54494 0.642344
  outer loop
    vertex 1.180766494252578 0.9708781350384599 1.254781387802269
    vertex 1.269672731272508 1.025069015414951 1.134216552736872
    vertex 1.138782644889437 1.104126798660332 1.176962236205055
  endloop
endfacet
facet normal 0.546619 -0.709289 0.445103
  outer loop
    vertex 1.007974233471428 -1.471815940054385 0.8482254331199968
    vertex 1.139031027086371 -1.404091812748856 0.7951991496713204
    vertex 1.08389501111117 -1.359062330565093 0.9346665056008573
  endloop
endfacet
facet normal 0.561045 -0.791974 -0.240843
  outer loop
    vertex 2.045828011197505 -0.9818811871699135 -0.2933141846360859
    vertex 2.153610290843364 -0.8882645544953454 -0.3500784443115098
    vertex 2.158949245894683 -0.9298140748958147 -0.2010125656938512
  endloop
endfacet
facet normal 0.534683 0.282936 -0.796279
  outer loop
    vertex 1.513882849515264 0.3849202939619275 -1.315026243250984
    vertex 1.532360737369078 0.5216094968546789 -1.254049953599035
    vertex 1.637386955183429 0.414092413473488 -1.221730594596992
  endloop
endfacet
facet normal 0.554772 0.580967 -0.595572
  outer loop
    vertex 1.308642876709107 0.9902464166812065 -1.13132067761833
    vertex 1.187139791132791 1.093647839656189 -1.143634286517999
    vertex 1.295042105219937 1.10966271491757 -1.027501802683319
  endloop
endfacet
facet normal 0.540598 -0.456593 0.706595
  outer loop
    vertex 1.203680650772079 -0.9174202225278059 1.276097671421888
    vertex 1.339225385933974 -0.8506606361133141 1.215535071363817
    vertex 1.25539551908355 -0.7753230158290504 1.328353456228277
  endloop
endfacet
facet normal 0.548276 0.816383 -0.181417
  outer loop
    vertex 1.116343555840915 1.575665753349869 -0.4109239967935779
    vertex 1.190717936505467 1.556076977038556 -0.2743007770569058
    vertex 1.253283955602863 1.484181807217464 -0.4087457726036769
  endloop
endfacet
facet normal 0.552638 -0.394848 0.733953
  outer loop
    vertex 1.776986893566698 -0.4994074374881065 1.090419323390458
    vertex 1.648489826750907 -0.5700315953454919 1.14917869452913
    vertex 1.7359566518163 -0.6400157753033623 1.045669848522991
  endloop
endfacet
facet normal 0.545954 -0.745424 0.382461
  outer loop
    vertex 1.055373358394156 -1.511675543073875 0.7049356241654837
    vertex 1.19207910741084 -1.435033114689109 0.659169028304622
    vertex 1.139031027086371 -1.404091812748856 0.7951991496713204
  endloop
endfacet
facet normal 0.558725 0.164469 -0.812881
  outer loop
    vertex 2.208760540260469 0.259729556230079 -0.8814776347183741
    vertex 2.182773625950716 0.1136487620134497 -0.9288957792932336
    vertex 2.086893311646689 0.2290705688546045 -0.9714449693750746
  endloop
endfacet
facet normal 0.548957 -0.13314 -0.825179
  outer loop
    vertex 1.756391899241636 -0.1192634163268863 -1.206838186068438
    vertex 1.704876906861239 -0.2663002990674087 -1.217384991310588
    vertex 1.626039893244814 -0.1484431617720379 -1.288847819361793
  endloop
endfacet
facet normal 0.555199 0.217152 -0.802869
  outer loop
    vertex 1.513882849515264 0.3849202939619275 -1.315026243250984
    vertex 1.637386955183429 0.414092413473488 -1.221730594596992
    vertex 1.613058339087096 0.2691166555824437 -1.2777659204092
  endloop
endfacet
facet normal 0.553739 -0.575654 -0.601661
  outer loop
    vertex 1.945650267942711 -0.7011911151025778 -0.8342781725451927
    vertex 1.986594520061732 -0.7896834575209482 -0.7119277972812946
    vertex 1.85949944800742 -0.8245099870890795 -0.7955785909484245
  endloop
endfacet
facet normal 0.555172 -0.169121 0.81436
  outer loop
    vertex 1.486870115939774 -0.2554442950576356 1.364033135041409
    vertex 1.588312721295641 -0.3413082072337534 1.277045285884341
    vertex 1.611430647647631 -0.185799822471956 1.29358015012302
  endloop
endfacet
facet normal 0.552941 0.76673 -0.326161
  outer loop
    vertex 1.779041390447387 1.128137068420692 -0.4031504640171013
    vertex 1.821955987320451 1.043222410900753 -0.5300120069483581
    vertex 1.692728943754428 1.135055935960168 -0.5332112976010736
  endloop
endfacet
facet normal 0.564783 -0.782611 0.2618
  outer loop
    vertex 2.670447087129132 -0.6069826162826996 0.1220138532321308
    vertex 2.643889774968641 -0.5776404186473928 0.2670199941410124
    vertex 2.568345942609199 -0.6618181427731271 0.1783550332885313
  endloop
endfacet
facet normal 0.539514 -0.0624027 -0.839661
  outer loop
    vertex 1.626039893244814 -0.1484431617720379 -1.288847819361793
    vertex 1.495781650682784 -0.1797817281973121 -1.370214540115837
    vertex 1.543084631652418 -0.03088002762221347 -1.350886818536148
  endloop
endfacet
facet normal 0.552285 0.587303 0.591656
  outer loop
    vertex 1.87796092514108 0.7613002460220137 0.8401516156849909
    vertex 2.008743342887362 0.6816991843587427 0.7970874603342214
    vertex 1.962692460423168 0.808129995437025 0.7145732476919133
  endloop
endfacet
facet normal 0.53447 0.308621 0.786826
  outer loop
    vertex 1.388550409910565 0.4588101742457013 1.377178791677326
    vertex 1.494668967703618 0.5250021654469368 1.279132425258994
    vertex 1.370337027494838 0.6096887944524662 1.330370706716314
  endloop
endfacet
facet normal 0.560906 -0.441639 0.700243
  outer loop
    vertex 2.792283018562291 -0.3435948096687841 0.4165892627016084
    vertex 2.833280091868352 -0.207537074969428 0.4695608393128939
    vertex 2.713889640023923 -0.2715460945880151 0.5248243852749155
  endloop
endfacet
facet normal 0.55958 -0.773466 -0.297693
  outer loop
    vertex 2.036553217351789 -0.9320633825534236 -0.4401845238976893
    vertex 2.045828011197505 -0.9818811871699135 -0.2933141846360859
    vertex 1.929929612993525 -1.030595807219661 -0.3846004328084108
  endloop
endfacet
facet normal 0.542549 -0.732575 0.411065
  outer loop
    vertex 2.728453989930442 -0.4653417864823079 0.3486351871899952
    vertex 2.782758486210017 -0.507605691210214 0.2016404642780735
    vertex 2.851226574662691 -0.4003774080902801 0.3023679264495987
  endloop
endfacet
facet normal 0.529869 -0.250999 0.810085
  outer loop
    vertex 2.37653659983162 -0.314462995308483 0.7464579379421659
    vertex 2.498587966243194 -0.2506611783915154 0.6863938440011454
    vertex 2.404543560587395 -0.1652863293256582 0.7743601329181845
  endloop
endfacet
facet normal 0.535866 -0.739869 -0.406746
  outer loop
    vertex 0.6608000000000001 -1.645891909400849 -0.9967875714357737
    vertex 0.7736651675640308 -1.626690890182661 -0.8830204988178079
    vertex 0.6608000000000001 -1.72352856905268 -0.8555670117876329
  endloop
endfacet
facet normal 0.536427 -0.817432 -0.209881
  outer loop
    vertex 0.6608000000000001 -1.842074177151205 -0.5561549836805478
    vertex 0.7787454439543571 -1.793253022852117 -0.4448483771453328
    vertex 0.6608000000000001 -1.88215161333199 -0.400063675471527
  endloop
endfacet
facet normal 0.536844 -0.615017 0.57754
  outer loop
    vertex 0.6608000000000001 -1.456609886085105 1.257311926197766
    vertex 0.7866596791257421 -1.334769018059242 1.270068052531522
    vertex 0.6608000000000001 -1.346292199815812 1.374788330149445
  endloop
endfacet
facet normal 0.536601 -0.817325 0.209854
  outer loop
    vertex 0.6608000000000001 -1.882151613331987 0.40006367547154
    vertex 0.780120876774179 -1.792818749072391 0.4428855400367043
    vertex 0.6608000000000001 -1.842074177151201 0.5561549836805597
  endloop
endfacet
facet normal 0.536103 -0.739736 0.406674
  outer loop
    vertex 0.6608000000000001 -1.723528569052674 0.8555670117876448
    vertex 0.7786130242753933 -1.619144493502699 0.890132217875425
    vertex 0.6608000000000001 -1.645891909400842 0.9967875714357844
  endloop
endfacet
facet normal 0.536183 -0.844102 3.48911e-15
  outer loop
    vertex 0.6608000000000001 -1.922512149676223 -0.08057713290571897
    vertex 0.7689943541049258 -1.853785847502154 0.02375294987171014
    vertex 0.6608000000000001 -1.922512149676223 0.0805771329057331
  endloop
endfacet
facet normal 0.536327 -0.452243 0.712621
  outer loop
    vertex 0.6608000000000001 -1.098167046938378 1.580055308215077
    vertex 0.7806964319276439 -0.9830671544606951 1.562864450971507
    vertex 0.6608000000000001 -0.9620999999999944 1.66640608196202
  endloop
endfacet
facet normal 0.536846 -0.615017 -0.577539
  outer loop
    vertex 0.6608000000000001 -1.346292199815819 -1.374788330149438
    vertex 0.7816015779623453 -1.331848904310709 -1.277878939429624
    vertex 0.6608000000000001 -1.456609886085112 -1.257311926197758
  endloop
endfacet
facet normal 0.53687 -0.452058 -0.71233
  outer loop
    vertex 0.6608000000000001 -0.9621 -1.666406081962017
    vertex 0.7897363441500613 -0.9898558957499987 -1.551614637676243
    vertex 0.6608000000000001 -1.098167046938385 -1.580055308215072
  endloop
endfacet
facet normal 0.545741 -0.669364 0.504101
  outer loop
    vertex 0.9513321626793224 -1.42541214680368 0.9900776629781516
    vertex 1.08389501111117 -1.359062330565093 0.9346665056008573
    vertex 1.020149328141523 -1.308023244675469 1.071449385507036
  endloop
endfacet
facet normal 0.536919 0.773722 -0.336262
  outer loop
    vertex 1.779041390447387 1.128137068420692 -0.4031504640171013
    vertex 1.910260394804581 1.038176780674995 -0.4006234032588245
    vertex 1.821955987320451 1.043222410900753 -0.5300120069483581
  endloop
endfacet
facet normal 0.543227 0.8365 0.0719201
  outer loop
    vertex 2.126329999968716 0.9724771052431059 -4.318665892651362e-16
    vertex 2.194866750922684 0.9143503356429109 0.1583978810860564
    vertex 2.259559999965873 0.8859568420833879 -3.934438739625574e-16
  endloop
endfacet
facet normal 0.538865 0.776694 -0.326146
  outer loop
    vertex 1.169741089313187 1.498677100792804 -0.542049703806851
    vertex 1.301269456955459 1.408410894762172 -0.539698556397102
    vertex 1.212179077030873 1.414923326363823 -0.6713865771227064
  endloop
endfacet
facet normal 0.556643 0.698053 -0.450411
  outer loop
    vertex 1.949245197542708 0.9514151719328053 -0.526702188938366
    vertex 1.977855457093187 0.8517590641564894 -0.6457924108412655
    vertex 1.853708442437761 0.9471308826622797 -0.6514115252551334
  endloop
endfacet
facet normal 0.544083 0.730882 0.41205
  outer loop
    vertex 0.9105114336872089 1.568797403976296 0.8022754235703671
    vertex 0.9740799258678446 1.463721263502516 0.9047185505720142
    vertex 1.045225027239366 1.490292902388006 0.763644344846086
  endloop
endfacet
facet normal 0.536903 -0.610553 -0.582203
  outer loop
    vertex 1.731721351125713 -0.8587705415485373 -0.8788118822236245
    vertex 1.640111982461639 -0.9798597545116386 -0.8363076460924749
    vertex 1.603092727983751 -0.8927728825159619 -0.9617741467707177
  endloop
endfacet
facet normal 0.548979 -0.534712 0.642421
  outer loop
    vertex 2.019081177074083 -0.7175593964559159 0.7557335134554367
    vertex 2.076061052352478 -0.5853055893252994 0.8171215643964967
    vertex 1.943114009453181 -0.6509009346657449 0.8761333825769503
  endloop
endfacet
facet normal 0.53843 -0.755561 0.373122
  outer loop
    vertex 2.142976284528435 -0.8260663714952908 0.4923592344665607
    vertex 2.192261393736916 -0.8613239842194794 0.3498433991463038
    vertex 2.271648451490427 -0.7621195836155195 0.4361706459968898
  endloop
endfacet
facet normal 0.537687 0.72538 0.429788
  outer loop
    vertex 2.171861473199313 0.7713696251217051 0.5422783129683403
    vertex 2.242031978568044 0.8010478721645903 0.4044016822797992
    vertex 2.107950520823501 0.8867110167485918 0.4275654381786124
  endloop
endfacet
facet normal 0.55395 -0.825353 -0.109231
  outer loop
    vertex 1.011920964356074 -1.680852773214725 -0.2275109193597708
    vertex 1.131084325732165 -1.592596407344351 -0.2900578551470432
    vertex 1.12432811081758 -1.617396077204633 -0.1369344755433164
  endloop
endfacet
facet normal 0.558064 -0.366878 0.744288
  outer loop
    vertex 2.457242151259474 -0.3967363305658141 0.6453907922925372
    vertex 2.498587966243194 -0.2506611783915154 0.6863938440011454
    vertex 2.37653659983162 -0.314462995308483 0.7464579379421659
  endloop
endfacet
facet normal 0.53309 0.707494 -0.463969
  outer loop
    vertex 2.077628938428682 0.8576285012886681 -0.5222048037219457
    vertex 1.977855457093187 0.8517590641564894 -0.6457924108412655
    vertex 1.949245197542708 0.9514151719328053 -0.526702188938366
  endloop
endfacet
facet normal 0.520826 0.509314 -0.685084
  outer loop
    vertex 2.675964119502303 0.3706943181533611 -0.4914035500569637
    vertex 2.567379167696278 0.3453416168570563 -0.5928018207148336
    vertex 2.561699125521898 0.4719949937995183 -0.5029616422858979
  endloop
endfacet
facet normal 0.553188 0.777701 0.298604
  outer loop
    vertex 0.7746970792410597 1.723070749885038 0.6740885728493528
    vertex 0.8737381365761081 1.63974105126882 0.7076357058914864
    vertex 0.8964015509102644 1.680570217495939 0.5593121147138373
  endloop
endfacet
facet normal 0.560992 0.297982 -0.772331
  outer loop
    vertex 2.225633709334077 0.4003036396059757 -0.8149850140268224
    vertex 2.208760540260469 0.259729556230079 -0.8814776347183741
    vertex 2.106722133921045 0.3721162925274739 -0.9122331422212386
  endloop
endfacet
facet normal 0.544754 0.697667 0.4653
  outer loop
    vertex 0.77856948298953 1.495514838811224 1.085128616464128
    vertex 0.9105736880392747 1.424769953730281 1.036657734408737
    vertex 0.8451643280045396 1.540208855373742 0.9401483364480719
  endloop
endfacet
facet normal 0.551726 0.514992 0.656035
  outer loop
    vertex 1.401218804903886 0.9466299109453687 1.089588626282223
    vertex 1.309165884983952 0.8923907084083751 1.209583431729184
    vertex 1.439820910161671 0.8114866347411809 1.163212594739389
  endloop
endfacet
facet normal 0.568808 -0.820466 -0.0573914
  outer loop
    vertex 2.490477552170852 -0.733124526583891 -0.0649703288436404
    vertex 2.597661911463204 -0.654648735185671 -0.124550819181258
    vertex 2.586483318573313 -0.6730691467995193 0.02799558929032546
  endloop
endfacet
facet normal 0.542955 0.717318 0.436639
  outer loop
    vertex 2.303570931473204 0.6951229583731103 0.5018939394322726
    vertex 2.384485700842541 0.717802630786366 0.3640189580762819
    vertex 2.242031978568044 0.8010478721645903 0.4044016822797992
  endloop
endfacet
facet normal 0.552439 -0.437694 0.709391
  outer loop
    vertex 2.076061052352478 -0.5853055893252994 0.8171215643964967
    vertex 2.122677851372369 -0.4453082971003307 0.8671970718501608
    vertex 1.994376609290122 -0.5106001290134801 0.9268266969831739
  endloop
endfacet
facet normal 0.536154 0.389643 0.748811
  outer loop
    vertex 1.473722316049074 0.6725408383980906 1.223641183019311
    vertex 1.34438486862498 0.7538994117052247 1.27391281653291
    vertex 1.370337027494838 0.6096887944524662 1.330370706716314
  endloop
endfacet
facet normal 0.557173 -0.815262 0.157818
  outer loop
    vertex 2.131871094622898 -0.9630599933352957 0.1060252972250377
    vertex 2.103424231396887 -0.9531685177128522 0.2575542791067258
    vertex 2.008620690011725 -1.035777653784668 0.1655111434311601
  endloop
endfacet
facet normal 0.554009 -0.175173 -0.813872
  outer loop
    vertex 2.616225452991432 -0.08014542194599023 -0.6494096254785006
    vertex 2.743682534575487 -0.04816333180916216 -0.5695322468341799
    vertex 2.691624910469347 -0.1928970768311125 -0.5738166174020373
  endloop
endfacet
facet normal 0.55309 0.0482049 -0.831726
  outer loop
    vertex 1.710904978757281 0.1519451960402219 -1.232928778587732
    vertex 1.672682457161303 0.00129882716118699 -1.267077541309389
    vertex 1.581076418413574 0.1204195274776657 -1.32109078763855
  endloop
endfacet
facet normal 0.544899 -0.311469 -0.778506
  outer loop
    vertex 1.380286262425174 -0.4765984361499676 -1.376804894806632
    vertex 1.512949220286083 -0.4453883629199197 -1.296436942520227
    vertex 1.445227285971201 -0.5885359950255415 -1.286566247472732
  endloop
endfacet
facet normal 0.560066 -0.809569 -0.175851
  outer loop
    vertex 2.045828011197505 -0.9818811871699135 -0.2933141846360859
    vertex 2.042968103439526 -1.016775495818443 -0.1417792270008114
    vertex 1.933696323846843 -1.072119538541216 -0.2350091929173009
  endloop
endfacet
facet normal 0.53592 -0.260893 0.802947
  outer loop
    vertex 0.6608000000000001 -0.6707223334566305 1.8035180041803
    vertex 0.7756086562077983 -0.5663784498213643 1.760793400919007
    vertex 0.6608000000000001 -0.5174555188278883 1.853317411032055
  endloop
endfacet
facet normal 0.5356 -0.260956 -0.803141
  outer loop
    vertex 0.6608000000000001 -0.5174555188278936 -1.853317411032054
    vertex 0.771593130772009 -0.5775124260683493 -1.759917834926162
    vertex 0.6608000000000001 -0.6707223334566365 -1.803518004180298
  endloop
endfacet
facet normal 0.553047 -0.808702 0.20035
  outer loop
    vertex 1.411218857926799 -1.403692882366807 0.307007021687933
    vertex 1.538823877508863 -1.331266027841081 0.2471129982247821
    vertex 1.504062127302313 -1.317061318438148 0.4004061802337747
  endloop
endfacet
facet normal 0.555808 -0.325089 0.765111
  outer loop
    vertex 2.122677851372369 -0.4453082971003307 0.8671970718501608
    vertex 2.159064874988506 -0.2982045596394381 0.903267095651928
    vertex 2.033237482369432 -0.3649775667822193 0.9663020420186824
  endloop
endfacet
facet normal 0.535359 0.826168 0.175607
  outer loop
    vertex 0.6608000000000001 1.863747718643712 0.4785290808826123
    vertex 0.768978133611173 1.812607338183928 0.3893325907974114
    vertex 0.6608000000000001 1.897253574531066 0.3208964224311229
  endloop
endfacet
facet normal 0.535942 0.825806 -0.17553
  outer loop
    vertex 0.6608000000000001 1.897253574531065 -0.320896422431124
    vertex 0.7763482454157653 1.809244202932204 -0.3821476843868934
    vertex 0.6608000000000001 1.863747718643712 -0.4785290808826138
  endloop
endfacet
facet normal 0.55293 -0.64555 -0.526814
  outer loop
    vertex 1.513169227186915 -1.015385933651122 -0.9207167103615387
    vertex 1.543604247127742 -1.094562777045445 -0.7917507727469292
    vertex 1.418788933788307 -1.133380636060821 -0.8751868598903224
  endloop
endfacet
facet normal 0.542351 0.83515 0.091544
  outer loop
    vertex 2.526019999960186 0.7129163157639522 -3.165984433574001e-16
    vertex 2.575758974356924 0.6644542765153041 0.1474383275020488
    vertex 2.659249999957342 0.6263960526042343 -2.781757280548215e-16
  endloop
endfacet
facet normal 0.549699 -0.0815503 -0.831373
  outer loop
    vertex 1.280075101041509 -0.09488120409713548 -1.519079249759013
    vertex 1.412476445405559 -0.06279117984531753 -1.434683940874968
    vertex 1.36394033110314 -0.2129174550901347 -1.452049694671739
  endloop
endfacet
facet normal 0.544923 -0.617783 0.566925
  outer loop
    vertex 1.428992094487362 -1.093152022563084 0.9146529380956869
    vertex 1.49406216374245 -0.9740164159377145 0.9819312272939571
    vertex 1.360280566796048 -1.037686733470844 1.041138772266874
  endloop
endfacet
facet normal 0.533129 0.487593 -0.691395
  outer loop
    vertex 1.427612164990871 0.8859290738036425 -1.117701389597473
    vertex 1.543173966069621 0.7831857642167634 -1.101050431361895
    vertex 1.42951006684113 0.7553175872202004 -1.208349249183672
  endloop
endfacet
facet normal 0.555566 0.03071 -0.830905
  outer loop
    vertex 2.182773625950716 0.1136487620134497 -0.9288957792932336
    vertex 2.142093821659566 -0.03518784332146381 -0.9615963948053986
    vertex 2.05634764425336 0.08241711548686183 -1.014582042073806
  endloop
endfacet
facet normal 0.534337 0.725194 -0.434256
  outer loop
    vertex 1.949245197542708 0.9514151719328053 -0.526702188938366
    vertex 1.853708442437761 0.9471308826622797 -0.6514115252551334
    vertex 1.821955987320451 1.043222410900753 -0.5300120069483581
  endloop
endfacet
facet normal 0.551899 0.479861 0.682013
  outer loop
    vertex 1.084993003512986 0.9171509716038018 1.370085493248624
    vertex 1.21535877469141 0.8331438820961308 1.323697715575489
    vertex 1.180766494252578 0.9708781350384599 1.254781387802269
  endloop
endfacet
facet normal 0.563072 0.151769 0.812352
  outer loop
    vertex 2.313985865887283 0.07820115224011973 0.8470100542325139
    vertex 2.308202996577731 0.231797663670847 0.8223224561892591
    vertex 2.200303586073755 0.1645110375032619 0.9096824896384317
  endloop
endfacet
facet normal 0.554706 -0.831963 -0.0117744
  outer loop
    vertex 1.232286359524912 -1.552534441849731 -0.04092531491183307
    vertex 1.354822359168459 -1.469971700553183 -0.1018833936826311
    vertex 1.338734255392738 -1.482920759338966 0.05515011295521133
  endloop
endfacet
facet normal 0.555654 0.272617 0.785448
  outer loop
    vertex 1.509479399097992 0.3727547758879327 1.321497726435753
    vertex 1.494668967703618 0.5250021654469368 1.279132425258994
    vertex 1.388550409910565 0.4588101742457013 1.377178791677326
  endloop
endfacet
facet normal 0.535357 -0.777381 0.33026
  outer loop
    vertex 2.401322846207038 -0.697464450692954 0.3792269679310608
    vertex 2.445509394462191 -0.7279471532250358 0.2358484302965647
    vertex 2.527099422561529 -0.6345941885049829 0.3233278468436071
  endloop
endfacet
facet normal 0.5425 0.795384 0.270292
  outer loop
    vertex 1.375931940554404 1.357108913158444 0.53781124980988
    vertex 1.506791606072688 1.280978174933449 0.4991929471818667
    vertex 1.427537060908222 1.370750893251065 0.39409114930568
  endloop
endfacet
facet normal 0.531466 -0.818105 0.219655
  outer loop
    vertex 2.445509394462191 -0.7279471532250358 0.2358484302965647
    vertex 2.319937953828757 -0.7934928776590113 0.2955497799684069
    vertex 2.353265549549808 -0.8122623117194678 0.1450051380925214
  endloop
endfacet
facet normal 0.547485 0.764654 0.339949
  outer loop
    vertex 1.579289637144211 1.183055186204487 0.6026956589208782
    vertex 1.638629883106034 1.20622893811103 0.455003396955334
    vertex 1.506791606072688 1.280978174933449 0.4991929471818667
  endloop
endfacet
facet normal 0.548587 0.638451 0.539845
  outer loop
    vertex 1.222504712939607 1.152467117976513 1.050537482291677
    vertex 1.354228223574281 1.074810943521659 1.008521524125208
    vertex 1.302830479845696 1.194865294973762 0.9187686033285625
  endloop
endfacet
facet normal 0.551463 0.00500174 -0.834184
  outer loop
    vertex 1.323614994805636 0.05594074566727787 -1.492716609862541
    vertex 1.452586301952964 0.08794859510224402 -1.407264262569924
    vertex 1.412476445405559 -0.06279117984531753 -1.434683940874968
  endloop
endfacet
facet normal 0.549789 0.591169 0.590128
  outer loop
    vertex 1.138782644889437 1.104126798660332 1.176962236205055
    vertex 1.269672731272508 1.025069015414951 1.134216552736872
    vertex 1.222504712939607 1.152467117976513 1.050537482291677
  endloop
endfacet
facet normal 0.548008 -0.163536 -0.820331
  outer loop
    vertex 1.231651738609634 -0.2445565850799201 -1.534115525546011
    vertex 1.36394033110314 -0.2129174550901347 -1.452049694671739
    vertex 1.307940253708351 -0.3617415909471161 -1.459790983220624
  endloop
endfacet
facet normal 0.54976 -0.445971 0.70631
  outer loop
    vertex 1.25539551908355 -0.7753230158290504 1.328353456228277
    vertex 1.339225385933974 -0.8506606361133141 1.215535071363817
    vertex 1.386208074129962 -0.7090149902741421 1.268402291550167
  endloop
endfacet
facet normal 0.552772 -0.684021 -0.475981
  outer loop
    vertex 1.418788933788307 -1.133380636060821 -0.8751868598903224
    vertex 1.44362834739722 -1.204528736207803 -0.7440947830217954
    vertex 1.320462836699397 -1.247063909557171 -0.8260045978712145
  endloop
endfacet
facet normal 0.538947 -0.500408 -0.67759
  outer loop
    vertex 2.027131522090333 -0.5723186714985711 -0.8646426853402003
    vertex 1.945650267942711 -0.7011911151025778 -0.8342781725451927
    vertex 1.897781833573159 -0.6028527046690311 -0.9449760809223282
  endloop
endfacet
facet normal 0.550294 0.807668 0.211776
  outer loop
    vertex 1.166777429715878 1.524634536225773 0.4706151885446501
    vertex 1.218618213212741 1.528870938358237 0.3197517724700235
    vertex 1.08437031114493 1.606533368567155 0.3724033915702438
  endloop
endfacet
facet normal 0.554205 0.324157 -0.766668
  outer loop
    vertex 1.299729063812907 0.5944352671769398 -1.387285503947742
    vertex 1.426937236942536 0.6261097505634309 -1.281937490394255
    vertex 1.408932118524467 0.4930254101282146 -1.351222685106046
  endloop
endfacet
facet normal 0.532267 0.615327 -0.581433
  outer loop
    vertex 1.751230315296391 0.9375478769916431 -0.7744852097033056
    vertex 1.874184402808214 0.8387222988111247 -0.7665147393944216
    vertex 1.76631443415224 0.8229332999065314 -0.8819725595995992
  endloop
endfacet
facet normal 0.550643 0.543503 0.633559
  outer loop
    vertex 1.050030206914537 1.051555720021875 1.299197834913437
    vertex 1.180766494252578 0.9708781350384599 1.254781387802269
    vertex 1.138782644889437 1.104126798660332 1.176962236205055
  endloop
endfacet
facet normal 0.539591 0.799228 -0.264719
  outer loop
    vertex 1.253283955602863 1.484181807217464 -0.4087457726036769
    vertex 1.384497820702148 1.39565475788179 -0.4085626756189422
    vertex 1.301269456955459 1.408410894762172 -0.539698556397102
  endloop
endfacet
facet normal 0.553937 -0.829036 0.0765105
  outer loop
    vertex 1.214472905744521 -1.560349166952218 0.1158220877570961
    vertex 1.338734255392738 -1.482920759338966 0.05515011295521133
    vertex 1.315024948338697 -1.484301525514293 0.2118443760667951
  endloop
endfacet
facet normal 0.563763 0.237269 0.791122
  outer loop
    vertex 2.426144998158676 0.1465337109390857 0.76384740662152
    vertex 2.414242345863363 0.2969130408569292 0.7272284663640322
    vertex 2.308202996577731 0.231797663670847 0.8223224561892591
  endloop
endfacet
facet normal 0.5327 0.357818 0.76694
  outer loop
    vertex 1.843811297701782 0.4206453162945529 1.076693652570064
    vertex 1.946340631267308 0.4846015346280196 0.9756400063557841
    vertex 1.820108049430998 0.5679916943724128 1.024412552266776
  endloop
endfacet
facet normal 0.536103 -0.0530048 0.842487
  outer loop
    vertex 0.6608000000000001 -0.2011336690196139 1.913659031067632
    vertex 0.7786130242753964 -0.1160175156201808 1.844045604698878
    vertex 0.6608000000000001 -0.0402974043395507 1.923777991142298
  endloop
endfacet
facet normal 0.536103 -0.0530048 -0.842487
  outer loop
    vertex 0.6608000000000001 -0.04029740433955416 -1.923777991142298
    vertex 0.7786130242753969 -0.116017515620184 -1.844045604698877
    vertex 0.6608000000000001 -0.2011336690196177 -1.913659031067632
  endloop
endfacet
facet normal 0.558655 -0.0403248 0.828419
  outer loop
    vertex 1.853949961558254 -0.04241998786119849 1.148579062814419
    vertex 1.961833259037264 -0.1283446622081895 1.071643965330189
    vertex 1.972029820052556 0.02715063351719103 1.072336794004518
  endloop
endfacet
facet normal 0.534512 0.413848 -0.736903
  outer loop
    vertex 1.198372816775723 0.8385384940918837 -1.333336027383197
    vertex 1.312065605901419 0.7292154112440905 -1.312265425743609
    vertex 1.189626757757219 0.7021344978099558 -1.416285088318318
  endloop
endfacet
facet normal 0.535888 0.785 0.310803
  outer loop
    vertex 0.6608000000000001 1.757844169595893 0.7826426486064532
    vertex 0.7746970792410597 1.723070749885038 0.6740885728493528
    vertex 0.6608000000000001 1.817169011610961 0.6328052016543805
  endloop
endfacet
facet normal 0.537171 0.784242 -0.310503
  outer loop
    vertex 0.6608000000000001 1.817169011610962 -0.6328052016543807
    vertex 0.7902445479079874 1.705239523565801 -0.6915678812135375
    vertex 0.6608000000000001 1.757844169595893 -0.7826426486064538
  endloop
endfacet
facet normal 0.559254 -0.82742 -0.0510899
  outer loop
    vertex 2.042968103439526 -1.016775495818443 -0.1417792270008114
    vertex 2.032264175259521 -1.033496055115991 0.01184636263678379
    vertex 1.926394357615624 -1.099243321296913 -0.08225257480661401
  endloop
endfacet
facet normal 0.552922 0.094537 -0.827853
  outer loop
    vertex 1.359218937551226 0.2060210038795273 -1.45614091848392
    vertex 1.487809896857701 0.2373641077007237 -1.366675877984144
    vertex 1.452586301952964 0.08794859510224402 -1.407264262569924
  endloop
endfacet
facet normal 0.547197 0.789507 0.277946
  outer loop
    vertex 1.241749650365495 1.434727049020608 0.5783988877888385
    vertex 1.298054345244379 1.447385124757841 0.4315955627287563
    vertex 1.166777429715878 1.524634536225773 0.4706151885446501
  endloop
endfacet
facet normal 0.555268 -0.825489 -0.101217
  outer loop
    vertex 1.244054077111623 -1.532690809478771 -0.1980356614958776
    vertex 1.362493877614591 -1.445656968705194 -0.2581008737696176
    vertex 1.354822359168459 -1.469971700553183 -0.1018833936826311
  endloop
endfacet
facet normal 0.558193 0.573192 -0.599893
  outer loop
    vertex 1.76631443415224 0.8229332999065314 -0.8819725595995992
    vertex 1.874184402808214 0.8387222988111247 -0.7665147393944216
    vertex 1.884928801227346 0.7201314562712082 -0.8698295273968145
  endloop
endfacet
facet normal 0.535376 0.0882862 0.839987
  outer loop
    vertex 0.6608000000000001 0.1208215176783089 1.92040303084168
    vertex 0.7690881593703416 0.1892542198467821 1.844191730806869
    vertex 0.6608000000000001 0.2810929635597955 1.903557823087381
  endloop
endfacet
facet normal 0.535554 0.0882744 -0.839875
  outer loop
    vertex 0.6608000000000001 0.2810929635597958 -1.903557823087382
    vertex 0.7715605892243488 0.1933682697514424 -1.842150478810042
    vertex 0.6608000000000001 0.120821517678308 -1.92040303084168
  endloop
endfacet
facet normal 0.548766 0.793274 0.263765
  outer loop
    vertex 1.506791606072688 1.280978174933449 0.4991929471818667
    vertex 1.565272296506743 1.290510663654723 0.3488540726525808
    vertex 1.427537060908222 1.370750893251065 0.39409114930568
  endloop
endfacet
facet normal 0.549798 0.794395 -0.258182
  outer loop
    vertex 1.169741089313187 1.498677100792804 -0.542049703806851
    vertex 1.253283955602863 1.484181807217464 -0.4087457726036769
    vertex 1.301269456955459 1.408410894762172 -0.539698556397102
  endloop
endfacet
facet normal 0.535815 0.717842 -0.444529
  outer loop
    vertex 1.469866270279059 1.230328356823233 -0.6655075508684537
    vertex 1.599274799430753 1.13619052679667 -0.6615416869739096
    vertex 1.501477675472427 1.131702268489386 -0.7866696931996922
  endloop
endfacet
facet normal 0.556079 -0.0126006 0.831034
  outer loop
    vertex 1.396586168784084 -0.01024423291006884 1.446340310900651
    vertex 1.504305393990809 -0.09799470518703662 1.372930350564047
    vertex 1.515191064676853 0.05994809193046283 1.368041101730861
  endloop
endfacet
facet normal 0.545954 -0.375414 -0.748998
  outer loop
    vertex 1.047506800661836 -0.6874873050417115 -1.525295490246646
    vertex 1.110447107001411 -0.794412972675411 -1.425824123212067
    vertex 0.9813335803392811 -0.8273721229690341 -1.503416680211235
  endloop
endfacet
facet normal 0.564759 0.706724 -0.426131
  outer loop
    vertex 2.542153129695933 0.5813544258222544 -0.394269082111313
    vertex 2.630877196637879 0.5861786359975849 -0.2686808033358151
    vertex 2.667162277828841 0.4853558496076233 -0.3878026890373126
  endloop
endfacet
facet normal 0.558717 -0.198883 0.805159
  outer loop
    vertex 2.159064874988506 -0.2982045596394381 0.903267095651928
    vertex 2.184477319314986 -0.1458410539067816 0.9232682475174602
    vertex 2.062084595045481 -0.2139797506946395 0.9913682866340455
  endloop
endfacet
facet normal 0.546023 0.762822 0.346356
  outer loop
    vertex 1.311986569137745 1.336948770164836 0.683021055812328
    vertex 1.375931940554404 1.357108913158444 0.53781124980988
    vertex 1.241749650365495 1.434727049020608 0.5783988877888385
  endloop
endfacet
facet normal 0.537308 -0.843067 0.023215
  outer loop
    vertex 0.8659972539148546 -1.786182151859397 0.1305109150441935
    vertex 0.8833164429243869 -1.779488138863724 -0.02724211621106078
    vertex 0.9875885366363217 -1.710035545709855 0.08160962756237168
  endloop
endfacet
facet normal 0.569738 -0.783705 -0.247397
  outer loop
    vertex 2.49309562821617 -0.70221578181373 -0.2146763283778286
    vertex 2.58891818926864 -0.6141893757382103 -0.2728541039372378
    vertex 2.597661911463204 -0.654648735185671 -0.124550819181258
  endloop
endfacet
facet normal 0.553337 -0.742163 -0.37817
  outer loop
    vertex 1.21859891072176 -1.35678809306516 -0.7738557820079902
    vertex 1.236128022977455 -1.415457359220585 -0.633068366739266
    vertex 1.113553932041518 -1.462888210582586 -0.7193346595229763
  endloop
endfacet
facet normal 0.536601 0.751336 -0.384127
  outer loop
    vertex 1.562885937191293 1.226361158506678 -0.5360047197074799
    vertex 1.692728943754428 1.135055935960168 -0.5332112976010736
    vertex 1.599274799430753 1.13619052679667 -0.6615416869739096
  endloop
endfacet
facet normal 0.559983 -0.252713 0.789022
  outer loop
    vertex 2.37653659983162 -0.314462995308483 0.7464579379421659
    vertex 2.404543560587395 -0.1652863293256582 0.7743601329181845
    vertex 2.28245512969974 -0.2323478962373684 0.8395295388343408
  endloop
endfacet
facet normal 0.539512 -0.123313 -0.832899
  outer loop
    vertex 1.834505350381634 -0.2464610480088136 -1.135551279825499
    vertex 1.886669431248419 -0.09626013230572955 -1.123999576611743
    vertex 1.962326869882018 -0.2137449683956732 -1.057598403867009
  endloop
endfacet
facet normal 0.536761 0.294102 0.790817
  outer loop
    vertex 0.6608000000000001 0.5946105005762763 1.830022948655134
    vertex 0.7875215110842471 0.6360814409045297 1.72858888322102
    vertex 0.6608000000000001 0.7456574914511391 1.773849076286591
  endloop
endfacet
facet normal 0.535204 0.294447 -0.791743
  outer loop
    vertex 0.6608000000000001 0.7456574914511404 -1.773849076286591
    vertex 0.7610686824849844 0.6662115505504957 -1.735614925491673
    vertex 0.6608000000000001 0.5946105005762775 -1.830022948655133
  endloop
endfacet
facet normal 0.551592 0.108581 -0.827017
  outer loop
    vertex 1.002873518445107 0.2597138187124259 -1.682124309146652
    vertex 1.131983085858745 0.2895526868439641 -1.592095100178257
    vertex 1.100646752212211 0.1413531567990279 -1.632452788069518
  endloop
endfacet
facet normal 0.555493 -0.108102 0.824464
  outer loop
    vertex 1.383537074567741 -0.1681633023740488 1.445099228387801
    vertex 1.486870115939774 -0.2554442950576356 1.364033135041409
    vertex 1.504305393990809 -0.09799470518703662 1.372930350564047
  endloop
endfacet
facet normal 0.535565 0.481964 0.693455
  outer loop
    vertex 0.6608000000000001 1.031037918898587 1.624655794250976
    vertex 0.7713719598748223 1.053677904784515 1.523524321205174
    vertex 0.6608000000000001 1.163369616818183 1.532682868262157
  endloop
endfacet
facet normal 0.536103 0.481769 -0.693175
  outer loop
    vertex 0.6608000000000001 1.163369616818187 -1.532682868262154
    vertex 0.7786130242753934 1.05450266616395 -1.517230497713863
    vertex 0.6608000000000001 1.031037918898589 -1.624655794250975
  endloop
endfacet
facet normal 0.55536 -0.809733 -0.189494
  outer loop
    vertex 1.24960476551359 -1.501514746198961 -0.3502630892260503
    vertex 1.363997974632391 -1.408973973999209 -0.4104444248457974
    vertex 1.362493877614591 -1.445656968705194 -0.2581008737696176
  endloop
endfacet
facet normal 0.557469 -0.292535 0.77695
  outer loop
    vertex 2.250225651441524 -0.379668824877017 0.8071857263009198
    vertex 2.28245512969974 -0.2323478962373684 0.8395295388343408
    vertex 2.159064874988506 -0.2982045596394381 0.903267095651928
  endloop
endfacet
facet normal 0.536198 0.59058 0.603081
  outer loop
    vertex 0.6608000000000001 1.287541112755717 1.4299592731836
    vertex 0.7787212255944836 1.287032544608838 1.325613755408689
    vertex 0.6608000000000001 1.402681432884282 1.317205541227981
  endloop
endfacet
facet normal 0.536399 0.590491 -0.60299
  outer loop
    vertex 0.6608000000000001 1.402681432884285 -1.317205541227978
    vertex 0.7822060100855177 1.287187770201057 -1.322306656064034
    vertex 0.6608000000000001 1.287541112755719 -1.429959273183599
  endloop
endfacet
facet normal 0.554377 0.185995 -0.811216
  outer loop
    vertex 1.388858238074841 0.3542760520108061 -1.407492932943173
    vertex 1.513882849515264 0.3849202939619275 -1.315026243250984
    vertex 1.487809896857701 0.2373641077007237 -1.366675877984144
  endloop
endfacet
facet normal 0.554391 0.331406 -0.763427
  outer loop
    vertex 1.189626757757219 0.7021344978099558 -1.416285088318318
    vertex 1.178796574280957 0.5612523888390899 -1.485307140028714
    vertex 1.071668502592839 0.6726433700528371 -1.514747109118239
  endloop
endfacet
facet normal 0.538301 0.781401 -0.315665
  outer loop
    vertex 1.644864052993476 1.218887917722428 -0.4073160702376857
    vertex 1.779041390447387 1.128137068420692 -0.4031504640171013
    vertex 1.692728943754428 1.135055935960168 -0.5332112976010736
  endloop
endfacet
facet normal 0.5554 0.496463 0.667125
  outer loop
    vertex 2.008743342887362 0.6816991843587427 0.7970874603342214
    vertex 1.917215756075527 0.6292753539930516 0.9122995276622946
    vertex 2.045174286829196 0.5464985748377734 0.8673715741644307
  endloop
endfacet
facet normal 0.536102 0.682934 0.496181
  outer loop
    vertex 0.6608000000000001 1.507982950586382 1.195212558811523
    vertex 0.77856948298953 1.495514838811224 1.085128616464128
    vertex 0.6608000000000001 1.602707051374375 1.064836019054041
  endloop
endfacet
facet normal 0.536188 0.68289 -0.496149
  outer loop
    vertex 0.6608000000000001 1.602707051374376 -1.064836019054038
    vertex 0.7774135454254856 1.501970728296586 -1.077463366033455
    vertex 0.6608000000000001 1.507982950586384 -1.19521255881152
  endloop
endfacet
facet normal 0.545388 -0.612227 0.572478
  outer loop
    vertex 2.600139743058296 -0.5278195346100705 0.4041564016269543
    vertex 2.537422632413503 -0.4676574712697864 0.5282450242848924
    vertex 2.471325535835809 -0.5905497901466533 0.4597892744653896
  endloop
endfacet
facet normal 0.545132 -0.613993 0.570828
  outer loop
    vertex 2.345734522968606 -0.65081901966134 0.5150977850872097
    vertex 2.279965996109821 -0.5917543316098244 0.6414366446266186
    vertex 2.214130595933444 -0.7147480915670452 0.5720141863423941
  endloop
endfacet
facet normal 0.554739 0.00589734 0.832004
  outer loop
    vertex 0.9417148871970102 0.02443328440343681 1.741601012465421
    vertex 1.04552923560402 -0.06663739827443774 1.673028238180371
    vertex 1.053625638066433 0.09311487613309542 1.666497612562653
  endloop
endfacet
facet normal 0.547232 0.791675 0.271639
  outer loop
    vertex 1.375931940554404 1.357108913158444 0.53781124980988
    vertex 1.427537060908222 1.370750893251065 0.39409114930568
    vertex 1.298054345244379 1.447385124757841 0.4315955627287563
  endloop
endfacet
facet normal 0.55221 -0.274876 0.787088
  outer loop
    vertex 1.077226005745103 -0.613766179551374 1.5356590782087
    vertex 1.110174645732394 -0.4604190343106767 1.566096529657046
    vertex 0.9834116946543064 -0.5301214412537661 1.630689329409204
  endloop
endfacet
facet normal 0.542891 -0.709728 0.44895
  outer loop
    vertex 0.9513321626793224 -1.42541214680368 0.9900776629781516
    vertex 1.007974233471428 -1.471815940054385 0.8482254331199968
    vertex 1.08389501111117 -1.359062330565093 0.9346665056008573
  endloop
endfacet
facet normal 0.534753 -0.647546 -0.542884
  outer loop
    vertex 1.986594520061732 -0.7896834575209482 -0.7119277972812946
    vertex 1.892544332011572 -0.9054797535425682 -0.6664488664071649
    vertex 1.85949944800742 -0.8245099870890795 -0.7955785909484245
  endloop
endfacet
facet normal 0.555911 0.479381 -0.679085
  outer loop
    vertex 1.427612164990871 0.8859290738036425 -1.117701389597473
    vertex 1.42951006684113 0.7553175872202004 -1.208349249183672
    vertex 1.314127312451048 0.8631652006376247 -1.226671617354951
  endloop
endfacet
facet normal 0.556347 0.0842451 0.826668
  outer loop
    vertex 1.401744577931834 0.1478043751702371 1.435437180622002
    vertex 1.515191064676853 0.05994809193046283 1.368041101730861
    vertex 1.516421858957795 0.2175686237778816 1.351149790503857
  endloop
endfacet
facet normal 0.542029 -0.746036 0.386827
  outer loop
    vertex 1.007974233471428 -1.471815940054385 0.8482254331199968
    vertex 1.055373358394156 -1.511675543073875 0.7049356241654837
    vertex 1.139031027086371 -1.404091812748856 0.7951991496713204
  endloop
endfacet
facet normal 0.554352 -0.200886 0.807675
  outer loop
    vertex 1.362725236742905 -0.3246824925688793 1.432019607715535
    vertex 1.460991506200088 -0.410430237055916 1.343246710382305
    vertex 1.486870115939774 -0.2554442950576356 1.364033135041409
  endloop
endfacet
facet normal 0.551675 -0.0953724 -0.828589
  outer loop
    vertex 2.142093821659566 -0.03518784332146381 -0.9615963948053986
    vertex 2.095734954406443 -0.1812887485535283 -0.9756456097495964
    vertex 2.015703338574065 -0.06541781737307997 -1.042267688197605
  endloop
endfacet
facet normal 0.55734 -0.088623 0.825541
  outer loop
    vertex 1.73068671151172 -0.1139527194997902 1.224117468106124
    vertex 1.83800471227 -0.1987150098488502 1.142565540565372
    vertex 1.853949961558254 -0.04241998786119849 1.148579062814419
  endloop
endfacet
facet normal 0.555567 -0.830029 -0.0489572
  outer loop
    vertex 1.474538698085527 -1.386270247856225 -0.1624299524802176
    vertex 1.46122925211868 -1.404382505577208 -0.006387427204775124
    vertex 1.354822359168459 -1.469971700553183 -0.1018833936826311
  endloop
endfacet
facet normal 0.554489 0.275367 -0.785312
  outer loop
    vertex 1.408932118524467 0.4930254101282146 -1.351222685106046
    vertex 1.532360737369078 0.5216094968546789 -1.254049953599035
    vertex 1.513882849515264 0.3849202939619275 -1.315026243250984
  endloop
endfacet
facet normal 0.555154 0.172006 0.813768
  outer loop
    vertex 1.168446162106661 0.322167687510907 1.56164656543751
    vertex 1.285621074286719 0.234842471540289 1.500167553345431
    vertex 1.279834807651712 0.3912486597101831 1.47105531587655
  endloop
endfacet
facet normal 0.557912 -0.494943 -0.666157
  outer loop
    vertex 2.624474377866245 -0.3295458991594089 -0.5590831098409296
    vertex 2.664834645863675 -0.4292627534218605 -0.4511930374139578
    vertex 2.54726460756442 -0.4571953927148945 -0.5289055543790876
  endloop
endfacet
facet normal 0.556174 -0.781226 -0.283474
  outer loop
    vertex 1.476097284054706 -1.313609462987861 -0.4687584211018773
    vertex 1.584678573276158 -1.216909062888039 -0.5222194631862197
    vertex 1.591754927004548 -1.264954611618124 -0.3759268660967789
  endloop
endfacet
facet normal 0.542388 0.680864 0.492178
  outer loop
    vertex 1.566551745767397 1.040812982785162 0.8376183302545098
    vertex 1.643249082054143 1.077480832154014 0.7023716502505297
    vertex 1.508906877288672 1.154922752813181 0.743287927589195
  endloop
endfacet
facet normal 0.555742 -0.831309 0.00870294
  outer loop
    vertex 1.583004789609766 -1.323610552284467 -0.06720044207082125
    vertex 1.564631601350243 -1.33425356569507 0.0894257524686576
    vertex 1.46122925211868 -1.404382505577208 -0.006387427204775124
  endloop
endfacet
facet normal 0.532581 -0.715747 -0.451735
  outer loop
    vertex 2.016700246517605 -0.8674642212100239 -0.5803063765545111
    vertex 1.916142953417074 -0.9746733908039938 -0.5289937645774265
    vertex 1.892544332011572 -0.9054797535425682 -0.6664488664071649
  endloop
endfacet
facet normal 0.56434 0.335873 0.754129
  outer loop
    vertex 2.533955251676439 0.2135006619210539 0.6747933784288752
    vertex 2.511650648785106 0.3591889514006242 0.6265981576682456
    vertex 2.414242345863363 0.2969130408569292 0.7272284663640322
  endloop
endfacet
facet normal 0.529525 -0.829591 0.17715
  outer loop
    vertex 2.445509394462191 -0.7279471532250358 0.2358484302965647
    vertex 2.476812604475763 -0.7398010273900707 0.08676706611610789
    vertex 2.568345942609199 -0.6618181427731271 0.1783550332885313
  endloop
endfacet
facet normal 0.554496 0.0861319 0.827717
  outer loop
    vertex 0.9405615150462856 0.181573734255519 1.733035431778627
    vertex 1.053625638066433 0.09311487613309542 1.666497612562653
    vertex 1.054676525965939 0.2522742293910942 1.64923154656838
  endloop
endfacet
facet normal 0.552994 -0.288918 0.781489
  outer loop
    vertex 1.334357644666906 -0.4786490299004176 1.407634193323198
    vertex 1.426962564492866 -0.5620218156617677 1.311282462646414
    vertex 1.460991506200088 -0.410430237055916 1.343246710382305
  endloop
endfacet
facet normal 0.540259 0.829522 0.141468
  outer loop
    vertex 1.656858703356144 1.270422339571581 0.1328944066847884
    vertex 1.692540625276861 1.220898494397533 0.2870189497611667
    vertex 1.789622381766636 1.18318400156269 0.1374136293958009
  endloop
endfacet
facet normal 0.554926 0.405977 -0.726112
  outer loop
    vertex 1.198372816775723 0.8385384940918837 -1.333336027383197
    vertex 1.189626757757219 0.7021344978099558 -1.416285088318318
    vertex 1.080598093952262 0.8124083440990608 -1.43795416466902
  endloop
endfacet
facet normal 0.538869 0.602835 0.588396
  outer loop
    vertex 1.87796092514108 0.7613002460220137 0.8401516156849909
    vertex 1.962692460423168 0.808129995437025 0.7145732476919133
    vertex 1.830524061017371 0.8857814036590876 0.7560597369548901
  endloop
endfacet
facet normal 0.56982 -0.227424 0.789673
  outer loop
    vertex 2.833280091868352 -0.207537074969428 0.4695608393128939
    vertex 2.865529148017113 -0.06007400945690086 0.4887592416002846
    vertex 2.746514618775101 -0.1265609219656212 0.5554907659093098
  endloop
endfacet
facet normal 0.548433 -0.346503 -0.761024
  outer loop
    vertex 2.497987897207657 -0.3597925801588558 -0.6364640607335166
    vertex 2.563671275338864 -0.223564491697395 -0.6511555088173628
    vertex 2.624474377866245 -0.3295458991594089 -0.5590831098409296
  endloop
endfacet
facet normal 0.533925 -0.823999 0.189605
  outer loop
    vertex 2.008620690011725 -1.035777653784668 0.1655111434311601
    vertex 2.103424231396887 -0.9531685177128522 0.2575542791067258
    vertex 1.977184886489081 -1.021355810450508 0.3167093133903536
  endloop
endfacet
facet normal 0.547907 -0.680261 0.48687
  outer loop
    vertex 2.014354946136532 -0.8895285520991832 0.5487896393567154
    vertex 1.955855078675063 -0.839691470498288 0.684256321930426
    vertex 1.884154822378447 -0.9535648793802367 0.6058400526977168
  endloop
endfacet
facet normal 0.556775 -0.827782 -0.069127
  outer loop
    vertex 1.808449398720186 -1.178697348045107 -0.02241403015707153
    vertex 1.699502012349188 -1.243488414252701 -0.1240576277961178
    vertex 1.819031129934129 -1.158760935162499 -0.1759192866398281
  endloop
endfacet
facet normal 0.5444 0.726196 0.419842
  outer loop
    vertex 1.643249082054143 1.077480832154014 0.7023716502505297
    vertex 1.709442825657301 1.108305581421857 0.5632224023527735
    vertex 1.579289637144211 1.183055186204487 0.6026956589208782
  endloop
endfacet
facet normal 0.541146 0.664208 0.515741
  outer loop
    vertex 1.962692460423168 0.808129995437025 0.7145732476919133
    vertex 2.039765151663043 0.8478244614493728 0.5825826159630644
    vertex 1.907576698181651 0.9242651185751032 0.6228370061979743
  endloop
endfacet
facet normal 0.537161 0.540073 0.647903
  outer loop
    vertex 1.789441227793879 0.707366930410542 0.9584984000761952
    vertex 1.87796092514108 0.7613002460220137 0.8401516156849909
    vertex 1.746726144130059 0.8401573081020756 0.8832223370535506
  endloop
endfacet
facet normal 0.54076 -0.502025 0.674944
  outer loop
    vertex 1.470865555014286 -0.7797272118081212 1.16052514014388
    vertex 1.418365694185707 -0.91354099528217 1.10305656711035
    vertex 1.550943622750314 -0.8460282905564778 1.047052237441677
  endloop
endfacet
facet normal 0.530143 0.260515 -0.806895
  outer loop
    vertex 2.208760540260469 0.259729556230079 -0.8814776347183741
    vertex 2.086893311646689 0.2290705688546045 -0.9714449693750746
    vertex 2.106722133921045 0.3721162925274739 -0.9122331422212386
  endloop
endfacet
facet normal 0.543482 -0.235082 -0.805831
  outer loop
    vertex 1.380286262425174 -0.4765984361499676 -1.376804894806632
    vertex 1.441203043720043 -0.3306808779795639 -1.378288442110411
    vertex 1.512949220286083 -0.4453883629199197 -1.296436942520227
  endloop
endfacet
facet normal 0.536578 -0.197137 0.8205
  outer loop
    vertex 1.23735377176367 -0.3930726712552565 1.499106752658147
    vertex 1.135796478024018 -0.3049153090912198 1.586702731258381
    vertex 1.110174645732394 -0.4604190343106767 1.566096529657046
  endloop
endfacet
facet normal 0.558024 0.317086 0.766854
  outer loop
    vertex 1.964989143805772 0.3360315038203205 1.023501940280084
    vertex 1.946340631267308 0.4846015346280196 0.9756400063557841
    vertex 1.843811297701782 0.4206453162945529 1.076693652570064
  endloop
endfacet
facet normal 0.55788 0.436548 -0.70583
  outer loop
    vertex 1.773998592231654 0.6979323937998753 -0.9777377773881566
    vertex 1.771464336059688 0.5646869983304694 -1.062151653641992
    vertex 1.659310954597637 0.6735637440409319 -1.083457372181081
  endloop
endfacet
facet normal 0.55141 -0.370869 0.747264
  outer loop
    vertex 1.298005990894129 -0.629213800531352 1.373092596631508
    vertex 1.386208074129962 -0.7090149902741421 1.268402291550167
    vertex 1.426962564492866 -0.5620218156617677 1.311282462646414
  endloop
endfacet
facet normal 0.589914 0.170294 -0.789305
  outer loop
    vertex 2.905638448111616 0.123570825414337 -0.4497221078897948
    vertex 3.000225925642143 0.1638421447751086 -0.3703403723092303
    vertex 2.984780798540543 0.01105748087580661 -0.4148473000454623
  endloop
endfacet
facet normal 0.542492 0.793265 0.276466
  outer loop
    vertex 1.375931940554404 1.357108913158444 0.53781124980988
    vertex 1.298054345244379 1.447385124757841 0.4315955627287563
    vertex 1.241749650365495 1.434727049020608 0.5783988877888385
  endloop
endfacet
facet normal 0.555998 0.520319 -0.648178
  outer loop
    vertex 1.538521401121976 0.9064153744063572 -1.006119879937166
    vertex 1.543173966069621 0.7831857642167634 -1.101050431361895
    vertex 1.427612164990871 0.8859290738036425 -1.117701389597473
  endloop
endfacet
facet normal 0.560845 -0.0627273 0.825541
  outer loop
    vertex 2.184477319314986 -0.1458410539067816 0.9232682475174602
    vertex 2.197126376539073 0.009205341831767595 0.926455834323277
    vertex 2.080335726868207 -0.05953747098023806 1.000576258916253
  endloop
endfacet
facet normal 0.550575 0.771465 -0.318918
  outer loop
    vertex 1.078919453227736 1.50844091977296 -0.6752240470506899
    vertex 1.169741089313187 1.498677100792804 -0.542049703806851
    vertex 1.212179077030873 1.414923326363823 -0.6713865771227064
  endloop
endfacet
facet normal 0.55355 0.0721276 -0.829687
  outer loop
    vertex 1.836559856636163 0.1793884714237335 -1.146708613419675
    vertex 1.799611507768253 0.031257449177999 -1.184237371715859
    vertex 1.710904978757281 0.1519451960402219 -1.232928778587732
  endloop
endfacet
facet normal 0.531019 -0.771863 -0.349638
  outer loop
    vertex 2.036553217351789 -0.9320633825534236 -0.4401845238976893
    vertex 1.929929612993525 -1.030595807219661 -0.3846004328084108
    vertex 1.916142953417074 -0.9746733908039938 -0.5289937645774265
  endloop
endfacet
facet normal 0.551346 0.71914 0.422912
  outer loop
    vertex 2.039765151663043 0.8478244614493728 0.5825826159630644
    vertex 2.107950520823501 0.8867110167485918 0.4275654381786124
    vertex 1.971482517186588 0.9546403729944897 0.4899670890421929
  endloop
endfacet
facet normal 0.538421 0.498424 0.679467
  outer loop
    vertex 1.050030206914537 1.051555720021875 1.299197834913437
    vertex 1.084993003512986 0.9171509716038018 1.370085493248624
    vertex 1.180766494252578 0.9708781350384599 1.254781387802269
  endloop
endfacet
facet normal 0.552959 0.744364 -0.374378
  outer loop
    vertex 1.469866270279059 1.230328356823233 -0.6655075508684537
    vertex 1.562885937191293 1.226361158506678 -0.5360047197074799
    vertex 1.599274799430753 1.13619052679667 -0.6615416869739096
  endloop
endfacet
facet normal 0.53622 -0.0710819 0.84108
  outer loop
    vertex 1.04552923560402 -0.06663739827443774 1.673028238180371
    vertex 1.027689320192816 -0.2217576252656036 1.671292232624034
    vertex 1.156123022420585 -0.1523150320078684 1.595279708140739
  endloop
endfacet
facet normal 0.537487 -0.273797 0.797586
  outer loop
    vertex 1.077226005745103 -0.613766179551374 1.5356590782087
    vertex 1.206215944120183 -0.5462729694674321 1.471903003410922
    vertex 1.110174645732394 -0.4604190343106767 1.566096529657046
  endloop
endfacet
facet normal 0.541569 0.825546 0.15867
  outer loop
    vertex 1.08437031114493 1.606533368567155 0.3724033915702438
    vertex 1.004933219340658 1.682485506159083 0.2483636375976248
    vertex 0.9575006974303368 1.683520337809231 0.4048756167892218
  endloop
endfacet
facet normal 0.555965 -0.797272 -0.235075
  outer loop
    vertex 1.479256340240002 -1.356059135632504 -0.3173160277096942
    vertex 1.363997974632391 -1.408973973999209 -0.4104444248457974
    vertex 1.476097284054706 -1.313609462987861 -0.4687584211018773
  endloop
endfacet
facet normal 0.548453 -0.211907 -0.808885
  outer loop
    vertex 2.095734954406443 -0.1812887485535283 -0.9756456097495964
    vertex 2.037820894267759 -0.3259840216326003 -0.9770069146490054
    vertex 1.962326869882018 -0.2137449683956732 -1.057598403867009
  endloop
endfacet
facet normal 0.542676 0.791053 0.282379
  outer loop
    vertex 1.241749650365495 1.434727049020608 0.5783988877888385
    vertex 1.166777429715878 1.524634536225773 0.4706151885446501
    vertex 1.108215047543032 1.511894698800456 0.6188494948433138
  endloop
endfacet
facet normal 0.531212 0.44618 -0.720234
  outer loop
    vertex 1.888123789959439 0.5912167290432763 -0.9596737972498938
    vertex 1.771464336059688 0.5646869983304694 -1.062151653641992
    vertex 1.773998592231654 0.6979323937998753 -0.9777377773881566
  endloop
endfacet
facet normal 0.540579 -0.0908684 -0.836371
  outer loop
    vertex 1.231651738609634 -0.2445565850799201 -1.534115525546011
    vertex 1.280075101041509 -0.09488120409713548 -1.519079249759013
    vertex 1.36394033110314 -0.2129174550901347 -1.452049694671739
  endloop
endfacet
facet normal 0.557715 -0.826769 0.0735365
  outer loop
    vertex 2.032264175259521 -1.033496055115991 0.01184636263678379
    vertex 2.008620690011725 -1.035777653784668 0.1655111434311601
    vertex 1.909334880425405 -1.111048401094217 0.07224683042312888
  endloop
endfacet
facet normal 0.545469 0.837009 -0.0433565
  outer loop
    vertex 1.660900489983907 1.267603239535893 -0.1346004102531182
    vertex 1.52548271239758 1.355690201369397 -0.1377496220636876
    vertex 1.593409999980091 1.318558157881977 -5.855574504754506e-16
  endloop
endfacet
facet normal 0.534437 0.12905 0.835298
  outer loop
    vertex 1.168446162106661 0.322167687510907 1.56164656543751
    vertex 1.170131470452787 0.1645749961599836 1.584915776249464
    vertex 1.285621074286719 0.234842471540289 1.500167553345431
  endloop
endfacet
facet normal 0.536493 -0.469604 0.701176
  outer loop
    vertex 2.792283018562291 -0.3435948096687841 0.4165892627016084
    vertex 2.713889640023923 -0.2715460945880151 0.5248243852749155
    vertex 2.665153705333168 -0.4054533174991413 0.4724312061008519
  endloop
endfacet
facet normal 0.538929 -0.00835033 -0.84231
  outer loop
    vertex 1.280075101041509 -0.09488120409713548 -1.519079249759013
    vertex 1.323614994805636 0.05594074566727787 -1.492716609862541
    vertex 1.412476445405559 -0.06279117984531753 -1.434683940874968
  endloop
endfacet
facet normal 0.52356 -0.851934 0.00966457
  outer loop
    vertex 2.476812604475763 -0.7398010273900707 0.08676706611610789
    vertex 2.490477552170852 -0.733124526583891 -0.0649703288436404
    vertex 2.586483318573313 -0.6730691467995193 0.02799558929032546
  endloop
endfacet
facet normal 0.527158 0.450361 0.72061
  outer loop
    vertex 2.634078435790324 0.2783000785916401 0.5793678577824939
    vertex 2.731288439423837 0.3370749438412544 0.4715217576488031
    vertex 2.605161301304818 0.4153731139905104 0.5148552433794424
  endloop
endfacet
facet normal 0.541771 0.810804 0.221543
  outer loop
    vertex 1.166777429715878 1.524634536225773 0.4706151885446501
    vertex 1.08437031114493 1.606533368567155 0.3724033915702438
    vertex 1.033549011895835 1.602509107197536 0.5114119157442718
  endloop
endfacet
facet normal 0.534757 0.0876434 0.840448
  outer loop
    vertex 1.053625638066433 0.09311487613309542 1.666497612562653
    vertex 1.170131470452787 0.1645749961599836 1.584915776249464
    vertex 1.054676525965939 0.2522742293910942 1.64923154656838
  endloop
endfacet
facet normal 0.554718 0.306892 0.773373
  outer loop
    vertex 1.388550409910565 0.4588101742457013 1.377178791677326
    vertex 1.370337027494838 0.6096887944524662 1.330370706716314
    vertex 1.265163768469978 0.5445750062480792 1.431647084617713
  endloop
endfacet
facet normal 0.534067 0.173762 0.827393
  outer loop
    vertex 1.279834807651712 0.3912486597101831 1.47105531587655
    vertex 1.285621074286719 0.234842471540289 1.500167553345431
    vertex 1.399116961618541 0.3045791207002159 1.412262450923401
  endloop
endfacet
facet normal 0.532905 0.134726 -0.835381
  outer loop
    vertex 2.182773625950716 0.1136487620134497 -0.9288957792932336
    vertex 2.05634764425336 0.08241711548686183 -1.014582042073806
    vertex 2.086893311646689 0.2290705688546045 -0.9714449693750746
  endloop
endfacet
facet normal 0.530253 -0.813415 -0.239141
  outer loop
    vertex 2.045828011197505 -0.9818811871699135 -0.2933141846360859
    vertex 1.933696323846843 -1.072119538541216 -0.2350091929173009
    vertex 1.929929612993525 -1.030595807219661 -0.3846004328084108
  endloop
endfacet
facet normal 0.540677 -0.188144 -0.819921
  outer loop
    vertex 2.563671275338864 -0.223564491697395 -0.6511555088173628
    vertex 2.616225452991432 -0.08014542194599023 -0.6494096254785006
    vertex 2.691624910469347 -0.1928970768311125 -0.5738166174020373
  endloop
endfacet
facet normal 0.55131 0.797252 -0.245859
  outer loop
    vertex 1.779041390447387 1.128137068420692 -0.4031504640171013
    vertex 1.855142718153555 1.115763883623201 -0.2726248768899558
    vertex 1.910260394804581 1.038176780674995 -0.4006234032588245
  endloop
endfacet
facet normal 0.536824 0.789957 -0.29629
  outer loop
    vertex 2.121759073118133 0.9379260673499497 -0.2679339369716415
    vertex 2.255459191940635 0.8482729389423965 -0.2647232483276314
    vertex 2.170696553606061 0.8569843033009609 -0.3950721119535766
  endloop
endfacet
facet normal 0.549683 0.818395 -0.167566
  outer loop
    vertex 2.121759073118133 0.9379260673499497 -0.2679339369716415
    vertex 1.98743282772742 1.027442905097159 -0.2713759119449551
    vertex 2.057454113972959 1.007960424578625 -0.1368310885545465
  endloop
endfacet
facet normal 0.543999 0.763402 0.348256
  outer loop
    vertex 1.311986569137745 1.336948770164836 0.683021055812328
    vertex 1.241749650365495 1.434727049020608 0.5783988877888385
    vertex 1.17765423753907 1.414027354733497 0.7238953897904133
  endloop
endfacet
facet normal 0.55011 0.75466 -0.357585
  outer loop
    vertex 0.8578454624212541 1.601802907497163 -0.8128327649586746
    vertex 0.9429952566604514 1.602410832910501 -0.6805547683732738
    vertex 0.9890839851243212 1.510134969710948 -0.8043940736869292
  endloop
endfacet
facet normal 0.542722 0.829659 -0.130838
  outer loop
    vertex 1.660900489983907 1.267603239535893 -0.1346004102531182
    vertex 1.589292005997847 1.292329051421957 -0.2748466671971883
    vertex 1.52548271239758 1.355690201369397 -0.1377496220636876
  endloop
endfacet
facet normal 0.55369 0.710668 -0.434026
  outer loop
    vertex 1.374711638309424 1.227304719147244 -0.7918478249416869
    vertex 1.469866270279059 1.230328356823233 -0.6655075508684537
    vertex 1.501477675472427 1.131702268489386 -0.7866696931996922
  endloop
endfacet
facet normal 0.547472 0.828206 -0.119791
  outer loop
    vertex 1.392317850277219 1.442514034156754 -0.1385081773068391
    vertex 1.45929027571632 1.378520450318063 -0.2748649782262064
    vertex 1.329124759724037 1.464386459607797 -0.2760937437343561
  endloop
endfacet
facet normal 0.537296 0.0772139 -0.839851
  outer loop
    vertex 1.323614994805636 0.05594074566727787 -1.492716609862541
    vertex 1.359218937551226 0.2060210038795273 -1.45614091848392
    vertex 1.452586301952964 0.08794859510224402 -1.407264262569924
  endloop
endfacet
facet normal 0.551925 0.775501 -0.306556
  outer loop
    vertex 1.562885937191293 1.226361158506678 -0.5360047197074799
    vertex 1.644864052993476 1.218887917722428 -0.4073160702376857
    vertex 1.692728943754428 1.135055935960168 -0.5332112976010736
  endloop
endfacet
facet normal 0.533232 0.528812 -0.660319
  outer loop
    vertex 1.657342988281518 0.8029532444125363 -0.9930239583203923
    vertex 1.543173966069621 0.7831857642167634 -1.101050431361895
    vertex 1.538521401121976 0.9064153744063572 -1.006119879937166
  endloop
endfacet
facet normal 0.54785 -0.520311 0.655086
  outer loop
    vertex 1.073354045587345 -0.9823695339182099 1.333503231072467
    vertex 1.150385071041693 -1.052652302882456 1.213258891719791
    vertex 1.203680650772079 -0.9174202225278059 1.276097671421888
  endloop
endfacet
facet normal 0.545883 0.725846 0.418519
  outer loop
    vertex 1.643249082054143 1.077480832154014 0.7023716502505297
    vertex 1.579289637144211 1.183055186204487 0.6026956589208782
    vertex 1.508906877288672 1.154922752813181 0.743287927589195
  endloop
endfacet
facet normal 0.544987 -0.6154 0.56945
  outer loop
    vertex 2.08635286390745 -0.7763786699150015 0.6277862174916089
    vertex 2.019081177074083 -0.7175593964559159 0.7557335134554367
    vertex 1.955855078675063 -0.839691470498288 0.684256321930426
  endloop
endfacet
facet normal 0.543997 0.837685 0.048481
  outer loop
    vertex 1.726639999977247 1.232037894722259 -5.47134735172872e-16
    vertex 1.789622381766636 1.18318400156269 0.1374136293958009
    vertex 1.859869999974403 1.145517631562542 -5.087120198702935e-16
  endloop
endfacet
facet normal 0.544001 0.837692 -0.0483275
  outer loop
    vertex 1.859869999974403 1.145517631562542 -5.087120198702935e-16
    vertex 1.793587454410326 1.180676381977696 -0.1366842680183529
    vertex 1.726639999977247 1.232037894722259 -5.47134735172872e-16
  endloop
endfacet
facet normal 0.549176 0.662755 0.509078
  outer loop
    vertex 1.962692460423168 0.808129995437025 0.7145732476919133
    vertex 1.907576698181651 0.9242651185751032 0.6228370061979743
    vertex 1.830524061017371 0.8857814036590876 0.7560597369548901
  endloop
endfacet
facet normal 0.537316 0.453583 0.711023
  outer loop
    vertex 0.9607447421376463 0.9979354628236488 1.412444212535365
    vertex 0.9925668390259681 0.8570440267675775 1.478275425124051
    vertex 1.084993003512986 0.9171509716038018 1.370085493248624
  endloop
endfacet
facet normal 0.535326 -0.844438 0.0187368
  outer loop
    vertex 1.214472905744521 -1.560349166952218 0.1158220877570961
    vertex 1.232286359524912 -1.552534441849731 -0.04092531491183307
    vertex 1.338734255392738 -1.482920759338966 0.05515011295521133
  endloop
endfacet
facet normal 0.551117 0.601032 0.578818
  outer loop
    vertex 1.87796092514108 0.7613002460220137 0.8401516156849909
    vertex 1.830524061017371 0.8857814036590876 0.7560597369548901
    vertex 1.746726144130059 0.8401573081020756 0.8832223370535506
  endloop
endfacet
facet normal 0.549253 -0.457145 0.699528
  outer loop
    vertex 1.123984446322921 -0.8416418196199381 1.388194775277954
    vertex 1.203680650772079 -0.9174202225278059 1.276097671421888
    vertex 1.25539551908355 -0.7753230158290504 1.328353456228277
  endloop
endfacet
facet normal 0.55204 0.735896 -0.392058
  outer loop
    vertex 1.118466432985659 1.416424729230619 -0.8005212205118413
    vertex 1.212179077030873 1.414923326363823 -0.6713865771227064
    vertex 1.245845271928625 1.323039180127081 -0.7964499947629795
  endloop
endfacet
facet normal 0.54893 -0.143697 -0.823424
  outer loop
    vertex 1.572928845456627 -0.2968617292314839 -1.298353104328276
    vertex 1.495781650682784 -0.1797817281973121 -1.370214540115837
    vertex 1.626039893244814 -0.1484431617720379 -1.288847819361793
  endloop
endfacet
facet normal 0.560429 0.144593 0.815483
  outer loop
    vertex 2.08759960544629 0.09602284147480646 0.9929969239279858
    vertex 2.083995003677804 0.2505166992333993 0.9680809540516317
    vertex 1.973619273430663 0.1827145360027616 1.055957092038826
  endloop
endfacet
facet normal 0.546577 0.720068 0.427499
  outer loop
    vertex 2.039765151663043 0.8478244614493728 0.5825826159630644
    vertex 1.971482517186588 0.9546403729944897 0.4899670890421929
    vertex 1.907576698181651 0.9242651185751032 0.6228370061979743
  endloop
endfacet
facet normal 0.551836 -0.639675 -0.535063
  outer loop
    vertex 0.9393666876043187 -1.361498462264791 -1.088764211244808
    vertex 1.034527836513313 -1.241585727304085 -1.133977231269833
    vertex 1.067456535020084 -1.324102470671608 -1.001366472558903
  endloop
endfacet
facet normal 0.552853 -0.795779 0.247162
  outer loop
    vertex 1.632914585053152 -1.247347005849555 0.3401842929754392
    vertex 1.756703061221723 -1.178744900516855 0.2841699530623517
    vertex 1.721903396980763 -1.156545487102423 0.4334844948013615
  endloop
endfacet
facet normal 0.545156 -0.316536 -0.77628
  outer loop
    vertex 2.037820894267759 -0.3259840216326003 -0.9770069146490054
    vertex 1.970439863971914 -0.4671278768340892 -0.9667735567639151
    vertex 1.904970806975001 -0.3578017918420506 -1.057329136191762
  endloop
endfacet
facet normal 0.533843 0.449459 -0.716239
  outer loop
    vertex 1.42951006684113 0.7553175872202004 -1.208349249183672
    vertex 1.312065605901419 0.7292154112440905 -1.312265425743609
    vertex 1.314127312451048 0.8631652006376247 -1.226671617354951
  endloop
endfacet
facet normal 0.524114 0.571695 -0.631244
  outer loop
    vertex 2.561699125521898 0.4719949937995183 -0.5029616422858979
    vertex 2.453193074266461 0.4515215598598217 -0.6115948759287477
    vertex 2.444559393459927 0.5699198350636722 -0.5115344180942614
  endloop
endfacet
facet normal 0.546492 -0.576904 0.607065
  outer loop
    vertex 1.011497700046794 -1.121371328308524 1.272983166264239
    vertex 1.087735851884195 -1.183615807045482 1.145200186263395
    vertex 1.150385071041693 -1.052652302882456 1.213258891719791
  endloop
endfacet
facet normal 0.546464 -0.236303 -0.803454
  outer loop
    vertex 1.307940253708351 -0.3617415909471161 -1.459790983220624
    vertex 1.441203043720043 -0.3306808779795639 -1.378288442110411
    vertex 1.380286262425174 -0.4765984361499676 -1.376804894806632
  endloop
endfacet
facet normal 0.539784 -0.0775524 -0.838223
  outer loop
    vertex 1.412476445405559 -0.06279117984531753 -1.434683940874968
    vertex 1.495781650682784 -0.1797817281973121 -1.370214540115837
    vertex 1.36394033110314 -0.2129174550901347 -1.452049694671739
  endloop
endfacet
facet normal 0.538849 -0.453409 0.709973
  outer loop
    vertex 2.076061052352478 -0.5853055893252994 0.8171215643964967
    vertex 1.994376609290122 -0.5106001290134801 0.9268266969831739
    vertex 1.943114009453181 -0.6509009346657449 0.8761333825769503
  endloop
endfacet
facet normal 0.545552 -0.617192 0.566963
  outer loop
    vertex 1.626933245575485 -0.9082342645920661 0.9256184962781832
    vertex 1.693716314579406 -0.9677317503236469 0.7965888024677656
    vertex 1.758407981145253 -0.8442328923665524 0.8687802933726594
  endloop
endfacet
facet normal 0.536774 -0.221825 0.814044
  outer loop
    vertex 1.110174645732394 -0.4604190343106767 1.566096529657046
    vertex 1.010206348789799 -0.3737517460136831 1.65563143922752
    vertex 0.9834116946543064 -0.5301214412537661 1.630689329409204
  endloop
endfacet
facet normal 0.567038 -0.708829 -0.419559
  outer loop
    vertex 2.481493394258024 -0.6497876676223069 -0.3578978805560318
    vertex 2.576019728408256 -0.5443516312365096 -0.4082748732105166
    vertex 2.58891818926864 -0.6141893757382103 -0.2728541039372378
  endloop
endfacet
facet normal 0.529959 0.204071 0.823103
  outer loop
    vertex 1.973619273430663 0.1827145360027616 1.055957092038826
    vertex 2.083995003677804 0.2505166992333993 0.9680809540516317
    vertex 1.964989143805772 0.3360315038203205 1.023501940280084
  endloop
endfacet
facet normal 0.536059 -0.774501 -0.335841
  outer loop
    vertex 1.236128022977455 -1.415457359220585 -0.633068366739266
    vertex 1.12730606797273 -1.515148299333734 -0.5768642334517807
    vertex 1.113553932041518 -1.462888210582586 -0.7193346595229763
  endloop
endfacet
facet normal 0.533523 0.0408659 0.844797
  outer loop
    vertex 1.401744577931834 0.1478043751702371 1.435437180622002
    vertex 1.396586168784084 -0.01024423291006884 1.446340310900651
    vertex 1.515191064676853 0.05994809193046283 1.368041101730861
  endloop
endfacet
facet normal 0.535983 0.164555 -0.828036
  outer loop
    vertex 1.359218937551226 0.2060210038795273 -1.45614091848392
    vertex 1.388858238074841 0.3542760520108061 -1.407492932943173
    vertex 1.487809896857701 0.2373641077007237 -1.366675877984144
  endloop
endfacet
facet normal 0.533869 -0.0507478 0.844043
  outer loop
    vertex 1.396586168784084 -0.01024423291006884 1.446340310900651
    vertex 1.383537074567741 -0.1681633023740488 1.445099228387801
    vertex 1.504305393990809 -0.09799470518703662 1.372930350564047
  endloop
endfacet
facet normal 0.534632 -0.842475 -0.0663633
  outer loop
    vertex 1.232286359524912 -1.552534441849731 -0.04092531491183307
    vertex 1.244054077111623 -1.532690809478771 -0.1980356614958776
    vertex 1.354822359168459 -1.469971700553183 -0.1018833936826311
  endloop
endfacet
facet normal 0.561792 0.0774623 0.823644
  outer loop
    vertex 2.197126376539073 0.009205341831767595 0.926455834323277
    vertex 2.200303586073755 0.1645110375032619 0.9096824896384317
    vertex 2.08759960544629 0.09602284147480646 0.9929969239279858
  endloop
endfacet
facet normal 0.532395 -0.290992 0.794908
  outer loop
    vertex 2.37653659983162 -0.314462995308483 0.7464579379421659
    vertex 2.28245512969974 -0.2323478962373684 0.8395295388343408
    vertex 2.250225651441524 -0.379668824877017 0.8071857263009198
  endloop
endfacet
facet normal 0.544999 -0.626439 0.55727
  outer loop
    vertex 0.9564413060710817 -1.247537594927401 1.201747851849977
    vertex 1.020149328141523 -1.308023244675469 1.071449385507036
    vertex 1.087735851884195 -1.183615807045482 1.145200186263395
  endloop
endfacet
facet normal 0.534728 0.380419 -0.754551
  outer loop
    vertex 1.189626757757219 0.7021344978099558 -1.416285088318318
    vertex 1.071668502592839 0.6726433700528371 -1.514747109118239
    vertex 1.080598093952262 0.8124083440990608 -1.43795416466902
  endloop
endfacet
facet normal 0.530267 -0.838775 -0.123587
  outer loop
    vertex 2.042968103439526 -1.016775495818443 -0.1417792270008114
    vertex 1.926394357615624 -1.099243321296913 -0.08225257480661401
    vertex 1.933696323846843 -1.072119538541216 -0.2350091929173009
  endloop
endfacet
facet normal 0.533663 -0.844069 -0.0524551
  outer loop
    vertex 1.583004789609766 -1.323610552284467 -0.06720044207082125
    vertex 1.46122925211868 -1.404382505577208 -0.006387427204775124
    vertex 1.474538698085527 -1.386270247856225 -0.1624299524802176
  endloop
endfacet
facet normal 0.535479 0.249722 -0.806784
  outer loop
    vertex 1.388858238074841 0.3542760520108061 -1.407492932943173
    vertex 1.408932118524467 0.4930254101282146 -1.351222685106046
    vertex 1.513882849515264 0.3849202939619275 -1.315026243250984
  endloop
endfacet
facet normal 0.553884 0.782342 -0.284875
  outer loop
    vertex 2.041702729130608 0.9474243415024622 -0.3975031692209706
    vertex 2.121759073118133 0.9379260673499497 -0.2679339369716415
    vertex 2.170696553606061 0.8569843033009609 -0.3950721119535766
  endloop
endfacet
facet normal 0.535261 0.0498914 0.843212
  outer loop
    vertex 0.9405615150462856 0.181573734255519 1.733035431778627
    vertex 0.9417148871970102 0.02443328440343681 1.741601012465421
    vertex 1.053625638066433 0.09311487613309542 1.666497612562653
  endloop
endfacet
facet normal 0.53664 0.0547159 -0.842036
  outer loop
    vertex 1.710904978757281 0.1519451960402219 -1.232928778587732
    vertex 1.799611507768253 0.031257449177999 -1.184237371715859
    vertex 1.672682457161303 0.00129882716118699 -1.267077541309389
  endloop
endfacet
facet normal 0.554925 0.656257 -0.511259
  outer loop
    vertex 1.400114165179148 1.122502697616049 -0.9084990903002134
    vertex 1.501477675472427 1.131702268489386 -0.7866696931996922
    vertex 1.524043298039644 1.023699956778381 -0.9008094700714666
  endloop
endfacet
facet normal 0.533034 -0.811739 -0.238651
  outer loop
    vertex 1.479256340240002 -1.356059135632504 -0.3173160277096942
    vertex 1.476097284054706 -1.313609462987861 -0.4687584211018773
    vertex 1.591754927004548 -1.264954611618124 -0.3759268660967789
  endloop
endfacet
facet normal 0.5361 0.307843 -0.786021
  outer loop
    vertex 1.178796574280957 0.5612523888390899 -1.485307140028714
    vertex 1.055076281981979 0.5337799148327361 -1.580449239266252
    vertex 1.071668502592839 0.6726433700528371 -1.514747109118239
  endloop
endfacet
facet normal 0.535771 -0.0247576 0.844
  outer loop
    vertex 0.9417148871970102 0.02443328440343681 1.741601012465421
    vertex 0.907022551960621 -0.1387603532452963 1.758836641515045
    vertex 1.04552923560402 -0.06663739827443774 1.673028238180371
  endloop
endfacet
facet normal 0.544334 0.448506 -0.708902
  outer loop
    vertex 0.7786130242753934 1.05450266616395 -1.517230497713863
    vertex 0.8867425923965604 1.014619831221514 -1.459435579891747
    vertex 0.8464450739580041 0.8973599319623831 -1.564565886520474
  endloop
endfacet
facet normal 0.534269 0.664206 -0.522865
  outer loop
    vertex 1.501477675472427 1.131702268489386 -0.7866696931996922
    vertex 1.626326375839969 1.035297781866637 -0.7815624593811922
    vertex 1.524043298039644 1.023699956778381 -0.9008094700714666
  endloop
endfacet
facet normal 0.534777 -0.140734 0.833191
  outer loop
    vertex 1.383537074567741 -0.1681633023740488 1.445099228387801
    vertex 1.362725236742905 -0.3246824925688793 1.432019607715535
    vertex 1.486870115939774 -0.2554442950576356 1.364033135041409
  endloop
endfacet
facet normal 0.542156 -0.408191 -0.734471
  outer loop
    vertex 1.970439863971914 -0.4671278768340892 -0.9667735567639151
    vertex 1.897781833573159 -0.6028527046690311 -0.9449760809223282
    vertex 1.838388750953871 -0.4982242716035871 -1.046966020315112
  endloop
endfacet
facet normal 0.557072 0.605919 -0.56792
  outer loop
    vertex 1.64648001108126 0.9237696751743405 -0.8919347151324628
    vertex 1.751230315296391 0.9375478769916431 -0.7744852097033056
    vertex 1.76631443415224 0.8229332999065314 -0.8819725595995992
  endloop
endfacet
facet normal 0.536176 0.0106554 -0.844039
  outer loop
    vertex 2.142093821659566 -0.03518784332146381 -0.9615963948053986
    vertex 2.015703338574065 -0.06541781737307997 -1.042267688197605
    vertex 2.05634764425336 0.08241711548686183 -1.014582042073806
  endloop
endfacet
facet normal 0.554901 0.452301 0.698219
  outer loop
    vertex 1.820108049430998 0.5679916943724128 1.024412552266776
    vertex 1.789441227793879 0.707366930410542 0.9584984000761952
    vertex 1.695159531307558 0.6494534540583615 1.070943537550089
  endloop
endfacet
facet normal 0.545655 0.727953 0.415146
  outer loop
    vertex 1.377290623098566 1.230959251316411 0.7830386926212963
    vertex 1.311986569137745 1.336948770164836 0.683021055812328
    vertex 1.243938006823476 1.307883843953181 0.8234270314027869
  endloop
endfacet
facet normal 0.559137 0.201705 0.804165
  outer loop
    vertex 1.973619273430663 0.1827145360027616 1.055957092038826
    vertex 1.964989143805772 0.3360315038203205 1.023501940280084
    vertex 1.856904839827436 0.2689941955065507 1.115467646722244
  endloop
endfacet
facet normal 0.555729 -0.808727 0.192682
  outer loop
    vertex 2.008620690011725 -1.035777653784668 0.1655111434311601
    vertex 1.977184886489081 -1.021355810450508 0.3167093133903536
    vertex 1.885242432115489 -1.106443477807584 0.2247567541756513
  endloop
endfacet
facet normal 0.534576 -0.831556 -0.15081
  outer loop
    vertex 1.244054077111623 -1.532690809478771 -0.1980356614958776
    vertex 1.24960476551359 -1.501514746198961 -0.3502630892260503
    vertex 1.362493877614591 -1.445656968705194 -0.2581008737696176
  endloop
endfacet
facet normal 0.555661 0.551056 0.622557
  outer loop
    vertex 2.139037888629129 0.6034277040916968 0.7520664603189514
    vertex 2.264849420820382 0.5237311326810231 0.710317212031443
    vertex 2.224896477672565 0.6532274569841815 0.6313534009318545
  endloop
endfacet
facet normal 0.540355 0.601905 0.587985
  outer loop
    vertex 1.090547804845841 1.230447053108767 1.091979058582271
    vertex 1.138782644889437 1.104126798660332 1.176962236205055
    vertex 1.222504712939607 1.152467117976513 1.050537482291677
  endloop
endfacet
facet normal 0.521916 -0.83714 -0.163711
  outer loop
    vertex 2.490477552170852 -0.733124526583891 -0.0649703288436404
    vertex 2.49309562821617 -0.70221578181373 -0.2146763283778286
    vertex 2.597661911463204 -0.654648735185671 -0.124550819181258
  endloop
endfacet
facet normal 0.539507 0.782617 -0.310552
  outer loop
    vertex 1.078919453227736 1.50844091977296 -0.6752240470506899
    vertex 1.036856766155999 1.589235922714022 -0.5446876953680938
    vertex 1.169741089313187 1.498677100792804 -0.542049703806851
  endloop
endfacet
facet normal 0.544476 -0.669471 0.505326
  outer loop
    vertex 0.8865361551873399 -1.375657506476508 1.125810213726972
    vertex 0.9513321626793224 -1.42541214680368 0.9900776629781516
    vertex 1.020149328141523 -1.308023244675469 1.071449385507036
  endloop
endfacet
facet normal 0.556736 0.355885 0.750594
  outer loop
    vertex 1.843811297701782 0.4206453162945529 1.076693652570064
    vertex 1.820108049430998 0.5679916943724128 1.024412552266776
    vertex 1.720953554402649 0.5047236830559326 1.127955838068091
  endloop
endfacet
facet normal 0.535946 -0.227512 0.813019
  outer loop
    vertex 1.362725236742905 -0.3246824925688793 1.432019607715535
    vertex 1.334357644666906 -0.4786490299004176 1.407634193323198
    vertex 1.460991506200088 -0.410430237055916 1.343246710382305
  endloop
endfacet
facet normal 0.54656 -0.375616 -0.748455
  outer loop
    vertex 1.047506800661836 -0.6874873050417115 -1.525295490246646
    vertex 0.9813335803392811 -0.8273721229690341 -1.503416680211235
    vertex 0.9029095082992 -0.7395139797424395 -1.604777862842907
  endloop
endfacet
facet normal 0.559422 0.53359 -0.634294
  outer loop
    vertex 1.884928801227346 0.7201314562712082 -0.8698295273968145
    vertex 1.994768099515804 0.7384429689088652 -0.7575514607749897
    vertex 2.000854785649137 0.615832682609094 -0.8553272332888348
  endloop
endfacet
facet normal 0.541619 0.645915 0.537999
  outer loop
    vertex 1.167829025527766 1.273035968941852 0.9608276033091632
    vertex 1.222504712939607 1.152467117976513 1.050537482291677
    vertex 1.302830479845696 1.194865294973762 0.9187686033285625
  endloop
endfacet
facet normal 0.547771 0.679825 0.487632
  outer loop
    vertex 1.566551745767397 1.040812982785162 0.8376183302545098
    vertex 1.508906877288672 1.154922752813181 0.743287927589195
    vertex 1.434803459710956 1.117956345867671 0.8780666165568107
  endloop
endfacet
facet normal 0.537214 -0.570308 -0.621409
  outer loop
    vertex 1.945650267942711 -0.7011911151025778 -0.8342781725451927
    vertex 1.85949944800742 -0.8245099870890795 -0.7955785909484245
    vertex 1.817676389290642 -0.7334391990116227 -0.9153165997687476
  endloop
endfacet
facet normal 0.552772 0.538386 0.636069
  outer loop
    vertex 1.789441227793879 0.707366930410542 0.9584984000761952
    vertex 1.746726144130059 0.8401573081020756 0.8832223370535506
    vertex 1.66075221775498 0.7874833376276978 1.00252218419787
  endloop
endfacet
facet normal 0.547024 -0.384795 -0.743436
  outer loop
    vertex 1.371351881675914 -0.7279675088769898 -1.268755863501371
    vertex 1.445227285971201 -0.5885359950255415 -1.286566247472732
    vertex 1.505366746414178 -0.6959216048411511 -1.186733715422097
  endloop
endfacet
facet normal 0.549002 -0.458552 -0.698804
  outer loop
    vertex 1.426546139431175 -0.830242621984834 -1.160516735723655
    vertex 1.505366746414178 -0.6959216048411511 -1.186733715422097
    vertex 1.557044470802828 -0.7983393494796255 -1.078928015198068
  endloop
endfacet
facet normal 0.535622 -0.351125 0.767997
  outer loop
    vertex 2.122677851372369 -0.4453082971003307 0.8671970718501608
    vertex 2.033237482369432 -0.3649775667822193 0.9663020420186824
    vertex 1.994376609290122 -0.5106001290134801 0.9268266969831739
  endloop
endfacet
facet normal 0.544206 0.838007 0.0398054
  outer loop
    vertex 1.326949999985779 1.491598684201412 -6.624028810806076e-16
    vertex 1.390582429353238 1.443745780123371 0.1374663680343761
    vertex 1.460179999982935 1.405078421041695 -6.239801657780291e-16
  endloop
endfacet
facet normal 0.544199 0.837996 -0.0401393
  outer loop
    vertex 1.460179999982935 1.405078421041695 -6.239801657780291e-16
    vertex 1.392317850277219 1.442514034156754 -0.1385081773068391
    vertex 1.326949999985779 1.491598684201412 -6.624028810806076e-16
  endloop
endfacet
facet normal 0.53947 0.557148 0.631315
  outer loop
    vertex 1.006795585337761 1.183459641068131 1.219734772695721
    vertex 1.050030206914537 1.051555720021875 1.299197834913437
    vertex 1.138782644889437 1.104126798660332 1.176962236205055
  endloop
endfacet
facet normal 0.531428 -0.847082 -0.00604525
  outer loop
    vertex 2.032264175259521 -1.033496055115991 0.01184636263678379
    vertex 1.909334880425405 -1.111048401094217 0.07224683042312888
    vertex 1.926394357615624 -1.099243321296913 -0.08225257480661401
  endloop
endfacet
facet normal 0.553037 -0.775755 0.303898
  outer loop
    vertex 1.977184886489081 -1.021355810450508 0.3167093133903536
    vertex 1.933922060512465 -0.9944283594935762 0.4641767853745239
    vertex 1.850003102550219 -1.089092226088158 0.3752464483642715
  endloop
endfacet
facet normal 0.535349 0.682939 -0.496987
  outer loop
    vertex 1.400114165179148 1.122502697616049 -0.9084990903002134
    vertex 1.374711638309424 1.227304719147244 -0.7918478249416869
    vertex 1.501477675472427 1.131702268489386 -0.7866696931996922
  endloop
endfacet
facet normal 0.537353 -0.309696 0.784436
  outer loop
    vertex 1.334357644666906 -0.4786490299004176 1.407634193323198
    vertex 1.298005990894129 -0.629213800531352 1.373092596631508
    vertex 1.426962564492866 -0.5620218156617677 1.311282462646414
  endloop
endfacet
facet normal 0.530918 0.583487 -0.614548
  outer loop
    vertex 1.884928801227346 0.7201314562712082 -0.8698295273968145
    vertex 1.874184402808214 0.8387222988111247 -0.7665147393944216
    vertex 1.994768099515804 0.7384429689088652 -0.7575514607749897
  endloop
endfacet
facet normal 0.575593 -0.616512 -0.537221
  outer loop
    vertex 2.896883455954323 -0.4018293702015452 -0.2477671548737163
    vertex 2.780841161541153 -0.4088552719019412 -0.3640349901030684
    vertex 2.88023996003041 -0.3124393907142444 -0.3681828265578356
  endloop
endfacet
facet normal 0.537091 -0.545412 -0.643474
  outer loop
    vertex 2.293451969753724 -0.5215700748185949 -0.688744839163695
    vertex 2.206416806086001 -0.6443671104077291 -0.6573073407363357
    vertex 2.165267280293246 -0.5537559669814395 -0.7684563600235781
  endloop
endfacet
facet normal 0.528588 0.147163 0.836025
  outer loop
    vertex 2.200303586073755 0.1645110375032619 0.9096824896384317
    vertex 2.083995003677804 0.2505166992333993 0.9680809540516317
    vertex 2.08759960544629 0.09602284147480646 0.9929969239279858
  endloop
endfacet
facet normal 0.548485 -0.714073 0.435045
  outer loop
    vertex 1.545024640612219 -1.189983741612462 0.6374828078697345
    vertex 1.491566759029504 -1.145151769879657 0.7784661780757016
    vertex 1.414806211213378 -1.254784613894571 0.6952936094335729
  endloop
endfacet
facet normal 0.550151 -0.730793 0.404073
  outer loop
    vertex 1.933922060512465 -0.9944283594935762 0.4641767853745239
    vertex 1.884154822378447 -0.9535648793802367 0.6058400526977168
    vertex 1.803777302259447 -1.060406898330254 0.5220441258716491
  endloop
endfacet
facet normal 0.545213 -0.311197 -0.778395
  outer loop
    vertex 1.313466208841657 -0.6196802894427955 -1.366404717641687
    vertex 1.380286262425174 -0.4765984361499676 -1.376804894806632
    vertex 1.445227285971201 -0.5885359950255415 -1.286566247472732
  endloop
endfacet
facet normal 0.549992 0.581039 0.599919
  outer loop
    vertex 1.354228223574281 1.074810943521659 1.008521524125208
    vertex 1.269672731272508 1.025069015414951 1.134216552736872
    vertex 1.401218804903886 0.9466299109453687 1.089588626282223
  endloop
endfacet
facet normal 0.532654 -0.23665 0.812574
  outer loop
    vertex 2.159064874988506 -0.2982045596394381 0.903267095651928
    vertex 2.062084595045481 -0.2139797506946395 0.9913682866340455
    vertex 2.033237482369432 -0.3649775667822193 0.9663020420186824
  endloop
endfacet
facet normal 0.549768 0.622585 0.556905
  outer loop
    vertex 1.618122434398925 0.9179081312397125 0.924108419582655
    vertex 1.566551745767397 1.040812982785162 0.8376183302545098
    vertex 1.487057080416464 0.9962532395292697 0.9659092558619488
  endloop
endfacet
facet normal 0.533491 0.274515 0.800018
  outer loop
    vertex 1.616893006124963 0.4396513395587329 1.226914375940953
    vertex 1.494668967703618 0.5250021654469368 1.279132425258994
    vertex 1.509479399097992 0.3727547758879327 1.321497726435753
  endloop
endfacet
facet normal 0.537668 0.516601 0.66636
  outer loop
    vertex 1.401218804903886 0.9466299109453687 1.089588626282223
    vertex 1.439820910161671 0.8114866347411809 1.163212594739389
    vertex 1.531342359846048 0.8671868793541827 1.046184293191
  endloop
endfacet
facet normal 0.546539 -0.667332 0.505927
  outer loop
    vertex 1.491566759029504 -1.145151769879657 0.7784661780757016
    vertex 1.428992094487362 -1.093152022563084 0.9146529380956869
    vertex 1.359607546417134 -1.209625951405831 0.8359748042089942
  endloop
endfacet
facet normal 0.545894 0.761772 0.348859
  outer loop
    vertex 1.241749650365495 1.434727049020608 0.5783988877888385
    vertex 1.108215047543032 1.511894698800456 0.6188494948433138
    vertex 1.17765423753907 1.414027354733497 0.7238953897904133
  endloop
endfacet
facet normal 0.5389 -0.386366 0.748537
  outer loop
    vertex 1.298005990894129 -0.629213800531352 1.373092596631508
    vertex 1.25539551908355 -0.7753230158290504 1.328353456228277
    vertex 1.386208074129962 -0.7090149902741421 1.268402291550167
  endloop
endfacet
facet normal 0.539487 -0.773815 0.331909
  outer loop
    vertex 0.9047661614038405 -1.586769876683677 0.7746578454707724
    vertex 0.9725524970212635 -1.609518292173126 0.6114418586666353
    vertex 1.055373358394156 -1.511675543073875 0.7049356241654837
  endloop
endfacet
facet normal 0.53928 -0.107738 -0.835206
  outer loop
    vertex 2.095734954406443 -0.1812887485535283 -0.9756456097495964
    vertex 1.962326869882018 -0.2137449683956732 -1.057598403867009
    vertex 2.015703338574065 -0.06541781737307997 -1.042267688197605
  endloop
endfacet
facet normal 0.544401 -0.618295 0.566867
  outer loop
    vertex 1.428992094487362 -1.093152022563084 0.9146529380956869
    vertex 1.360280566796048 -1.037686733470844 1.041138772266874
    vertex 1.296503115704015 -1.158636853339468 0.9704654018343373
  endloop
endfacet
facet normal 0.543644 -0.238905 -0.804597
  outer loop
    vertex 1.245514132082895 -0.5081212295100438 -1.458506873451813
    vertex 1.307940253708351 -0.3617415909471161 -1.459790983220624
    vertex 1.380286262425174 -0.4765984361499676 -1.376804894806632
  endloop
endfacet
facet normal 0.544293 0.838141 0.035562
  outer loop
    vertex 1.060489999991468 1.664639210520847 -7.392483116857645e-16
    vertex 1.124440382502242 1.617275913105311 0.1374883830406065
    vertex 1.193719999988624 1.578118947361129 -7.008255963831859e-16
  endloop
endfacet
facet normal 0.544303 0.838156 -0.0350476
  outer loop
    vertex 1.193719999988624 1.578118947361129 -7.008255963831859e-16
    vertex 1.125542386529602 1.616730231141693 -0.1354443017073117
    vertex 1.060489999991468 1.664639210520847 -7.392483116857645e-16
  endloop
endfacet
facet normal 0.532507 -0.834594 -0.14103
  outer loop
    vertex 2.783010819777458 -0.544242545310257 -0.04408501881073569
    vertex 2.683905722046341 -0.609557278749965 -0.0317672474146937
    vertex 2.690915970157783 -0.5820515163349078 -0.1680727535980708
  endloop
endfacet
facet normal 0.52536 0.502343 -0.686767
  outer loop
    vertex 2.453193074266461 0.4515215598598217 -0.6115948759287477
    vertex 2.340297084399348 0.4273537058434825 -0.7156353775514748
    vertex 2.339046666660664 0.5534010495554933 -0.6243931562015084
  endloop
endfacet
facet normal 0.537799 0.556525 0.633287
  outer loop
    vertex 1.746726144130059 0.8401573081020756 0.8832223370535506
    vertex 1.618122434398925 0.9179081312397125 0.924108419582655
    vertex 1.66075221775498 0.7874833376276978 1.00252218419787
  endloop
endfacet
facet normal 0.536867 -0.641058 -0.54847
  outer loop
    vertex 1.513169227186915 -1.015385933651122 -0.9207167103615387
    vertex 1.418788933788307 -1.133380636060821 -0.8751868598903224
    vertex 1.384800753454077 -1.050622813736173 -1.00518418026402
  endloop
endfacet
facet normal 0.535839 0.478425 0.695691
  outer loop
    vertex 1.789441227793879 0.707366930410542 0.9584984000761952
    vertex 1.66075221775498 0.7874833376276978 1.00252218419787
    vertex 1.695159531307558 0.6494534540583615 1.070943537550089
  endloop
endfacet
facet normal 0.569117 0.574875 -0.587898
  outer loop
    vertex 2.675964119502303 0.3706943181533611 -0.4914035500569637
    vertex 2.561699125521898 0.4719949937995183 -0.5029616422858979
    vertex 2.667162277828841 0.4853558496076233 -0.3878026890373126
  endloop
endfacet
facet normal 0.532014 0.490491 -0.690203
  outer loop
    vertex 1.773998592231654 0.6979323937998753 -0.9777377773881566
    vertex 1.659310954597637 0.6735637440409319 -1.083457372181081
    vertex 1.657342988281518 0.8029532444125363 -0.9930239583203923
  endloop
endfacet
facet normal 0.537754 -0.594551 -0.597771
  outer loop
    vertex 1.603092727983751 -0.8927728825159619 -0.9617741467707177
    vertex 1.513169227186915 -1.015385933651122 -0.9207167103615387
    vertex 1.473684818669445 -0.9265277476729861 -1.044616321569267
  endloop
endfacet
facet normal 0.542138 -0.169112 -0.823096
  outer loop
    vertex 1.175864626043512 -0.3931961471422966 -1.540320879819516
    vertex 1.231651738609634 -0.2445565850799201 -1.534115525546011
    vertex 1.307940253708351 -0.3617415909471161 -1.459790983220624
  endloop
endfacet
facet normal 0.536058 -0.814339 -0.222472
  outer loop
    vertex 1.016203254579034 -1.611493112707208 -0.5202797210493871
    vertex 1.137304160024917 -1.555725614477468 -0.4326127058146568
    vertex 1.020739099056678 -1.649007162330512 -0.3720335167322044
  endloop
endfacet
facet normal 0.547219 -0.670369 0.501155
  outer loop
    vertex 1.620769780838459 -1.083048006492455 0.7204603586387692
    vertex 1.561073144407851 -1.031112310368228 0.8551156195702662
    vertex 1.491566759029504 -1.145151769879657 0.7784661780757016
  endloop
endfacet
facet normal 0.538245 0.751312 -0.381867
  outer loop
    vertex 1.118466432985659 1.416424729230619 -0.8005212205118413
    vertex 1.078919453227736 1.50844091977296 -0.6752240470506899
    vertex 1.212179077030873 1.414923326363823 -0.6713865771227064
  endloop
endfacet
facet normal 0.547179 0.787418 0.283846
  outer loop
    vertex 1.166777429715878 1.524634536225773 0.4706151885446501
    vertex 1.033549011895835 1.602509107197536 0.5114119157442718
    vertex 1.108215047543032 1.511894698800456 0.6188494948433138
  endloop
endfacet
facet normal 0.526826 0.439309 -0.727642
  outer loop
    vertex 2.340297084399348 0.4273537058434825 -0.7156353775514748
    vertex 2.225633709334077 0.4003036396059757 -0.8149850140268224
    vertex 2.229082735386615 0.5325658101806801 -0.7326355142177767
  endloop
endfacet
facet normal 0.521999 -0.786448 -0.330176
  outer loop
    vertex 2.49309562821617 -0.70221578181373 -0.2146763283778286
    vertex 2.481493394258024 -0.6497876676223069 -0.3578978805560318
    vertex 2.58891818926864 -0.6141893757382103 -0.2728541039372378
  endloop
endfacet
facet normal 0.532539 0.235655 0.812939
  outer loop
    vertex 1.616893006124963 0.4396513395587329 1.226914375940953
    vertex 1.628589806677854 0.2866078662296164 1.263616259982239
    vertex 1.735881862024775 0.3557634680673585 1.173284735942492
  endloop
endfacet
facet normal 0.538252 -0.79276 0.286037
  outer loop
    vertex 1.463333302468562 -1.290767068675372 0.5499230661999716
    vertex 1.504062127302313 -1.317061318438148 0.4004061802337747
    vertex 1.592993370181913 -1.223744136061988 0.4916904318206594
  endloop
endfacet
facet normal 0.555324 0.441712 -0.704632
  outer loop
    vertex 1.314127312451048 0.8631652006376247 -1.226671617354951
    vertex 1.312065605901419 0.7292154112440905 -1.312265425743609
    vertex 1.198372816775723 0.8385384940918837 -1.333336027383197
  endloop
endfacet
facet normal 0.543004 0.72334 0.426528
  outer loop
    vertex 1.971482517186588 0.9546403729944897 0.4899670890421929
    vertex 1.842339681623261 1.030866832378715 0.5251053315150148
    vertex 1.907576698181651 0.9242651185751032 0.6228370061979743
  endloop
endfacet
facet normal 0.532885 -0.669486 -0.517515
  outer loop
    vertex 1.986594520061732 -0.7896834575209482 -0.7119277972812946
    vertex 2.11140840184878 -0.7559064058340428 -0.6271029031021729
    vertex 2.016700246517605 -0.8674642212100239 -0.5803063765545111
  endloop
endfacet
facet normal 0.538458 0.0933462 -0.837466
  outer loop
    vertex 0.9714617761459121 0.1114824056362879 -1.718843084332204
    vertex 1.002873518445107 0.2597138187124259 -1.682124309146652
    vertex 1.100646752212211 0.1413531567990279 -1.632452788069518
  endloop
endfacet
facet normal 0.544862 0.769065 0.334163
  outer loop
    vertex 1.971482517186588 0.9546403729944897 0.4899670890421929
    vertex 1.905770981645269 1.049135189983302 0.379634796230466
    vertex 1.842339681623261 1.030866832378715 0.5251053315150148
  endloop
endfacet
facet normal 0.533911 0.390569 0.74993
  outer loop
    vertex 1.820108049430998 0.5679916943724128 1.024412552266776
    vertex 1.695159531307558 0.6494534540583615 1.070943537550089
    vertex 1.720953554402649 0.5047236830559326 1.127955838068091
  endloop
endfacet
facet normal 0.533599 0.560539 -0.633299
  outer loop
    vertex 1.538521401121976 0.9064153744063572 -1.006119879937166
    vertex 1.427612164990871 0.8859290738036425 -1.117701389597473
    vertex 1.417828589223233 1.008505885491539 -1.017450766899795
  endloop
endfacet
facet normal 0.54299 -0.247143 -0.802547
  outer loop
    vertex 0.9806373482011335 -0.5754616639024587 -1.61715867965096
    vertex 1.039498470427827 -0.4272421276789322 -1.622978266398945
    vertex 1.114174616883028 -0.5396736923143866 -1.537830473460752
  endloop
endfacet
facet normal 0.537244 -0.813973 0.220946
  outer loop
    vertex 1.376017159758242 -1.385567701952243 0.4593757875684329
    vertex 1.411218857926799 -1.403692882366807 0.307007021687933
    vertex 1.504062127302313 -1.317061318438148 0.4004061802337747
  endloop
endfacet
facet normal 0.560839 -0.601856 -0.568533
  outer loop
    vertex 2.457779575339955 -0.5772166542170128 -0.4901237047817635
    vertex 2.54726460756442 -0.4571953927148945 -0.5289055543790876
    vertex 2.576019728408256 -0.5443516312365096 -0.4082748732105166
  endloop
endfacet
facet normal 0.530654 0.394255 -0.750313
  outer loop
    vertex 1.999222013132809 0.4826693672175944 -0.93813702154335
    vertex 1.880404863978287 0.4547401745219166 -1.036845151768757
    vertex 1.888123789959439 0.5912167290432763 -0.9596737972498938
  endloop
endfacet
facet normal 0.542575 0.685001 0.486195
  outer loop
    vertex 1.508906877288672 1.154922752813181 0.743287927589195
    vertex 1.377290623098566 1.230959251316411 0.7830386926212963
    vertex 1.434803459710956 1.117956345867671 0.8780666165568107
  endloop
endfacet
facet normal 0.546812 0.806936 0.223274
  outer loop
    vertex 1.08437031114493 1.606533368567155 0.3724033915702438
    vertex 0.9575006974303368 1.683520337809231 0.4048756167892218
    vertex 1.033549011895835 1.602509107197536 0.5114119157442718
  endloop
endfacet
facet normal 0.530311 -0.112767 0.84027
  outer loop
    vertex 2.184477319314986 -0.1458410539067816 0.9232682475174602
    vertex 2.080335726868207 -0.05953747098023806 1.000576258916253
    vertex 2.062084595045481 -0.2139797506946395 0.9913682866340455
  endloop
endfacet
facet normal 0.533012 0.181741 0.826359
  outer loop
    vertex 1.509479399097992 0.3727547758879327 1.321497726435753
    vertex 1.516421858957795 0.2175686237778816 1.351149790503857
    vertex 1.628589806677854 0.2866078662296164 1.263616259982239
  endloop
endfacet
facet normal 0.535898 0.666097 -0.518775
  outer loop
    vertex 1.274931920868281 1.220201255728332 -0.9153641407052756
    vertex 1.171773600969893 1.208887133450096 -1.036454279463497
    vertex 1.148588676471637 1.317024741318426 -0.9215578605800673
  endloop
endfacet
facet normal 0.533921 0.522079 -0.665103
  outer loop
    vertex 1.427612164990871 0.8859290738036425 -1.117701389597473
    vertex 1.314127312451048 0.8631652006376247 -1.226671617354951
    vertex 1.308642876709107 0.9902464166812065 -1.13132067761833
  endloop
endfacet
facet normal 0.536273 -0.680092 -0.499886
  outer loop
    vertex 1.418788933788307 -1.133380636060821 -0.8751868598903224
    vertex 1.320462836699397 -1.247063909557171 -0.8260045978712145
    vertex 1.291605737614473 -1.170388789525729 -0.9612783822474447
  endloop
endfacet
facet normal 0.54263 -0.217564 -0.811307
  outer loop
    vertex 2.037820894267759 -0.3259840216326003 -0.9770069146490054
    vertex 1.904970806975001 -0.3578017918420506 -1.057329136191762
    vertex 1.962326869882018 -0.2137449683956732 -1.057598403867009
  endloop
endfacet
facet normal 0.540802 -0.466569 0.699891
  outer loop
    vertex 1.123984446322921 -0.8416418196199381 1.388194775277954
    vertex 1.073354045587345 -0.9823695339182099 1.333503231072467
    vertex 1.203680650772079 -0.9174202225278059 1.276097671421888
  endloop
endfacet
facet normal 0.543739 0.767771 0.338933
  outer loop
    vertex 1.709442825657301 1.108305581421857 0.5632224023527735
    vertex 1.638629883106034 1.20622893811103 0.455003396955334
    vertex 1.579289637144211 1.183055186204487 0.6026956589208782
  endloop
endfacet
facet normal 0.544511 0.729001 0.414808
  outer loop
    vertex 1.311986569137745 1.336948770164836 0.683021055812328
    vertex 1.17765423753907 1.414027354733497 0.7238953897904133
    vertex 1.243938006823476 1.307883843953181 0.8234270314027869
  endloop
endfacet
facet normal 0.550656 0.0310187 -0.834156
  outer loop
    vertex 1.061878618453579 -0.01078760342538202 -1.663702460833389
    vertex 0.9714617761459121 0.1114824056362879 -1.718843084332204
    vertex 1.100646752212211 0.1413531567990279 -1.632452788069518
  endloop
endfacet
facet normal 0.524973 -0.287568 0.801067
  outer loop
    vertex 2.833280091868352 -0.207537074969428 0.4695608393128939
    vertex 2.746514618775101 -0.1265609219656212 0.5554907659093098
    vertex 2.713889640023923 -0.2715460945880151 0.5248243852749155
  endloop
endfacet
facet normal 0.552275 0.707758 0.440536
  outer loop
    vertex 2.303570931473204 0.6951229583731103 0.5018939394322726
    vertex 2.43046158277193 0.6149828740210636 0.4715701118043919
    vertex 2.384485700842541 0.717802630786366 0.3640189580762819
  endloop
endfacet
facet normal 0.528711 0.382973 -0.757493
  outer loop
    vertex 2.225633709334077 0.4003036396059757 -0.8149850140268224
    vertex 2.106722133921045 0.3721162925274739 -0.9122331422212386
    vertex 2.115593074135831 0.5086884749597492 -0.8369933047330985
  endloop
endfacet
facet normal 0.534714 0.210899 0.818293
  outer loop
    vertex 1.158817278951807 0.4775823477341806 1.527883367006749
    vertex 1.168446162106661 0.322167687510907 1.56164656543751
    vertex 1.279834807651712 0.3912486597101831 1.47105531587655
  endloop
endfacet
facet normal 0.563125 0.446166 0.695576
  outer loop
    vertex 2.634078435790324 0.2783000785916401 0.5793678577824939
    vertex 2.605161301304818 0.4153731139905104 0.5148552433794424
    vertex 2.511650648785106 0.3591889514006242 0.6265981576682456
  endloop
endfacet
facet normal 0.530815 0.0273408 0.847046
  outer loop
    vertex 1.858012993498745 0.1148665169863216 1.140956026883576
    vertex 1.853949961558254 -0.04241998786119849 1.148579062814419
    vertex 1.972029820052556 0.02715063351719103 1.072336794004518
  endloop
endfacet
facet normal 0.538082 -0.329016 0.776026
  outer loop
    vertex 1.298005990894129 -0.629213800531352 1.373092596631508
    vertex 1.206215944120183 -0.5462729694674321 1.471903003410922
    vertex 1.168045432645461 -0.6962247876328501 1.434793725825819
  endloop
endfacet
facet normal 0.538648 -0.346274 0.768083
  outer loop
    vertex 1.168045432645461 -0.6962247876328501 1.434793725825819
    vertex 1.077226005745103 -0.613766179551374 1.5356590782087
    vertex 1.038025156943869 -0.7630377799460393 1.495854276008058
  endloop
endfacet
facet normal 0.622882 -0.722766 -0.299379
  outer loop
    vertex 3.325399999944 -0.193794736807 -1.353261414255307e-15
    vertex 3.224909654946206 -0.2393344072872672 -0.09913555744091421
    vertex 3.325399999944 -0.1370335725544909 -0.1370335725544929
  endloop
endfacet
facet normal 0.538083 -0.293986 0.789962
  outer loop
    vertex 1.077226005745103 -0.613766179551374 1.5356590782087
    vertex 0.9834116946543064 -0.5301214412537661 1.630689329409204
    vertex 0.9489563387918699 -0.681105077298038 1.597969716436912
  endloop
endfacet
facet normal 0.535001 0.166967 0.828188
  outer loop
    vertex 1.04835722274463 0.4094292265905953 1.621630405478674
    vertex 1.054676525965939 0.2522742293910942 1.64923154656838
    vertex 1.168446162106661 0.322167687510907 1.56164656543751
  endloop
endfacet
facet normal 0.533451 0.132431 0.835399
  outer loop
    vertex 1.399116961618541 0.3045791207002159 1.412262450923401
    vertex 1.401744577931834 0.1478043751702371 1.435437180622002
    vertex 1.516421858957795 0.2175686237778816 1.351149790503857
  endloop
endfacet
facet normal 0.542115 -0.526415 0.65498
  outer loop
    vertex 1.073354045587345 -0.9823695339182099 1.333503231072467
    vertex 1.011497700046794 -1.121371328308524 1.272983166264239
    vertex 1.150385071041693 -1.052652302882456 1.213258891719791
  endloop
endfacet
facet normal 0.536909 -0.828508 0.159071
  outer loop
    vertex 1.283324928096873 -1.475394003183022 0.3652352779454214
    vertex 1.315024948338697 -1.484301525514293 0.2118443760667951
    vertex 1.411218857926799 -1.403692882366807 0.307007021687933
  endloop
endfacet
facet normal 0.534325 0.485491 -0.691951
  outer loop
    vertex 1.314127312451048 0.8631652006376247 -1.226671617354951
    vertex 1.198372816775723 0.8385384940918837 -1.333336027383197
    vertex 1.196816393887206 0.9695152014276445 -1.242641187428819
  endloop
endfacet
facet normal 0.551776 0.554749 0.622733
  outer loop
    vertex 1.618122434398925 0.9179081312397125 0.924108419582655
    vertex 1.531342359846048 0.8671868793541827 1.046184293191
    vertex 1.66075221775498 0.7874833376276978 1.00252218419787
  endloop
endfacet
facet normal 0.531342 0.252622 0.808615
  outer loop
    vertex 1.964989143805772 0.3360315038203205 1.023501940280084
    vertex 1.843811297701782 0.4206453162945529 1.076693652570064
    vertex 1.856904839827436 0.2689941955065507 1.115467646722244
  endloop
endfacet
facet normal 0.531753 -0.0222887 0.846606
  outer loop
    vertex 1.744416874954334 0.04476730517980021 1.219672197111993
    vertex 1.73068671151172 -0.1139527194997902 1.224117468106124
    vertex 1.853949961558254 -0.04241998786119849 1.148579062814419
  endloop
endfacet
facet normal 0.553994 0.675661 -0.486388
  outer loop
    vertex 1.400114165179148 1.122502697616049 -0.9084990903002134
    vertex 1.274931920868281 1.220201255728332 -0.9153641407052756
    vertex 1.374711638309424 1.227304719147244 -0.7918478249416869
  endloop
endfacet
facet normal 0.542083 -0.542047 0.642131
  outer loop
    vertex 2.019081177074083 -0.7175593964559159 0.7557335134554367
    vertex 1.943114009453181 -0.6509009346657449 0.8761333825769503
    vertex 1.889451850195667 -0.7804267548082305 0.8120970317444962
  endloop
endfacet
facet normal 0.5483 0.644844 0.532488
  outer loop
    vertex 1.167829025527766 1.273035968941852 0.9608276033091632
    vertex 1.090547804845841 1.230447053108767 1.091979058582271
    vertex 1.222504712939607 1.152467117976513 1.050537482291677
  endloop
endfacet
facet normal 0.535913 -0.712663 -0.452669
  outer loop
    vertex 1.320462836699397 -1.247063909557171 -0.8260045978712145
    vertex 1.21859891072176 -1.35678809306516 -0.7738557820079902
    vertex 1.194520945935035 -1.286072186610816 -0.9136937848687224
  endloop
endfacet
facet normal 0.550984 -0.491215 -0.674629
  outer loop
    vertex 1.945650267942711 -0.7011911151025778 -0.8342781725451927
    vertex 1.817676389290642 -0.7334391990116227 -0.9153165997687476
    vertex 1.897781833573159 -0.6028527046690311 -0.9449760809223282
  endloop
endfacet
facet normal 0.534904 0.450613 -0.714721
  outer loop
    vertex 1.198372816775723 0.8385384940918837 -1.333336027383197
    vertex 1.080598093952262 0.8124083440990608 -1.43795416466902
    vertex 1.081037064177498 0.9469193406232358 -1.352819910385522
  endloop
endfacet
facet normal 0.536147 0.698945 -0.47331
  outer loop
    vertex 1.274931920868281 1.220201255728332 -0.9153641407052756
    vertex 1.245845271928625 1.323039180127081 -0.7964499947629795
    vertex 1.374711638309424 1.227304719147244 -0.7918478249416869
  endloop
endfacet
facet normal 0.5403 -0.478813 0.691964
  outer loop
    vertex 1.815870439286878 -0.7134620478957953 0.9324494624814872
    vertex 1.7359566518163 -0.6400157753033623 1.045669848522991
    vertex 1.685130348556505 -0.7776129837594458 0.9901440047819327
  endloop
endfacet
facet normal 0.53524 0.126119 0.835232
  outer loop
    vertex 0.9386005256161843 0.3391111470790826 1.710504078273343
    vertex 0.9405615150462856 0.181573734255519 1.733035431778627
    vertex 1.054676525965939 0.2522742293910942 1.64923154656838
  endloop
endfacet
facet normal 0.5537 -0.475082 -0.683896
  outer loop
    vertex 2.418850362739191 -0.490173075510746 -0.6099645106353268
    vertex 2.497987897207657 -0.3597925801588558 -0.6364640607335166
    vertex 2.54726460756442 -0.4571953927148945 -0.5289055543790876
  endloop
endfacet
facet normal 0.55205 -0.352219 0.755766
  outer loop
    vertex 1.426962564492866 -0.5620218156617677 1.311282462646414
    vertex 1.515715543754439 -0.6414775411658713 1.209423047355026
    vertex 1.556847380872021 -0.4942119429160885 1.248010225849111
  endloop
endfacet
facet normal 0.543907 0.77687 0.317235
  outer loop
    vertex 2.384485700842541 0.717802630786366 0.3640189580762819
    vertex 2.301333549275292 0.8186378687153355 0.2596518512479479
    vertex 2.242031978568044 0.8010478721645903 0.4044016822797992
  endloop
endfacet
facet normal 0.543653 -0.579851 0.606807
  outer loop
    vertex 1.011497700046794 -1.121371328308524 1.272983166264239
    vertex 0.9564413060710817 -1.247537594927401 1.201747851849977
    vertex 1.087735851884195 -1.183615807045482 1.145200186263395
  endloop
endfacet
facet normal 0.545725 -0.316033 -0.776084
  outer loop
    vertex 1.970439863971914 -0.4671278768340892 -0.9667735567639151
    vertex 1.838388750953871 -0.4982242716035871 -1.046966020315112
    vertex 1.904970806975001 -0.3578017918420506 -1.057329136191762
  endloop
endfacet
facet normal 0.549286 0.600611 0.580992
  outer loop
    vertex 1.090547804845841 1.230447053108767 1.091979058582271
    vertex 1.006795585337761 1.183459641068131 1.219734772695721
    vertex 1.138782644889437 1.104126798660332 1.176962236205055
  endloop
endfacet
facet normal 0.531247 -0.00118034 -0.847216
  outer loop
    vertex 2.616225452991432 -0.08014542194599023 -0.6494096254785006
    vertex 2.656122627088112 0.0692460290218245 -0.6246002425145312
    vertex 2.743682534575487 -0.04816333180916216 -0.5695322468341799
  endloop
endfacet
facet normal 0.534881 0.517197 -0.668139
  outer loop
    vertex 1.081037064177498 0.9469193406232358 -1.352819910385522
    vertex 1.076899375310345 1.075088429620692 -1.256918542322905
    vertex 1.196816393887206 0.9695152014276445 -1.242641187428819
  endloop
endfacet
facet normal 0.536183 -0.837901 0.102123
  outer loop
    vertex 1.188541203769149 -1.55789108045681 0.2721414452717432
    vertex 1.214472905744521 -1.560349166952218 0.1158220877570961
    vertex 1.315024948338697 -1.484301525514293 0.2118443760667951
  endloop
endfacet
facet normal 0.535739 -0.739683 -0.407251
  outer loop
    vertex 1.21859891072176 -1.35678809306516 -0.7738557820079902
    vertex 1.113553932041518 -1.462888210582586 -0.7193346595229763
    vertex 1.093927526342617 -1.39795957241787 -0.8630820470664986
  endloop
endfacet
facet normal 0.53286 0.549614 -0.643417
  outer loop
    vertex 0.9649290096395017 1.053720698065306 -1.367901784239377
    vertex 0.9475438140958647 1.198716198775572 -1.258442882595745
    vertex 1.076899375310345 1.075088429620692 -1.256918542322905
  endloop
endfacet
facet normal 0.548098 -0.337577 -0.765265
  outer loop
    vertex 2.234179617416808 -0.4203701961453816 -0.7985518391728119
    vertex 2.307733366176273 -0.2831016111997638 -0.8064236359133991
    vertex 2.368218855237795 -0.3912383396634987 -0.7154010398907454
  endloop
endfacet
facet normal 0.545148 0.768821 0.334257
  outer loop
    vertex 1.905770981645269 1.049135189983302 0.379634796230466
    vertex 1.773678805478993 1.128203520410688 0.4132028449345025
    vertex 1.842339681623261 1.030866832378715 0.5251053315150148
  endloop
endfacet
facet normal 0.52876 0.0166562 0.848608
  outer loop
    vertex 2.197126376539073 0.009205341831767595 0.926455834323277
    vertex 2.08759960544629 0.09602284147480646 0.9929969239279858
    vertex 2.080335726868207 -0.05953747098023806 1.000576258916253
  endloop
endfacet
facet normal 0.550762 0.555706 0.622778
  outer loop
    vertex 1.006795585337761 1.183459641068131 1.219734772695721
    vertex 0.9121296559635608 1.14106241270467 1.34128499597643
    vertex 1.050030206914537 1.051555720021875 1.299197834913437
  endloop
endfacet
facet normal 0.540637 0.632484 0.554685
  outer loop
    vertex 1.566551745767397 1.040812982785162 0.8376183302545098
    vertex 1.434803459710956 1.117956345867671 0.8780666165568107
    vertex 1.487057080416464 0.9962532395292697 0.9659092558619488
  endloop
endfacet
facet normal 0.534294 0.625958 -0.568073
  outer loop
    vertex 1.417828589223233 1.008505885491539 -1.017450766899795
    vertex 1.400114165179148 1.122502697616049 -0.9084990903002134
    vertex 1.524043298039644 1.023699956778381 -0.9008094700714666
  endloop
endfacet
facet normal 0.533105 -0.838927 0.109547
  outer loop
    vertex 2.008620690011725 -1.035777653784668 0.1655111434311601
    vertex 1.885242432115489 -1.106443477807584 0.2247567541756513
    vertex 1.909334880425405 -1.111048401094217 0.07224683042312888
  endloop
endfacet
facet normal 0.532352 0.47241 0.702446
  outer loop
    vertex 2.169716374091628 0.4653369323694885 0.8216856843132471
    vertex 2.264849420820382 0.5237311326810231 0.710317212031443
    vertex 2.139037888629129 0.6034277040916968 0.7520664603189514
  endloop
endfacet
facet normal 0.536872 0.712611 -0.451613
  outer loop
    vertex 1.148588676471637 1.317024741318426 -0.9215578605800673
    vertex 1.118466432985659 1.416424729230619 -0.8005212205118413
    vertex 1.245845271928625 1.323039180127081 -0.7964499947629795
  endloop
endfacet
facet normal 0.544186 -0.627189 0.557221
  outer loop
    vertex 0.9564413060710817 -1.247537594927401 1.201747851849977
    vertex 0.8865361551873399 -1.375657506476508 1.125810213726972
    vertex 1.020149328141523 -1.308023244675469 1.071449385507036
  endloop
endfacet
facet normal 0.532336 0.570876 -0.625076
  outer loop
    vertex 1.657342988281518 0.8029532444125363 -0.9930239583203923
    vertex 1.64648001108126 0.9237696751743405 -0.8919347151324628
    vertex 1.76631443415224 0.8229332999065314 -0.8819725595995992
  endloop
endfacet
facet normal 0.533394 0.600631 -0.595594
  outer loop
    vertex 1.538521401121976 0.9064153744063572 -1.006119879937166
    vertex 1.524043298039644 1.023699956778381 -0.9008094700714666
    vertex 1.64648001108126 0.9237696751743405 -0.8919347151324628
  endloop
endfacet
facet normal 0.527701 0.219255 0.820645
  outer loop
    vertex 2.308202996577731 0.231797663670847 0.8223224561892591
    vertex 2.19037051155929 0.316182874878777 0.8755469486440234
    vertex 2.200303586073755 0.1645110375032619 0.9096824896384317
  endloop
endfacet
facet normal 0.536439 -0.791153 -0.293785
  outer loop
    vertex 1.12730606797273 -1.515148299333734 -0.5768642334517807
    vertex 1.016203254579034 -1.611493112707208 -0.5202797210493871
    vertex 1.00579138397167 -1.565524520677323 -0.6630834425292799
  endloop
endfacet
facet normal 0.552694 -0.830132 -0.0735476
  outer loop
    vertex 1.003621184862659 -1.699941687011828 -0.07442532120544612
    vertex 0.8940953864442102 -1.763349868843982 -0.1817993436040014
    vertex 1.011920964356074 -1.680852773214725 -0.2275109193597708
  endloop
endfacet
facet normal 0.537258 -0.834628 -0.121449
  outer loop
    vertex 0.8940953864442102 -1.763349868843982 -0.1817993436040014
    vertex 0.8982882209058571 -1.739581298041497 -0.3265953343079999
    vertex 1.011920964356074 -1.680852773214725 -0.2275109193597708
  endloop
endfacet
facet normal 0.53528 0.20131 0.820335
  outer loop
    vertex 1.04835722274463 0.4094292265905953 1.621630405478674
    vertex 0.9040036599564409 0.5079651071958364 1.691642347723186
    vertex 0.9386005256161843 0.3391111470790826 1.710504078273343
  endloop
endfacet
facet normal 0.547346 0.684048 0.482174
  outer loop
    vertex 1.377290623098566 1.230959251316411 0.7830386926212963
    vertex 1.302830479845696 1.194865294973762 0.9187686033285625
    vertex 1.434803459710956 1.117956345867671 0.8780666165568107
  endloop
endfacet
facet normal 0.548751 -0.740716 0.387571
  outer loop
    vertex 1.007974233471428 -1.471815940054385 0.8482254331199968
    vertex 0.9047661614038405 -1.586769876683677 0.7746578454707724
    vertex 1.055373358394156 -1.511675543073875 0.7049356241654837
  endloop
endfacet
facet normal 0.541706 0.651738 0.530841
  outer loop
    vertex 1.167829025527766 1.273035968941852 0.9608276033091632
    vertex 1.036209407355041 1.349877206585569 1.000799547493882
    vertex 1.090547804845841 1.230447053108767 1.091979058582271
  endloop
endfacet
facet normal 0.544177 0.762268 0.350455
  outer loop
    vertex 1.108215047543032 1.511894698800456 0.6188494948433138
    vertex 1.045225027239366 1.490292902388006 0.763644344846086
    vertex 1.17765423753907 1.414027354733497 0.7238953897904133
  endloop
endfacet
facet normal 0.533783 0.22217 0.815914
  outer loop
    vertex 1.509479399097992 0.3727547758879327 1.321497726435753
    vertex 1.388550409910565 0.4588101742457013 1.377178791677326
    vertex 1.399116961618541 0.3045791207002159 1.412262450923401
  endloop
endfacet
facet normal 0.538719 0.57045 0.619975
  outer loop
    vertex 1.618122434398925 0.9179081312397125 0.924108419582655
    vertex 1.487057080416464 0.9962532395292697 0.9659092558619488
    vertex 1.531342359846048 0.8671868793541827 1.046184293191
  endloop
endfacet
facet normal 0.536826 0.137432 -0.832424
  outer loop
    vertex 1.359218937551226 0.2060210038795273 -1.45614091848392
    vertex 1.229308749948536 0.1733201096355321 -1.545318165951205
    vertex 1.262226488933055 0.3200236946689584 -1.499869081712284
  endloop
endfacet
facet normal 0.558478 0.384143 -0.735212
  outer loop
    vertex 1.880404863978287 0.4547401745219166 -1.036845151768757
    vertex 1.771464336059688 0.5646869983304694 -1.062151653641992
    vertex 1.888123789959439 0.5912167290432763 -0.9596737972498938
  endloop
endfacet
facet normal 0.541414 -0.455621 -0.706598
  outer loop
    vertex 1.426546139431175 -0.830242621984834 -1.160516735723655
    vertex 1.371351881675914 -0.7279675088769898 -1.268755863501371
    vertex 1.505366746414178 -0.6959216048411511 -1.186733715422097
  endloop
endfacet
facet normal 0.53459 0.257995 0.804768
  outer loop
    vertex 1.388550409910565 0.4588101742457013 1.377178791677326
    vertex 1.265163768469978 0.5445750062480792 1.431647084617713
    vertex 1.279834807651712 0.3912486597101831 1.47105531587655
  endloop
endfacet
facet normal 0.535172 0.290125 0.793359
  outer loop
    vertex 1.265163768469978 0.5445750062480792 1.431647084617713
    vertex 1.142022270183012 0.6297300956770298 1.483573464168799
    vertex 1.158817278951807 0.4775823477341806 1.527883367006749
  endloop
endfacet
facet normal 0.542829 0.688536 0.48089
  outer loop
    vertex 1.377290623098566 1.230959251316411 0.7830386926212963
    vertex 1.243938006823476 1.307883843953181 0.8234270314027869
    vertex 1.302830479845696 1.194865294973762 0.9187686033285625
  endloop
endfacet
facet normal 0.552065 -0.310789 0.773715
  outer loop
    vertex 1.334357644666906 -0.4786490299004176 1.407634193323198
    vertex 1.206215944120183 -0.5462729694674321 1.471903003410922
    vertex 1.298005990894129 -0.629213800531352 1.373092596631508
  endloop
endfacet
facet normal 0.555591 0.552508 -0.621332
  outer loop
    vertex 1.427612164990871 0.8859290738036425 -1.117701389597473
    vertex 1.308642876709107 0.9902464166812065 -1.13132067761833
    vertex 1.417828589223233 1.008505885491539 -1.017450766899795
  endloop
endfacet
facet normal 0.544525 -0.224936 -0.80802
  outer loop
    vertex 1.704876906861239 -0.2663002990674087 -1.217384991310588
    vertex 1.834505350381634 -0.2464610480088136 -1.135551279825499
    vertex 1.774664732478047 -0.3874325921526147 -1.136634340212177
  endloop
endfacet
facet normal 0.543228 -0.38324 -0.747015
  outer loop
    vertex 1.371351881675914 -0.7279675088769898 -1.268755863501371
    vertex 1.313466208841657 -0.6196802894427955 -1.366404717641687
    vertex 1.445227285971201 -0.5885359950255415 -1.286566247472732
  endloop
endfacet
facet normal 0.550798 -0.0131358 -0.834535
  outer loop
    vertex 1.280075101041509 -0.09488120409713548 -1.519079249759013
    vertex 1.193165456230057 0.02351948594489474 -1.578303839999299
    vertex 1.323614994805636 0.05594074566727787 -1.492716609862541
  endloop
endfacet
facet normal 0.541888 0.0218242 -0.840167
  outer loop
    vertex 1.061878618453579 -0.01078760342538202 -1.663702460833389
    vertex 0.9103179211843024 -0.0288709342018024 -1.761925224909437
    vertex 0.9714617761459121 0.1114824056362879 -1.718843084332204
  endloop
endfacet
facet normal 0.54431 0.838167 0.034689
  outer loop
    vertex 0.794029999997156 1.837679736840282 -8.160937422909215e-16
    vertex 0.8727938955407046 1.78042034054122 0.1476246096795146
    vertex 0.9272599999943119 1.751159473680565 -7.77671026988343e-16
  endloop
endfacet
facet normal 0.54439 0.838291 -0.0301354
  outer loop
    vertex 0.9272599999943119 1.751159473680565 -7.77671026988343e-16
    vertex 0.8598877960041926 1.79027818232533 -0.1288826576377274
    vertex 0.794029999997156 1.837679736840282 -8.160937422909215e-16
  endloop
endfacet
facet normal 0.555652 0.0391569 0.830493
  outer loop
    vertex 1.401744577931834 0.1478043751702371 1.435437180622002
    vertex 1.284985342603818 0.07774760968050563 1.516859558683747
    vertex 1.396586168784084 -0.01024423291006884 1.446340310900651
  endloop
endfacet
facet normal 0.55475 0.127336 0.822215
  outer loop
    vertex 1.054676525965939 0.2522742293910942 1.64923154656838
    vertex 1.170131470452787 0.1645749961599836 1.584915776249464
    vertex 1.168446162106661 0.322167687510907 1.56164656543751
  endloop
endfacet
facet normal 0.554208 0.37335 -0.743951
  outer loop
    vertex 1.071668502592839 0.6726433700528371 -1.514747109118239
    vertex 0.9611144807659594 0.7851888989936981 -1.540623832078288
    vertex 1.080598093952262 0.8124083440990608 -1.43795416466902
  endloop
endfacet
facet normal 0.531348 0.535543 -0.656401
  outer loop
    vertex 1.773998592231654 0.6979323937998753 -0.9777377773881566
    vertex 1.76631443415224 0.8229332999065314 -0.8819725595995992
    vertex 1.884928801227346 0.7201314562712082 -0.8698295273968145
  endloop
endfacet
facet normal 0.557658 0.250486 0.791375
  outer loop
    vertex 1.843811297701782 0.4206453162945529 1.076693652570064
    vertex 1.735881862024775 0.3557634680673585 1.173284735942492
    vertex 1.856904839827436 0.2689941955065507 1.115467646722244
  endloop
endfacet
facet normal 0.560244 -0.153416 0.813996
  outer loop
    vertex 2.28245512969974 -0.2323478962373684 0.8395295388343408
    vertex 2.304047679785311 -0.08060460805422921 0.8532675750530905
    vertex 2.184477319314986 -0.1458410539067816 0.9232682475174602
  endloop
endfacet
facet normal 0.554333 -0.222895 0.801893
  outer loop
    vertex 1.010206348789799 -0.3737517460136831 1.65563143922752
    vertex 0.888559041497991 -0.4670394279970398 1.713793373037841
    vertex 0.9834116946543064 -0.5301214412537661 1.630689329409204
  endloop
endfacet
facet normal 0.553623 0.659277 -0.508779
  outer loop
    vertex 1.171773600969893 1.208887133450096 -1.036454279463497
    vertex 1.050060907544479 1.305819402492612 -1.043289742999711
    vertex 1.148588676471637 1.317024741318426 -0.9215578605800673
  endloop
endfacet
facet normal 0.530928 0.141975 0.835439
  outer loop
    vertex 1.973619273430663 0.1827145360027616 1.055957092038826
    vertex 1.856904839827436 0.2689941955065507 1.115467646722244
    vertex 1.858012993498745 0.1148665169863216 1.140956026883576
  endloop
endfacet
facet normal 0.553808 0.157567 -0.8176
  outer loop
    vertex 1.359218937551226 0.2060210038795273 -1.45614091848392
    vertex 1.262226488933055 0.3200236946689584 -1.499869081712284
    vertex 1.388858238074841 0.3542760520108061 -1.407492932943173
  endloop
endfacet
facet normal 0.535378 -0.815617 0.219406
  outer loop
    vertex 1.977184886489081 -1.021355810450508 0.3167093133903536
    vertex 1.850003102550219 -1.089092226088158 0.3752464483642715
    vertex 1.885242432115489 -1.106443477807584 0.2247567541756513
  endloop
endfacet
facet normal 0.538792 0.733177 -0.414915
  outer loop
    vertex 0.8960982417154143 1.504791496089863 -0.9345836709211022
    vertex 0.8578454624212541 1.601802907497163 -0.8128327649586746
    vertex 0.9890839851243212 1.510134969710948 -0.8043940736869292
  endloop
endfacet
facet normal 0.551401 0.745855 -0.373708
  outer loop
    vertex 1.118466432985659 1.416424729230619 -0.8005212205118413
    vertex 0.9890839851243212 1.510134969710948 -0.8043940736869292
    vertex 1.078919453227736 1.50844091977296 -0.6752240470506899
  endloop
endfacet
facet normal 0.55138 -0.329975 0.766222
  outer loop
    vertex 1.168045432645461 -0.6962247876328501 1.434793725825819
    vertex 1.206215944120183 -0.5462729694674321 1.471903003410922
    vertex 1.077226005745103 -0.613766179551374 1.5356590782087
  endloop
endfacet
facet normal 0.546941 0.687721 0.477383
  outer loop
    vertex 1.243938006823476 1.307883843953181 0.8234270314027869
    vertex 1.167829025527766 1.273035968941852 0.9608276033091632
    vertex 1.302830479845696 1.194865294973762 0.9187686033285625
  endloop
endfacet
facet normal 0.538022 -0.779141 0.32167
  outer loop
    vertex 1.933922060512465 -0.9944283594935762 0.4641767853745239
    vertex 1.803777302259447 -1.060406898330254 0.5220441258716491
    vertex 1.850003102550219 -1.089092226088158 0.3752464483642715
  endloop
endfacet
facet normal 0.556494 0.233734 0.797297
  outer loop
    vertex 1.616893006124963 0.4396513395587329 1.226914375940953
    vertex 1.509479399097992 0.3727547758879327 1.321497726435753
    vertex 1.628589806677854 0.2866078662296164 1.263616259982239
  endloop
endfacet
facet normal 0.532734 0.294786 0.793282
  outer loop
    vertex 1.843811297701782 0.4206453162945529 1.076693652570064
    vertex 1.720953554402649 0.5047236830559326 1.127955838068091
    vertex 1.735881862024775 0.3557634680673585 1.173284735942492
  endloop
endfacet
facet normal 0.555254 0.514342 -0.653564
  outer loop
    vertex 1.314127312451048 0.8631652006376247 -1.226671617354951
    vertex 1.196816393887206 0.9695152014276445 -1.242641187428819
    vertex 1.308642876709107 0.9902464166812065 -1.13132067761833
  endloop
endfacet
facet normal 0.541896 -0.714789 0.442069
  outer loop
    vertex 1.491566759029504 -1.145151769879657 0.7784661780757016
    vertex 1.359607546417134 -1.209625951405831 0.8359748042089942
    vertex 1.414806211213378 -1.254784613894571 0.6952936094335729
  endloop
endfacet
facet normal 0.563577 0.488039 -0.666482
  outer loop
    vertex 2.340297084399348 0.4273537058434825 -0.7156353775514748
    vertex 2.229082735386615 0.5325658101806801 -0.7326355142177767
    vertex 2.339046666660664 0.5534010495554933 -0.6243931562015084
  endloop
endfacet
facet normal 0.544832 -0.311043 -0.778724
  outer loop
    vertex 1.313466208841657 -0.6196802894427955 -1.366404717641687
    vertex 1.245514132082895 -0.5081212295100438 -1.458506873451813
    vertex 1.380286262425174 -0.4765984361499676 -1.376804894806632
  endloop
endfacet
facet normal 0.5668 0.270299 0.778252
  outer loop
    vertex 2.533955251676439 0.2135006619210539 0.6747933784288752
    vertex 2.651928728132071 0.131902860124739 0.6172135941266781
    vertex 2.634078435790324 0.2783000785916401 0.5793678577824939
  endloop
endfacet
facet normal 0.562697 -0.822586 -0.0820017
  outer loop
    vertex 2.27310070036549 -0.8709234566921883 -0.1044415292294855
    vertex 2.388817003288794 -0.7865547663433691 -0.1567237336071881
    vertex 2.377286035945316 -0.8094838670704528 -0.005840234758544919
  endloop
endfacet
facet normal 0.564845 0.556289 -0.609502
  outer loop
    vertex 2.453193074266461 0.4515215598598217 -0.6115948759287477
    vertex 2.339046666660664 0.5534010495554933 -0.6243931562015084
    vertex 2.444559393459927 0.5699198350636722 -0.5115344180942614
  endloop
endfacet
facet normal 0.536639 -0.364883 0.760841
  outer loop
    vertex 0.9489563387918699 -0.681105077298038 1.597969716436912
    vertex 0.8920445223681468 -0.8503754317286346 1.556932581680674
    vertex 1.038025156943869 -0.7630377799460393 1.495854276008058
  endloop
endfacet
facet normal 0.554706 0.478121 -0.680957
  outer loop
    vertex 1.198372816775723 0.8385384940918837 -1.333336027383197
    vertex 1.081037064177498 0.9469193406232358 -1.352819910385522
    vertex 1.196816393887206 0.9695152014276445 -1.242641187428819
  endloop
endfacet
facet normal 0.547595 -0.666593 0.50576
  outer loop
    vertex 0.8865361551873399 -1.375657506476508 1.125810213726972
    vertex 0.8190467836704892 -1.484250513518884 1.055756201961299
    vertex 0.9513321626793224 -1.42541214680368 0.9900776629781516
  endloop
endfacet
facet normal 0.561922 0.4266 -0.7087
  outer loop
    vertex 2.225633709334077 0.4003036396059757 -0.8149850140268224
    vertex 2.115593074135831 0.5086884749597492 -0.8369933047330985
    vertex 2.229082735386615 0.5325658101806801 -0.7326355142177767
  endloop
endfacet
facet normal 0.554445 -0.142244 0.819974
  outer loop
    vertex 1.383537074567741 -0.1681633023740488 1.445099228387801
    vertex 1.260220004420752 -0.2379128752748562 1.51638329466567
    vertex 1.362725236742905 -0.3246824925688793 1.432019607715535
  endloop
endfacet
facet normal 0.546404 -0.240062 -0.80238
  outer loop
    vertex 1.245514132082895 -0.5081212295100438 -1.458506873451813
    vertex 1.175864626043512 -0.3931961471422966 -1.540320879819516
    vertex 1.307940253708351 -0.3617415909471161 -1.459790983220624
  endloop
endfacet
facet normal 0.557756 0.526107 -0.641965
  outer loop
    vertex 1.773998592231654 0.6979323937998753 -0.9777377773881566
    vertex 1.657342988281518 0.8029532444125363 -0.9930239583203923
    vertex 1.76631443415224 0.8229332999065314 -0.8819725595995992
  endloop
endfacet
facet normal 0.552433 -0.253297 0.79414
  outer loop
    vertex 1.206215944120183 -0.5462729694674321 1.471903003410922
    vertex 1.23735377176367 -0.3930726712552565 1.499106752658147
    vertex 1.110174645732394 -0.4604190343106767 1.566096529657046
  endloop
endfacet
facet normal 0.539464 -0.400757 0.740522
  outer loop
    vertex 1.168045432645461 -0.6962247876328501 1.434793725825819
    vertex 1.123984446322921 -0.8416418196199381 1.388194775277954
    vertex 1.25539551908355 -0.7753230158290504 1.328353456228277
  endloop
endfacet
facet normal 0.554438 0.209335 0.805467
  outer loop
    vertex 1.158817278951807 0.4775823477341806 1.527883367006749
    vertex 1.04835722274463 0.4094292265905953 1.621630405478674
    vertex 1.168446162106661 0.322167687510907 1.56164656543751
  endloop
endfacet
facet normal 0.551884 -0.584342 -0.594952
  outer loop
    vertex 1.513169227186915 -1.015385933651122 -0.9207167103615387
    vertex 1.384800753454077 -1.050622813736173 -1.00518418026402
    vertex 1.473684818669445 -0.9265277476729861 -1.044616321569267
  endloop
endfacet
facet normal 0.552571 -0.559023 -0.61819
  outer loop
    vertex 1.85949944800742 -0.8245099870890795 -0.7955785909484245
    vertex 1.731721351125713 -0.8587705415485373 -0.8788118822236245
    vertex 1.817676389290642 -0.7334391990116227 -0.9153165997687476
  endloop
endfacet
facet normal 0.55673 0.561943 -0.611778
  outer loop
    vertex 1.657342988281518 0.8029532444125363 -0.9930239583203923
    vertex 1.538521401121976 0.9064153744063572 -1.006119879937166
    vertex 1.64648001108126 0.9237696751743405 -0.8919347151324628
  endloop
endfacet
facet normal 0.556153 0.179913 0.811373
  outer loop
    vertex 1.509479399097992 0.3727547758879327 1.321497726435753
    vertex 1.399116961618541 0.3045791207002159 1.412262450923401
    vertex 1.516421858957795 0.2175686237778816 1.351149790503857
  endloop
endfacet
facet normal 0.554505 0.50996 -0.657621
  outer loop
    vertex 1.081037064177498 0.9469193406232358 -1.352819910385522
    vertex 0.9649290096395017 1.053720698065306 -1.367901784239377
    vertex 1.076899375310345 1.075088429620692 -1.256918542322905
  endloop
endfacet
facet normal 0.544074 -0.667503 0.508354
  outer loop
    vertex 1.428992094487362 -1.093152022563084 0.9146529380956869
    vertex 1.296503115704015 -1.158636853339468 0.9704654018343373
    vertex 1.359607546417134 -1.209625951405831 0.8359748042089942
  endloop
endfacet
facet normal 0.550967 0.568836 0.610624
  outer loop
    vertex 1.487057080416464 0.9962532395292697 0.9659092558619488
    vertex 1.401218804903886 0.9466299109453687 1.089588626282223
    vertex 1.531342359846048 0.8671868793541827 1.046184293191
  endloop
endfacet
facet normal 0.552213 0.0714295 -0.830637
  outer loop
    vertex 1.323614994805636 0.05594074566727787 -1.492716609862541
    vertex 1.229308749948536 0.1733201096355321 -1.545318165951205
    vertex 1.359218937551226 0.2060210038795273 -1.45614091848392
  endloop
endfacet
facet normal 0.555803 0.592341 -0.58328
  outer loop
    vertex 1.538521401121976 0.9064153744063572 -1.006119879937166
    vertex 1.417828589223233 1.008505885491539 -1.017450766899795
    vertex 1.524043298039644 1.023699956778381 -0.9008094700714666
  endloop
endfacet
facet normal 0.553235 0.692266 -0.463355
  outer loop
    vertex 1.274931920868281 1.220201255728332 -0.9153641407052756
    vertex 1.148588676471637 1.317024741318426 -0.9215578605800673
    vertex 1.245845271928625 1.323039180127081 -0.7964499947629795
  endloop
endfacet
facet normal 0.554738 0.203772 0.806686
  outer loop
    vertex 0.9040036599564409 0.5079651071958364 1.691642347723186
    vertex 0.8163480714537206 0.4194554214351328 1.774278811762482
    vertex 0.9386005256161843 0.3391111470790826 1.710504078273343
  endloop
endfacet
facet normal 0.520675 0.103568 -0.84745
  outer loop
    vertex 2.872945991358849 -0.01911355897958238 -0.4872460044152999
    vertex 2.905638448111616 0.123570825414337 -0.4497221078897948
    vertex 2.984780798540543 0.01105748087580661 -0.4148473000454623
  endloop
endfacet
facet normal 0.547756 -0.171396 -0.818894
  outer loop
    vertex 1.175864626043512 -0.3931961471422966 -1.540320879819516
    vertex 1.098168130382737 -0.2770227953545962 -1.616607168336429
    vertex 1.231651738609634 -0.2445565850799201 -1.534115525546011
  endloop
endfacet
facet normal 0.560369 0.371437 -0.740285
  outer loop
    vertex 2.106722133921045 0.3721162925274739 -0.9122331422212386
    vertex 1.999222013132809 0.4826693672175944 -0.93813702154335
    vertex 2.115593074135831 0.5086884749597492 -0.8369933047330985
  endloop
endfacet
facet normal 0.540753 0.809299 0.229396
  outer loop
    vertex 0.9575006974303368 1.683520337809231 0.4048756167892218
    vertex 0.8964015509102644 1.680570217495939 0.5593121147138373
    vertex 1.033549011895835 1.602509107197536 0.5114119157442718
  endloop
endfacet
facet normal 0.547897 -0.248939 -0.798648
  outer loop
    vertex 0.9806373482011335 -0.5754616639024587 -1.61715867965096
    vertex 0.8907432801500026 -0.4753206054174957 -1.710042894862409
    vertex 1.039498470427827 -0.4272421276789322 -1.622978266398945
  endloop
endfacet
facet normal 0.541144 0.639727 0.545814
  outer loop
    vertex 1.302830479845696 1.194865294973762 0.9187686033285625
    vertex 1.354228223574281 1.074810943521659 1.008521524125208
    vertex 1.434803459710956 1.117956345867671 0.8780666165568107
  endloop
endfacet
facet normal 0.529717 0.0834606 0.844058
  outer loop
    vertex 2.08759960544629 0.09602284147480646 0.9929969239279858
    vertex 1.973619273430663 0.1827145360027616 1.055957092038826
    vertex 1.972029820052556 0.02715063351719103 1.072336794004518
  endloop
endfacet
facet normal 0.554385 0.165541 0.81563
  outer loop
    vertex 1.04835722274463 0.4094292265905953 1.621630405478674
    vertex 0.9386005256161843 0.3391111470790826 1.710504078273343
    vertex 1.054676525965939 0.2522742293910942 1.64923154656838
  endloop
endfacet
facet normal 0.529514 0.443283 -0.723267
  outer loop
    vertex 1.999222013132809 0.4826693672175944 -0.93813702154335
    vertex 2.000854785649137 0.615832682609094 -0.8553272332888348
    vertex 2.115593074135831 0.5086884749597492 -0.8369933047330985
  endloop
endfacet
facet normal 0.558592 0.0257507 0.829042
  outer loop
    vertex 1.858012993498745 0.1148665169863216 1.140956026883576
    vertex 1.744416874954334 0.04476730517980021 1.219672197111993
    vertex 1.853949961558254 -0.04241998786119849 1.148579062814419
  endloop
endfacet
facet normal 0.55697 0.481462 -0.676741
  outer loop
    vertex 1.659310954597637 0.6735637440409319 -1.083457372181081
    vertex 1.543173966069621 0.7831857642167634 -1.101050431361895
    vertex 1.657342988281518 0.8029532444125363 -0.9930239583203923
  endloop
endfacet
facet normal 0.533935 -0.778906 -0.328967
  outer loop
    vertex 0.8946992316935637 -1.663510855446307 -0.611387976055079
    vertex 0.8874123015105875 -1.60128564631527 -0.7705478518974064
    vertex 1.00579138397167 -1.565524520677323 -0.6630834425292799
  endloop
endfacet
facet normal 0.552634 -0.630034 -0.545575
  outer loop
    vertex 1.418788933788307 -1.133380636060821 -0.8751868598903224
    vertex 1.291605737614473 -1.170388789525729 -0.9612783822474447
    vertex 1.384800753454077 -1.050622813736173 -1.00518418026402
  endloop
endfacet
facet normal 0.556625 0.292409 0.777603
  outer loop
    vertex 1.720953554402649 0.5047236830559326 1.127955838068091
    vertex 1.616893006124963 0.4396513395587329 1.226914375940953
    vertex 1.735881862024775 0.3557634680673585 1.173284735942492
  endloop
endfacet
facet normal 0.558493 -0.754173 -0.34541
  outer loop
    vertex 1.929929612993525 -1.030595807219661 -0.3846004328084108
    vertex 1.811955186883051 -1.074572323834032 -0.4793342611452052
    vertex 1.916142953417074 -0.9746733908039938 -0.5289937645774265
  endloop
endfacet
facet normal 0.536259 0.365101 0.761004
  outer loop
    vertex 1.245797169278118 0.6923386084056392 1.380408996880819
    vertex 1.117890881982 0.7764427305995164 1.430190997639408
    vertex 1.142022270183012 0.6297300956770298 1.483573464168799
  endloop
endfacet
facet normal 0.5509 -0.347065 0.758983
  outer loop
    vertex 1.077226005745103 -0.613766179551374 1.5356590782087
    vertex 0.9489563387918699 -0.681105077298038 1.597969716436912
    vertex 1.038025156943869 -0.7630377799460393 1.495854276008058
  endloop
endfacet
facet normal 0.550688 -0.387052 0.739549
  outer loop
    vertex 1.298005990894129 -0.629213800531352 1.373092596631508
    vertex 1.168045432645461 -0.6962247876328501 1.434793725825819
    vertex 1.25539551908355 -0.7753230158290504 1.328353456228277
  endloop
endfacet
facet normal 0.554689 0.256516 0.79153
  outer loop
    vertex 1.265163768469978 0.5445750062480792 1.431647084617713
    vertex 1.158817278951807 0.4775823477341806 1.527883367006749
    vertex 1.279834807651712 0.3912486597101831 1.47105531587655
  endloop
endfacet
facet normal 0.555392 0.220448 0.801837
  outer loop
    vertex 1.388550409910565 0.4588101742457013 1.377178791677326
    vertex 1.279834807651712 0.3912486597101831 1.47105531587655
    vertex 1.399116961618541 0.3045791207002159 1.412262450923401
  endloop
endfacet
facet normal 0.553103 -0.763475 -0.333442
  outer loop
    vertex 1.12730606797273 -1.515148299333734 -0.5768642334517807
    vertex 1.00579138397167 -1.565524520677323 -0.6630834425292799
    vertex 1.113553932041518 -1.462888210582586 -0.7193346595229763
  endloop
endfacet
facet normal 0.542326 -0.548262 0.636625
  outer loop
    vertex 1.815870439286878 -0.7134620478957953 0.9324494624814872
    vertex 1.758407981145253 -0.8442328923665524 0.8687802933726594
    vertex 1.889451850195667 -0.7804267548082305 0.8120970317444962
  endloop
endfacet
facet normal 0.551476 -0.782931 0.287911
  outer loop
    vertex 1.463333302468562 -1.290767068675372 0.5499230661999716
    vertex 1.376017159758242 -1.385567701952243 0.4593757875684329
    vertex 1.504062127302313 -1.317061318438148 0.4004061802337747
  endloop
endfacet
facet normal 0.550484 -0.479206 0.683615
  outer loop
    vertex 1.7359566518163 -0.6400157753033623 1.045669848522991
    vertex 1.604473183383507 -0.7090724403442824 1.103139688528237
    vertex 1.685130348556505 -0.7776129837594458 0.9901440047819327
  endloop
endfacet
facet normal 0.536576 -0.697354 -0.475167
  outer loop
    vertex 1.093927526342617 -1.39795957241787 -0.8630820470664986
    vertex 1.067456535020084 -1.324102470671608 -1.001366472558903
    vertex 1.194520945935035 -1.286072186610816 -0.9136937848687224
  endloop
endfacet
facet normal 0.542616 -0.553761 0.631598
  outer loop
    vertex 1.685130348556505 -0.7776129837594458 0.9901440047819327
    vertex 1.626933245575485 -0.9082342645920661 0.9256184962781832
    vertex 1.758407981145253 -0.8442328923665524 0.8687802933726594
  endloop
endfacet
facet normal 0.543581 -0.242595 -0.803534
  outer loop
    vertex 1.245514132082895 -0.5081212295100438 -1.458506873451813
    vertex 1.114174616883028 -0.5396736923143866 -1.537830473460752
    vertex 1.175864626043512 -0.3931961471422966 -1.540320879819516
  endloop
endfacet
facet normal 0.547505 -0.52674 0.650218
  outer loop
    vertex 1.073354045587345 -0.9823695339182099 1.333503231072467
    vertex 0.9404907441198733 -1.048097539900067 1.392132374044709
    vertex 1.011497700046794 -1.121371328308524 1.272983166264239
  endloop
endfacet
facet normal 0.548034 -0.766676 0.334464
  outer loop
    vertex 0.9047661614038405 -1.586769876683677 0.7746578454707724
    vertex 0.8534778718530349 -1.67533581760856 0.6556806153475448
    vertex 0.9725524970212635 -1.609518292173126 0.6114418586666353
  endloop
endfacet
facet normal 0.537367 -0.625516 -0.565657
  outer loop
    vertex 1.291605737614473 -1.170388789525729 -0.9612783822474447
    vertex 1.256131219416122 -1.084359824835351 -1.090111464559798
    vertex 1.384800753454077 -1.050622813736173 -1.00518418026402
  endloop
endfacet
facet normal 0.530294 0.493561 -0.689337
  outer loop
    vertex 1.888123789959439 0.5912167290432763 -0.9596737972498938
    vertex 1.884928801227346 0.7201314562712082 -0.8698295273968145
    vertex 2.000854785649137 0.615832682609094 -0.8553272332888348
  endloop
endfacet
facet normal 0.526999 -0.701616 -0.47959
  outer loop
    vertex 2.481493394258024 -0.6497876676223069 -0.3578978805560318
    vertex 2.457779575339955 -0.5772166542170128 -0.4901237047817635
    vertex 2.576019728408256 -0.5443516312365096 -0.4082748732105166
  endloop
endfacet
facet normal 0.55905 0.0811701 0.825151
  outer loop
    vertex 1.973619273430663 0.1827145360027616 1.055957092038826
    vertex 1.858012993498745 0.1148665169863216 1.140956026883576
    vertex 1.972029820052556 0.02715063351719103 1.072336794004518
  endloop
endfacet
facet normal 0.546705 -0.380401 -0.745928
  outer loop
    vertex 1.371351881675914 -0.7279675088769898 -1.268755863501371
    vertex 1.2410404495136 -0.7593221984488459 -1.348273671168046
    vertex 1.313466208841657 -0.6196802894427955 -1.366404717641687
  endloop
endfacet
facet normal 0.537169 -0.682902 -0.495071
  outer loop
    vertex 0.9690812839498941 -1.437759781256215 -0.9513277963099502
    vertex 0.9393666876043187 -1.361498462264791 -1.088764211244808
    vertex 1.067456535020084 -1.324102470671608 -1.001366472558903
  endloop
endfacet
facet normal 0.553881 0.00364341 -0.832588
  outer loop
    vertex 2.015703338574065 -0.06541781737307997 -1.042267688197605
    vertex 1.929163227436546 0.05115774836280207 -1.09932856430824
    vertex 2.05634764425336 0.08241711548686183 -1.014582042073806
  endloop
endfacet
facet normal 0.558738 0.48347 -0.673846
  outer loop
    vertex 1.888123789959439 0.5912167290432763 -0.9596737972498938
    vertex 1.773998592231654 0.6979323937998753 -0.9777377773881566
    vertex 1.884928801227346 0.7201314562712082 -0.8698295273968145
  endloop
endfacet
facet normal 0.553127 -0.668625 -0.496982
  outer loop
    vertex 1.320462836699397 -1.247063909557171 -0.8260045978712145
    vertex 1.194520945935035 -1.286072186610816 -0.9136937848687224
    vertex 1.291605737614473 -1.170388789525729 -0.9612783822474447
  endloop
endfacet
facet normal 0.548338 -0.542015 0.636824
  outer loop
    vertex 1.943114009453181 -0.6509009346657449 0.8761333825769503
    vertex 1.815870439286878 -0.7134620478957953 0.9324494624814872
    vertex 1.889451850195667 -0.7804267548082305 0.8120970317444962
  endloop
endfacet
facet normal 0.544659 -0.315596 -0.777011
  outer loop
    vertex 1.838388750953871 -0.4982242716035871 -1.046966020315112
    vertex 1.774664732478047 -0.3874325921526147 -1.136634340212177
    vertex 1.904970806975001 -0.3578017918420506 -1.057329136191762
  endloop
endfacet
facet normal 0.552007 -0.803438 0.223104
  outer loop
    vertex 1.376017159758242 -1.385567701952243 0.4593757875684329
    vertex 1.283324928096873 -1.475394003183022 0.3652352779454214
    vertex 1.411218857926799 -1.403692882366807 0.307007021687933
  endloop
endfacet
facet normal 0.554695 -0.829647 -0.0632404
  outer loop
    vertex 1.232286359524912 -1.552534441849731 -0.04092531491183307
    vertex 1.12432811081758 -1.617396077204633 -0.1369344755433164
    vertex 1.244054077111623 -1.532690809478771 -0.1980356614958776
  endloop
endfacet
facet normal 0.539387 -0.822634 0.179816
  outer loop
    vertex 1.283324928096873 -1.475394003183022 0.3652352779454214
    vertex 1.152667491058349 -1.550167422632188 0.4150849528770212
    vertex 1.188541203769149 -1.55789108045681 0.2721414452717432
  endloop
endfacet
facet normal 0.545741 -0.61538 0.568749
  outer loop
    vertex 2.019081177074083 -0.7175593964559159 0.7557335134554367
    vertex 1.889451850195667 -0.7804267548082305 0.8120970317444962
    vertex 1.955855078675063 -0.839691470498288 0.684256321930426
  endloop
endfacet
facet normal 0.538146 -0.554068 -0.635143
  outer loop
    vertex 1.731721351125713 -0.8587705415485373 -0.8788118822236245
    vertex 1.688070680128172 -0.7657775751574907 -0.9969189725593722
    vertex 1.817676389290642 -0.7334391990116227 -0.9153165997687476
  endloop
endfacet
facet normal 0.545461 -0.314905 -0.776728
  outer loop
    vertex 1.838388750953871 -0.4982242716035871 -1.046966020315112
    vertex 1.70950610917624 -0.528991120513423 -1.12500086632828
    vertex 1.774664732478047 -0.3874325921526147 -1.136634340212177
  endloop
endfacet
facet normal 0.553415 -0.701014 -0.449791
  outer loop
    vertex 1.21859891072176 -1.35678809306516 -0.7738557820079902
    vertex 1.093927526342617 -1.39795957241787 -0.8630820470664986
    vertex 1.194520945935035 -1.286072186610816 -0.9136937848687224
  endloop
endfacet
facet normal 0.550145 -0.401356 0.732293
  outer loop
    vertex 1.168045432645461 -0.6962247876328501 1.434793725825819
    vertex 1.038025156943869 -0.7630377799460393 1.495854276008058
    vertex 1.123984446322921 -0.8416418196199381 1.388194775277954
  endloop
endfacet
facet normal 0.529253 0.274134 0.802958
  outer loop
    vertex 2.069051974648335 0.4018041093360318 0.9262799533307388
    vertex 2.083995003677804 0.2505166992333993 0.9680809540516317
    vertex 2.19037051155929 0.316182874878777 0.8755469486440234
  endloop
endfacet
facet normal 0.552323 -0.256929 -0.793049
  outer loop
    vertex 0.8907432801500026 -0.4753206054174957 -1.710042894862409
    vertex 0.8676419057308775 -0.6155335063829211 -1.680706340401233
    vertex 0.771593130772009 -0.5775124260683493 -1.759917834926162
  endloop
endfacet
facet normal 0.559727 0.432651 -0.706767
  outer loop
    vertex 1.999222013132809 0.4826693672175944 -0.93813702154335
    vertex 1.888123789959439 0.5912167290432763 -0.9596737972498938
    vertex 2.000854785649137 0.615832682609094 -0.8553272332888348
  endloop
endfacet
facet normal 0.564386 -0.825384 0.0145095
  outer loop
    vertex 2.476812604475763 -0.7398010273900707 0.08676706611610789
    vertex 2.377286035945316 -0.8094838670704528 -0.005840234758544919
    vertex 2.490477552170852 -0.733124526583891 -0.0649703288436404
  endloop
endfacet
facet normal 0.552729 -0.817522 0.161702
  outer loop
    vertex 1.283324928096873 -1.475394003183022 0.3652352779454214
    vertex 1.188541203769149 -1.55789108045681 0.2721414452717432
    vertex 1.315024948338697 -1.484301525514293 0.2118443760667951
  endloop
endfacet
facet normal 0.539485 -0.526664 -0.656948
  outer loop
    vertex 1.473684818669445 -0.9265277476729861 -1.044616321569267
    vertex 1.426546139431175 -0.830242621984834 -1.160516735723655
    vertex 1.557044470802828 -0.7983393494796255 -1.078928015198068
  endloop
endfacet
facet normal 0.546176 -0.711197 0.442596
  outer loop
    vertex 1.359607546417134 -1.209625951405831 0.8359748042089942
    vertex 1.277096151340849 -1.328123963271401 0.7473845062806286
    vertex 1.414806211213378 -1.254784613894571 0.6952936094335729
  endloop
endfacet
facet normal 0.539385 -0.785814 0.302589
  outer loop
    vertex 1.463333302468562 -1.290767068675372 0.5499230661999716
    vertex 1.331598145126066 -1.359295377294232 0.6067841074058956
    vertex 1.376017159758242 -1.385567701952243 0.4593757875684329
  endloop
endfacet
facet normal 0.516773 -0.0685315 0.853375
  outer loop
    vertex 2.865529148017113 -0.06007400945690086 0.4887592416002846
    vertex 2.752662765326283 0.03434762372549575 0.5646896670786437
    vertex 2.746514618775101 -0.1265609219656212 0.5554907659093098
  endloop
endfacet
facet normal 0.541758 -0.315481 -0.779083
  outer loop
    vertex 1.047506800661836 -0.6874873050417115 -1.525295490246646
    vertex 0.9029095082992 -0.7395139797424395 -1.604777862842907
    vertex 0.9806373482011335 -0.5754616639024587 -1.61715867965096
  endloop
endfacet
facet normal 0.538937 -0.539623 -0.646804
  outer loop
    vertex 1.603092727983751 -0.8927728825159619 -0.9617741467707177
    vertex 1.557044470802828 -0.7983393494796255 -1.078928015198068
    vertex 1.688070680128172 -0.7657775751574907 -0.9969189725593722
  endloop
endfacet
facet normal 0.534634 0.552029 -0.639868
  outer loop
    vertex 1.196816393887206 0.9695152014276445 -1.242641187428819
    vertex 1.187139791132791 1.093647839656189 -1.143634286517999
    vertex 1.308642876709107 0.9902464166812065 -1.13132067761833
  endloop
endfacet
facet normal 0.552053 -0.367108 0.748644
  outer loop
    vertex 0.9489563387918699 -0.681105077298038 1.597969716436912
    vertex 0.8186253624936523 -0.7536697468503503 1.658493197865881
    vertex 0.8920445223681468 -0.8503754317286346 1.556932581680674
  endloop
endfacet
facet normal 0.533251 -0.592641 -0.603673
  outer loop
    vertex 2.457779575339955 -0.5772166542170128 -0.4901237047817635
    vertex 2.418850362739191 -0.490173075510746 -0.6099645106353268
    vertex 2.54726460756442 -0.4571953927148945 -0.5289055543790876
  endloop
endfacet
facet normal 0.553326 -0.826348 0.104785
  outer loop
    vertex 1.188541203769149 -1.55789108045681 0.2721414452717432
    vertex 1.088468406163525 -1.636708879743701 0.1790171206606491
    vertex 1.214472905744521 -1.560349166952218 0.1158220877570961
  endloop
endfacet
facet normal 0.558803 -0.820716 -0.119016
  outer loop
    vertex 1.926394357615624 -1.099243321296913 -0.08225257480661401
    vertex 1.819031129934129 -1.158760935162499 -0.1759192866398281
    vertex 1.933696323846843 -1.072119538541216 -0.2350091929173009
  endloop
endfacet
facet normal 0.552443 -0.653805 -0.517054
  outer loop
    vertex 1.067456535020084 -1.324102470671608 -1.001366472558903
    vertex 1.162485436302718 -1.207285310087704 -1.04754656729705
    vertex 1.194520945935035 -1.286072186610816 -0.9136937848687224
  endloop
endfacet
facet normal 0.5519 -0.768418 0.323945
  outer loop
    vertex 1.803777302259447 -1.060406898330254 0.5220441258716491
    vertex 1.721903396980763 -1.156545487102423 0.4334844948013615
    vertex 1.850003102550219 -1.089092226088158 0.3752464483642715
  endloop
endfacet
facet normal 0.527995 0.391721 0.753509
  outer loop
    vertex 2.511650648785106 0.3591889514006242 0.6265981576682456
    vertex 2.388720849881223 0.4392134856931696 0.6711351629254845
    vertex 2.414242345863363 0.2969130408569292 0.7272284663640322
  endloop
endfacet
facet normal 0.547864 -0.548344 0.631794
  outer loop
    vertex 1.815870439286878 -0.7134620478957953 0.9324494624814872
    vertex 1.685130348556505 -0.7776129837594458 0.9901440047819327
    vertex 1.758407981145253 -0.8442328923665524 0.8687802933726594
  endloop
endfacet
facet normal 0.552014 0.718139 -0.423742
  outer loop
    vertex 1.019094999050705 1.413223434572675 -0.9295396572318868
    vertex 0.8960982417154143 1.504791496089863 -0.9345836709211022
    vertex 0.9890839851243212 1.510134969710948 -0.8043940736869292
  endloop
endfacet
facet normal 0.550476 -0.431387 0.71476
  outer loop
    vertex 1.470865555014286 -0.7797272118081212 1.16052514014388
    vertex 1.515715543754439 -0.6414775411658713 1.209423047355026
    vertex 1.386208074129962 -0.7090149902741421 1.268402291550167
  endloop
endfacet
facet normal 0.539123 -0.469367 -0.699315
  outer loop
    vertex 2.418850362739191 -0.490173075510746 -0.6099645106353268
    vertex 2.368218855237795 -0.3912383396634987 -0.7154010398907454
    vertex 2.497987897207657 -0.3597925801588558 -0.6364640607335166
  endloop
endfacet
facet normal 0.539993 -0.757121 0.367663
  outer loop
    vertex 1.545024640612219 -1.189983741612462 0.6374828078697345
    vertex 1.414806211213378 -1.254784613894571 0.6952936094335729
    vertex 1.463333302468562 -1.290767068675372 0.5499230661999716
  endloop
endfacet
facet normal 0.558083 -0.829783 -0.00178027
  outer loop
    vertex 1.909334880425405 -1.111048401094217 0.07224683042312888
    vertex 1.808449398720186 -1.178697348045107 -0.02241403015707153
    vertex 1.926394357615624 -1.099243321296913 -0.08225257480661401
  endloop
endfacet
facet normal 0.554231 -0.352328 0.754117
  outer loop
    vertex 2.033237482369432 -0.3649775667822193 0.9663020420186824
    vertex 1.906419269851897 -0.4313423528967217 1.028499754997175
    vertex 1.994376609290122 -0.5106001290134801 0.9268266969831739
  endloop
endfacet
facet normal 0.552834 -0.78061 -0.291586
  outer loop
    vertex 1.016203254579034 -1.611493112707208 -0.5202797210493871
    vertex 0.8946992316935637 -1.663510855446307 -0.611387976055079
    vertex 1.00579138397167 -1.565524520677323 -0.6630834425292799
  endloop
endfacet
facet normal 0.527412 0.657223 -0.538419
  outer loop
    vertex 2.221235648916041 0.6539890060434914 -0.6339848346522717
    vertex 2.201623566069609 0.7641445016066075 -0.518734198110766
    vertex 2.322895187039421 0.6666797136519579 -0.5189125245669421
  endloop
endfacet
facet normal 0.55082 -0.530631 -0.644227
  outer loop
    vertex 1.603092727983751 -0.8927728825159619 -0.9617741467707177
    vertex 1.473684818669445 -0.9265277476729861 -1.044616321569267
    vertex 1.557044470802828 -0.7983393494796255 -1.078928015198068
  endloop
endfacet
facet normal 0.551601 -0.544066 -0.632241
  outer loop
    vertex 1.731721351125713 -0.8587705415485373 -0.8788118822236245
    vertex 1.603092727983751 -0.8927728825159619 -0.9617741467707177
    vertex 1.688070680128172 -0.7657775751574907 -0.9969189725593722
  endloop
endfacet
facet normal 0.539505 -0.763776 0.354372
  outer loop
    vertex 1.676194595925533 -1.124256892706853 0.5794470781781476
    vertex 1.545024640612219 -1.189983741612462 0.6374828078697345
    vertex 1.592993370181913 -1.223744136061988 0.4916904318206594
  endloop
endfacet
facet normal 0.538615 -0.771225 0.339273
  outer loop
    vertex 1.803777302259447 -1.060406898330254 0.5220441258716491
    vertex 1.676194595925533 -1.124256892706853 0.5794470781781476
    vertex 1.721903396980763 -1.156545487102423 0.4334844948013615
  endloop
endfacet
facet normal 0.545686 -0.616357 0.567742
  outer loop
    vertex 1.758407981145253 -0.8442328923665524 0.8687802933726594
    vertex 1.822065943140079 -0.9051320028049558 0.7414814084359866
    vertex 1.889451850195667 -0.7804267548082305 0.8120970317444962
  endloop
endfacet
facet normal 0.560153 0.0141992 0.828268
  outer loop
    vertex 2.08759960544629 0.09602284147480646 0.9929969239279858
    vertex 1.972029820052556 0.02715063351719103 1.072336794004518
    vertex 2.080335726868207 -0.05953747098023806 1.000576258916253
  endloop
endfacet
facet normal 0.545486 -0.711267 0.443333
  outer loop
    vertex 1.359607546417134 -1.209625951405831 0.8359748042089942
    vertex 1.218526402603579 -1.288832120384269 0.8824882805143468
    vertex 1.277096151340849 -1.328123963271401 0.7473845062806286
  endloop
endfacet
facet normal 0.52701 0.618184 -0.583188
  outer loop
    vertex 2.339046666660664 0.5534010495554933 -0.6243931562015084
    vertex 2.322895187039421 0.6666797136519579 -0.5189125245669421
    vertex 2.444559393459927 0.5699198350636722 -0.5115344180942614
  endloop
endfacet
facet normal 0.561124 0.211171 -0.800341
  outer loop
    vertex 2.208760540260469 0.259729556230079 -0.8814776347183741
    vertex 2.327931781832523 0.2906864853311952 -0.7897579446000859
    vertex 2.306971126142896 0.1461851443032043 -0.8425804899887271
  endloop
endfacet
facet normal 0.552782 -0.686457 -0.47245
  outer loop
    vertex 1.093927526342617 -1.39795957241787 -0.8630820470664986
    vertex 0.9690812839498941 -1.437759781256215 -0.9513277963099502
    vertex 1.067456535020084 -1.324102470671608 -1.001366472558903
  endloop
endfacet
facet normal 0.552168 -0.459099 -0.695944
  outer loop
    vertex 2.418850362739191 -0.490173075510746 -0.6099645106353268
    vertex 2.293451969753724 -0.5215700748185949 -0.688744839163695
    vertex 2.368218855237795 -0.3912383396634987 -0.7154010398907454
  endloop
endfacet
facet normal 0.534823 0.282218 0.796441
  outer loop
    vertex 1.031742610520523 0.565602164993502 1.585439917759349
    vertex 0.9120435245489444 0.6660833425595937 1.630214357864463
    vertex 0.9040036599564409 0.5079651071958364 1.691642347723186
  endloop
endfacet
facet normal 0.53777 -0.82935 0.151598
  outer loop
    vertex 1.060559749565464 -1.631961491348392 0.3279856580424239
    vertex 0.9326254291402273 -1.703489877735173 0.3905004693914868
    vertex 0.9638006768712311 -1.710308045820709 0.2426107668906197
  endloop
endfacet
facet normal 0.542455 -0.334851 -0.770466
  outer loop
    vertex 2.234179617416808 -0.4203701961453816 -0.7985518391728119
    vertex 2.17185328460257 -0.3088891155964675 -0.8908840608157594
    vertex 2.307733366176273 -0.2831016111997638 -0.8064236359133991
  endloop
endfacet
facet normal 0.551011 -0.761632 0.341033
  outer loop
    vertex 1.676194595925533 -1.124256892706853 0.5794470781781476
    vertex 1.592993370181913 -1.223744136061988 0.4916904318206594
    vertex 1.721903396980763 -1.156545487102423 0.4334844948013615
  endloop
endfacet
facet normal 0.55029 -0.755298 0.355957
  outer loop
    vertex 1.545024640612219 -1.189983741612462 0.6374828078697345
    vertex 1.463333302468562 -1.290767068675372 0.5499230661999716
    vertex 1.592993370181913 -1.223744136061988 0.4916904318206594
  endloop
endfacet
facet normal 0.572268 0.403763 -0.713782
  outer loop
    vertex 2.670402831208397 0.2337074613146371 -0.5733512775939165
    vertex 2.567379167696278 0.3453416168570563 -0.5928018207148336
    vertex 2.675964119502303 0.3706943181533611 -0.4914035500569637
  endloop
endfacet
facet normal 0.553812 -0.671489 -0.492336
  outer loop
    vertex 0.9690812839498941 -1.437759781256215 -0.9513277963099502
    vertex 0.850497121095005 -1.465209212945546 -1.047281180097142
    vertex 0.9393666876043187 -1.361498462264791 -1.088764211244808
  endloop
endfacet
facet normal 0.545652 -0.312058 -0.777743
  outer loop
    vertex 1.047506800661836 -0.6874873050417115 -1.525295490246646
    vertex 0.9806373482011335 -0.5754616639024587 -1.61715867965096
    vertex 1.114174616883028 -0.5396736923143866 -1.537830473460752
  endloop
endfacet
facet normal 0.553539 -0.821579 0.13639
  outer loop
    vertex 1.315024948338697 -1.484301525514293 0.2118443760667951
    vertex 1.439989009826419 -1.409983838061903 0.1523483850080228
    vertex 1.411218857926799 -1.403692882366807 0.307007021687933
  endloop
endfacet
facet normal 0.538971 0.794299 -0.280355
  outer loop
    vertex 1.384497820702148 1.39565475788179 -0.4085626756189422
    vertex 1.518379412378409 1.304851984662127 -0.4084424546084748
    vertex 1.432058444279672 1.317381939782297 -0.5388910778933347
  endloop
endfacet
facet normal 0.556593 0.0324457 0.830152
  outer loop
    vertex 1.625613738447021 -0.02632651733752247 1.29737779799839
    vertex 1.632247468777066 0.129459390267155 1.286841329152194
    vertex 1.515191064676853 0.05994809193046283 1.368041101730861
  endloop
endfacet
facet normal 0.552029 -0.192408 -0.811322
  outer loop
    vertex 2.563671275338864 -0.223564491697395 -0.6511555088173628
    vertex 2.493112815020592 -0.1111288199459319 -0.7258284400669442
    vertex 2.616225452991432 -0.08014542194599023 -0.6494096254785006
  endloop
endfacet
facet normal 0.555911 0.633297 -0.538422
  outer loop
    vertex 1.524043298039644 1.023699956778381 -0.9008094700714666
    vertex 1.626326375839969 1.035297781866637 -0.7815624593811922
    vertex 1.64648001108126 0.9237696751743405 -0.8919347151324628
  endloop
endfacet
facet normal 0.531357 0.803403 -0.268708
  outer loop
    vertex 2.586200033694857 0.6597471695323454 -0.1370671159146688
    vertex 2.717854789813797 0.5707125380847454 -0.1429285076843309
    vertex 2.630877196637879 0.5861786359975849 -0.2686808033358151
  endloop
endfacet
facet normal 0.550307 -0.0667886 -0.832287
  outer loop
    vertex 1.543084631652418 -0.03088002762221347 -1.350886818536148
    vertex 1.495781650682784 -0.1797817281973121 -1.370214540115837
    vertex 1.412476445405559 -0.06279117984531753 -1.434683940874968
  endloop
endfacet
facet normal 0.555647 0.130687 0.821083
  outer loop
    vertex 1.399116961618541 0.3045791207002159 1.412262450923401
    vertex 1.285621074286719 0.234842471540289 1.500167553345431
    vertex 1.401744577931834 0.1478043751702371 1.435437180622002
  endloop
endfacet
facet normal 0.565651 -0.758544 -0.323498
  outer loop
    vertex 2.49309562821617 -0.70221578181373 -0.2146763283778286
    vertex 2.382710401733537 -0.7467788275255715 -0.303197770191683
    vertex 2.481493394258024 -0.6497876676223069 -0.3578978805560318
  endloop
endfacet
facet normal 0.557933 -0.795379 -0.236818
  outer loop
    vertex 1.591754927004548 -1.264954611618124 -0.3759268660967789
    vertex 1.701819779193384 -1.171219096001627 -0.431439358759804
    vertex 1.704459847339567 -1.215017527854416 -0.278117914229272
  endloop
endfacet
facet normal 0.55091 -0.444055 -0.706622
  outer loop
    vertex 2.293451969753724 -0.5215700748185949 -0.688744839163695
    vertex 2.165267280293246 -0.5537559669814395 -0.7684563600235781
    vertex 2.234179617416808 -0.4203701961453816 -0.7985518391728119
  endloop
endfacet
facet normal 0.554502 0.248794 -0.794121
  outer loop
    vertex 1.637386955183429 0.414092413473488 -1.221730594596992
    vertex 1.76506017284575 0.4343214638624435 -1.126243942490534
    vertex 1.739191458776023 0.2974032944314742 -1.187202784772399
  endloop
endfacet
facet normal 0.565605 0.630001 -0.532155
  outer loop
    vertex 2.561699125521898 0.4719949937995183 -0.5029616422858979
    vertex 2.444559393459927 0.5699198350636722 -0.5115344180942614
    vertex 2.542153129695933 0.5813544258222544 -0.394269082111313
  endloop
endfacet
facet normal 0.552377 -0.0728207 0.830407
  outer loop
    vertex 0.907022551960621 -0.1387603532452963 1.758836641515045
    vertex 1.027689320192816 -0.2217576252656036 1.671292232624034
    vertex 1.04552923560402 -0.06663739827443774 1.673028238180371
  endloop
endfacet
facet normal 0.533539 0.786891 -0.310062
  outer loop
    vertex 2.763402007399995 0.491213093098024 -0.2663109658293206
    vertex 2.717854789813797 0.5707125380847454 -0.1429285076843309
    vertex 2.850439743458811 0.4832876838087102 -0.136654466703193
  endloop
endfacet
facet normal 0.538835 -0.454216 -0.709468
  outer loop
    vertex 2.293451969753724 -0.5215700748185949 -0.688744839163695
    vertex 2.234179617416808 -0.4203701961453816 -0.7985518391728119
    vertex 2.368218855237795 -0.3912383396634987 -0.7154010398907454
  endloop
endfacet
facet normal 0.551271 -0.745291 0.375022
  outer loop
    vertex 2.142976284528435 -0.8260663714952908 0.4923592344665607
    vertex 2.062831039836794 -0.9292292401976129 0.4051523318680989
    vertex 2.192261393736916 -0.8613239842194794 0.3498433991463038
  endloop
endfacet
facet normal 0.56431 0.529942 0.633021
  outer loop
    vertex 2.855523347577882 0.2576575145008637 0.4272573544521049
    vertex 2.81435984561488 0.3873027997271548 0.3554183925108589
    vertex 2.731288439423837 0.3370749438412544 0.4715217576488031
  endloop
endfacet
facet normal 0.533434 0.641721 -0.551038
  outer loop
    vertex 1.64648001108126 0.9237696751743405 -0.8919347151324628
    vertex 1.626326375839969 1.035297781866637 -0.7815624593811922
    vertex 1.751230315296391 0.9375478769916431 -0.7744852097033056
  endloop
endfacet
facet normal 0.549282 -0.749779 0.368946
  outer loop
    vertex 1.414806211213378 -1.254784613894571 0.6952936094335729
    vertex 1.331598145126066 -1.359295377294232 0.6067841074058956
    vertex 1.463333302468562 -1.290767068675372 0.5499230661999716
  endloop
endfacet
facet normal 0.538026 -0.635689 -0.553559
  outer loop
    vertex 0.9393666876043187 -1.361498462264791 -1.088764211244808
    vertex 0.9109016413756289 -1.27428486504943 -1.216583859299493
    vertex 1.034527836513313 -1.241585727304085 -1.133977231269833
  endloop
endfacet
facet normal 0.540343 -0.0405575 -0.840467
  outer loop
    vertex 1.148656030556558 -0.1287151323360756 -1.602221850492428
    vertex 1.013859266778529 -0.1595361227392866 -1.687396503799151
    vertex 1.061878618453579 -0.01078760342538202 -1.663702460833389
  endloop
endfacet
facet normal 0.544175 -0.311499 -0.779001
  outer loop
    vertex 1.181414455237794 -0.6512373505643588 -1.446248797437932
    vertex 1.047506800661836 -0.6874873050417115 -1.525295490246646
    vertex 1.114174616883028 -0.5396736923143866 -1.537830473460752
  endloop
endfacet
facet normal 0.552889 -0.198341 0.809305
  outer loop
    vertex 1.110174645732394 -0.4604190343106767 1.566096529657046
    vertex 1.135796478024018 -0.3049153090912198 1.586702731258381
    vertex 1.010206348789799 -0.3737517460136831 1.65563143922752
  endloop
endfacet
facet normal 0.546968 -0.442839 -0.710436
  outer loop
    vertex 1.29959469034144 -0.8593923665175173 -1.240815268986637
    vertex 1.167153709218507 -0.8966094922808855 -1.319583570785275
    vertex 1.2410404495136 -0.7593221984488459 -1.348273671168046
  endloop
endfacet
facet normal 0.542902 -0.668568 0.508208
  outer loop
    vertex 1.296503115704015 -1.158636853339468 0.9704654018343373
    vertex 1.218526402603579 -1.288832120384269 0.8824882805143468
    vertex 1.359607546417134 -1.209625951405831 0.8359748042089942
  endloop
endfacet
facet normal 0.512996 -0.653784 -0.556238
  outer loop
    vertex 2.896883455954323 -0.4018293702015452 -0.2477671548737163
    vertex 2.88023996003041 -0.3124393907142444 -0.3681828265578356
    vertex 2.993788896011552 -0.2987672077610594 -0.2795309786545455
  endloop
endfacet
facet normal 0.536845 -0.252082 0.805141
  outer loop
    vertex 1.334357644666906 -0.4786490299004176 1.407634193323198
    vertex 1.23735377176367 -0.3930726712552565 1.499106752658147
    vertex 1.206215944120183 -0.5462729694674321 1.471903003410922
  endloop
endfacet
facet normal 0.543908 0.765661 0.343407
  outer loop
    vertex 1.506791606072688 1.280978174933449 0.4991929471818667
    vertex 1.444515546329296 1.260502902643118 0.6434810211148111
    vertex 1.579289637144211 1.183055186204487 0.6026956589208782
  endloop
endfacet
facet normal 0.55958 0.566719 0.604732
  outer loop
    vertex 2.731288439423837 0.3370749438412544 0.4715217576488031
    vertex 2.685498637200443 0.4641548902622638 0.3948008619520172
    vertex 2.605161301304818 0.4153731139905104 0.5148552433794424
  endloop
endfacet
facet normal 0.56122 0.216542 0.798837
  outer loop
    vertex 2.19037051155929 0.316182874878777 0.8755469486440234
    vertex 2.083995003677804 0.2505166992333993 0.9680809540516317
    vertex 2.200303586073755 0.1645110375032619 0.9096824896384317
  endloop
endfacet
facet normal 0.554575 0.544867 -0.62894
  outer loop
    vertex 1.076899375310345 1.075088429620692 -1.256918542322905
    vertex 1.187139791132791 1.093647839656189 -1.143634286517999
    vertex 1.196816393887206 0.9695152014276445 -1.242641187428819
  endloop
endfacet
facet normal 0.572128 -0.679503 -0.459288
  outer loop
    vertex 2.996417237799768 -0.3696099794084847 -0.1714470303601535
    vertex 2.896883455954323 -0.4018293702015452 -0.2477671548737163
    vertex 2.993788896011552 -0.2987672077610594 -0.2795309786545455
  endloop
endfacet
facet normal 0.575855 0.470543 0.668566
  outer loop
    vertex 2.972729516383189 0.1733067534239973 0.3856711063104044
    vertex 2.943659681912454 0.3104787922016033 0.3141669066540977
    vertex 2.855523347577882 0.2576575145008637 0.4272573544521049
  endloop
endfacet
facet normal 0.524448 0.645538 -0.555188
  outer loop
    vertex 2.561699125521898 0.4719949937995183 -0.5029616422858979
    vertex 2.542153129695933 0.5813544258222544 -0.394269082111313
    vertex 2.667162277828841 0.4853558496076233 -0.3878026890373126
  endloop
endfacet
facet normal 0.535879 -0.833658 0.133596
  outer loop
    vertex 1.411218857926799 -1.403692882366807 0.307007021687933
    vertex 1.439989009826419 -1.409983838061903 0.1523483850080228
    vertex 1.538823877508863 -1.331266027841081 0.2471129982247821
  endloop
endfacet
facet normal 0.553349 -0.172289 0.814936
  outer loop
    vertex 1.260220004420752 -0.2379128752748562 1.51638329466567
    vertex 1.135796478024018 -0.3049153090912198 1.586702731258381
    vertex 1.23735377176367 -0.3930726712552565 1.499106752658147
  endloop
endfacet
facet normal 0.531489 -0.843917 -0.0729656
  outer loop
    vertex 1.808449398720186 -1.178697348045107 -0.02241403015707153
    vertex 1.819031129934129 -1.158760935162499 -0.1759192866398281
    vertex 1.926394357615624 -1.099243321296913 -0.08225257480661401
  endloop
endfacet
facet normal 0.564113 -0.290425 0.772936
  outer loop
    vertex 2.746514618775101 -0.1265609219656212 0.5554907659093098
    vertex 2.625114217438639 -0.1921753206055349 0.6194383911818117
    vertex 2.713889640023923 -0.2715460945880151 0.5248243852749155
  endloop
endfacet
facet normal 0.53518 0.57849 -0.615574
  outer loop
    vertex 1.076899375310345 1.075088429620692 -1.256918542322905
    vertex 1.065381126777252 1.195688914892185 -1.153597392435541
    vertex 1.187139791132791 1.093647839656189 -1.143634286517999
  endloop
endfacet
facet normal 0.54905 0.631176 0.547869
  outer loop
    vertex 1.434803459710956 1.117956345867671 0.8780666165568107
    vertex 1.354228223574281 1.074810943521659 1.008521524125208
    vertex 1.487057080416464 0.9962532395292697 0.9659092558619488
  endloop
endfacet
facet normal 0.55232 -0.823478 0.129718
  outer loop
    vertex 1.060559749565464 -1.631961491348392 0.3279856580424239
    vertex 0.9638006768712311 -1.710308045820709 0.2426107668906197
    vertex 1.088468406163525 -1.636708879743701 0.1790171206606491
  endloop
endfacet
facet normal 0.548803 0.802502 -0.234107
  outer loop
    vertex 1.036856766155999 1.589235922714022 -0.5446876953680938
    vertex 0.9037521193792316 1.67949114310351 -0.5473289265240369
    vertex 0.9897132785144309 1.660594279832024 -0.4105920019458288
  endloop
endfacet
facet normal 0.536911 0.592873 0.60019
  outer loop
    vertex 2.685498637200443 0.4641548902622638 0.3948008619520172
    vertex 2.555463059734283 0.5375486149729756 0.4386275767482805
    vertex 2.605161301304818 0.4153731139905104 0.5148552433794424
  endloop
endfacet
facet normal 0.553599 0.388091 0.736827
  outer loop
    vertex 1.370337027494838 0.6096887944524662 1.330370706716314
    vertex 1.34438486862498 0.7538994117052247 1.27391281653291
    vertex 1.245797169278118 0.6923386084056392 1.380408996880819
  endloop
endfacet
facet normal 0.558979 -0.828689 0.0285778
  outer loop
    vertex 2.032264175259521 -1.033496055115991 0.01184636263678379
    vertex 2.151400837164532 -0.9551123095292118 -0.04551057396017792
    vertex 2.131871094622898 -0.9630599933352957 0.1060252972250377
  endloop
endfacet
facet normal 0.518619 -0.709254 -0.477486
  outer loop
    vertex 2.996417237799768 -0.3696099794084847 -0.1714470303601535
    vertex 2.993788896011552 -0.2987672077610594 -0.2795309786545455
    vertex 3.112916359820699 -0.2706386337417796 -0.1919231890374082
  endloop
endfacet
facet normal 0.538065 0.0553817 -0.841082
  outer loop
    vertex 1.193165456230057 0.02351948594489474 -1.578303839999299
    vertex 1.229308749948536 0.1733201096355321 -1.545318165951205
    vertex 1.323614994805636 0.05594074566727787 -1.492716609862541
  endloop
endfacet
facet normal 0.54422 0.82168 -0.169312
  outer loop
    vertex 0.9040929220305944 1.742571315923724 -0.2879632341961594
    vertex 1.050170879286967 1.648853855275847 -0.2732398890105052
    vertex 0.9897132785144309 1.660594279832024 -0.4105920019458288
  endloop
endfacet
facet normal 0.537575 0.76117 -0.362813
  outer loop
    vertex 1.469866270279059 1.230328356823233 -0.6655075508684537
    vertex 1.432058444279672 1.317381939782297 -0.5388910778933347
    vertex 1.562885937191293 1.226361158506678 -0.5360047197074799
  endloop
endfacet
facet normal 0.534837 -0.0380395 0.844099
  outer loop
    vertex 1.165587224187224 0.005170848766309173 1.596380145575503
    vertex 1.156123022420585 -0.1523150320078684 1.595279708140739
    vertex 1.275730154126464 -0.08101018824386118 1.522707716457272
  endloop
endfacet
facet normal 0.548936 0.697796 0.460163
  outer loop
    vertex 2.685498637200443 0.4641548902622638 0.3948008619520172
    vertex 2.613845574190203 0.5839897648422643 0.2985582940712335
    vertex 2.555463059734283 0.5375486149729756 0.4386275767482805
  endloop
endfacet
facet normal 0.540424 0.802964 -0.251376
  outer loop
    vertex 1.169741089313187 1.498677100792804 -0.542049703806851
    vertex 1.116343555840915 1.575665753349869 -0.4109239967935779
    vertex 1.253283955602863 1.484181807217464 -0.4087457726036769
  endloop
endfacet
facet normal 0.540592 -0.465123 -0.701015
  outer loop
    vertex 1.505366746414178 -0.6959216048411511 -1.186733715422097
    vertex 1.635670680378938 -0.6663149620130662 -1.105893007521945
    vertex 1.557044470802828 -0.7983393494796255 -1.078928015198068
  endloop
endfacet
facet normal 0.553374 -0.228803 0.800891
  outer loop
    vertex 1.362725236742905 -0.3246824925688793 1.432019607715535
    vertex 1.23735377176367 -0.3930726712552565 1.499106752658147
    vertex 1.334357644666906 -0.4786490299004176 1.407634193323198
  endloop
endfacet
facet normal 0.551044 -0.533302 -0.641826
  outer loop
    vertex 0.863177835425647 -1.175284849632839 -1.3537898260668
    vertex 0.9631631747291379 -1.047667282922455 -1.373985929269187
    vertex 0.9982160243176459 -1.150319182168045 -1.258596228167639
  endloop
endfacet
facet normal 0.555038 0.0856689 0.827402
  outer loop
    vertex 1.285621074286719 0.234842471540289 1.500167553345431
    vertex 1.170131470452787 0.1645749961599836 1.584915776249464
    vertex 1.284985342603818 0.07774760968050563 1.516859558683747
  endloop
endfacet
facet normal 0.552747 0.243492 0.796983
  outer loop
    vertex 1.04835722274463 0.4094292265905953 1.621630405478674
    vertex 1.031742610520523 0.565602164993502 1.585439917759349
    vertex 0.9040036599564409 0.5079651071958364 1.691642347723186
  endloop
endfacet
facet normal 0.553695 0.288602 0.781109
  outer loop
    vertex 1.142022270183012 0.6297300956770298 1.483573464168799
    vertex 1.031742610520523 0.565602164993502 1.585439917759349
    vertex 1.158817278951807 0.4775823477341806 1.527883367006749
  endloop
endfacet
facet normal 0.533676 0.683793 -0.497612
  outer loop
    vertex 1.751230315296391 0.9375478769916431 -0.7744852097033056
    vertex 1.726336561452972 1.042485420513545 -0.6569833470404527
    vertex 1.853708442437761 0.9471308826622797 -0.6514115252551334
  endloop
endfacet
facet normal 0.542411 -0.750906 0.376736
  outer loop
    vertex 1.277096151340849 -1.328123963271401 0.7473845062806286
    vertex 1.331598145126066 -1.359295377294232 0.6067841074058956
    vertex 1.414806211213378 -1.254784613894571 0.6952936094335729
  endloop
endfacet
facet normal 0.553449 0.363667 0.749293
  outer loop
    vertex 1.142022270183012 0.6297300956770298 1.483573464168799
    vertex 1.117890881982 0.7764427305995164 1.430190997639408
    vertex 1.018777838050217 0.7158173463982754 1.532823150678613
  endloop
endfacet
facet normal 0.532533 0.217983 -0.817858
  outer loop
    vertex 2.086893311646689 0.2290705688546045 -0.9714449693750746
    vertex 1.961413697761576 0.2001243442472974 -1.060863613568956
    vertex 1.988665642516783 0.3418692600329921 -1.005339896240957
  endloop
endfacet
facet normal 0.534934 0.636951 0.555102
  outer loop
    vertex 2.352099550167299 0.5758814207184063 0.5919520785628815
    vertex 2.43046158277193 0.6149828740210636 0.4715701118043919
    vertex 2.303570931473204 0.6951229583731103 0.5018939394322726
  endloop
endfacet
facet normal 0.553526 0.571705 -0.605609
  outer loop
    vertex 0.9475438140958647 1.198716198775572 -1.258442882595745
    vertex 1.065381126777252 1.195688914892185 -1.153597392435541
    vertex 1.076899375310345 1.075088429620692 -1.256918542322905
  endloop
endfacet
facet normal 0.531421 0.569875 0.626765
  outer loop
    vertex 2.731288439423837 0.3370749438412544 0.4715217576488031
    vertex 2.81435984561488 0.3873027997271548 0.3554183925108589
    vertex 2.685498637200443 0.4641548902622638 0.3948008619520172
  endloop
endfacet
facet normal 0.539505 0.582367 0.608098
  outer loop
    vertex 1.487057080416464 0.9962532395292697 0.9659092558619488
    vertex 1.354228223574281 1.074810943521659 1.008521524125208
    vertex 1.401218804903886 0.9466299109453687 1.089588626282223
  endloop
endfacet
facet normal 0.622882 0.299379 0.722766
  outer loop
    vertex 3.325399999944 0.1370335725544918 0.1370335725544921
    vertex 3.224909654946206 0.09913555744091214 0.2393344072872678
    vertex 3.325399999944 -3.754131767316246e-16 0.193794736807
  endloop
endfacet
facet normal 0.54577 -0.617507 0.56641
  outer loop
    vertex 1.49406216374245 -0.9740164159377145 0.9819312272939571
    vertex 1.561073144407851 -1.031112310368228 0.8551156195702662
    vertex 1.626933245575485 -0.9082342645920661 0.9256184962781832
  endloop
endfacet
facet normal 0.539966 0.835362 0.102989
  outer loop
    vertex 1.124440382502242 1.617275913105311 0.1374883830406065
    vertex 1.140326631246652 1.592565151411815 0.2546313390095208
    vertex 1.249019140530801 1.533336136680302 0.1651785079718531
  endloop
endfacet
facet normal 0.593477 0.465738 -0.65641
  outer loop
    vertex 2.908417963733601 0.2637495158397481 -0.3824597705430935
    vertex 3.004827340227183 0.2948272861317568 -0.2732431599468534
    vertex 3.000225925642143 0.1638421447751086 -0.3703403723092303
  endloop
endfacet
facet normal 0.563361 0.353933 -0.746563
  outer loop
    vertex 2.340297084399348 0.4273537058434825 -0.7156353775514748
    vertex 2.327931781832523 0.2906864853311952 -0.7897579446000859
    vertex 2.225633709334077 0.4003036396059757 -0.8149850140268224
  endloop
endfacet
facet normal 0.555076 -0.828516 0.0738397
  outer loop
    vertex 1.564631601350243 -1.33425356569507 0.0894257524686576
    vertex 1.686358656876678 -1.257778161698796 0.03245475275062602
    vertex 1.664994801304929 -1.258418907937347 0.1858641760550677
  endloop
endfacet
facet normal 0.545732 -0.430725 -0.718786
  outer loop
    vertex 0.7897363441500613 -0.9898558957499987 -1.551614637676243
    vertex 0.8780854367558444 -0.8678906574575066 -1.557622845146327
    vertex 0.9309298985272989 -0.9486968568652066 -1.469078809769866
  endloop
endfacet
facet normal 0.56304 -0.0966098 0.820763
  outer loop
    vertex 2.404543560587395 -0.1652863293256582 0.7743601329181845
    vertex 2.423165746633694 -0.01210006835418681 0.7796165150407406
    vertex 2.304047679785311 -0.08060460805422921 0.8532675750530905
  endloop
endfacet
facet normal 0.554063 0.120816 -0.823661
  outer loop
    vertex 1.613058339087096 0.2691166555824437 -1.2777659204092
    vertex 1.581076418413574 0.1204195274776657 -1.32109078763855
    vertex 1.487809896857701 0.2373641077007237 -1.366675877984144
  endloop
endfacet
facet normal 0.552193 -0.753108 0.357647
  outer loop
    vertex 2.192261393736916 -0.8613239842194794 0.3498433991463038
    vertex 2.319937953828757 -0.7934928776590113 0.2955497799684069
    vertex 2.271648451490427 -0.7621195836155195 0.4361706459968898
  endloop
endfacet
facet normal 0.553903 0.336648 0.761485
  outer loop
    vertex 1.265163768469978 0.5445750062480792 1.431647084617713
    vertex 1.245797169278118 0.6923386084056392 1.380408996880819
    vertex 1.142022270183012 0.6297300956770298 1.483573464168799
  endloop
endfacet
facet normal 0.534711 0.318965 -0.782525
  outer loop
    vertex 1.637386955183429 0.414092413473488 -1.221730594596992
    vertex 1.659811656735369 0.5462759945861458 -1.152528085680191
    vertex 1.76506017284575 0.4343214638624435 -1.126243942490534
  endloop
endfacet
facet normal 0.501831 0.366083 -0.783676
  outer loop
    vertex 2.905638448111616 0.123570825414337 -0.4497221078897948
    vertex 2.908417963733601 0.2637495158397481 -0.3824597705430935
    vertex 3.000225925642143 0.1638421447751086 -0.3703403723092303
  endloop
endfacet
facet normal 0.526832 0.683601 -0.505112
  outer loop
    vertex 2.444559393459927 0.5699198350636722 -0.5115344180942614
    vertex 2.412768355321985 0.6783597723235889 -0.3979338262753764
    vertex 2.542153129695933 0.5813544258222544 -0.394269082111313
  endloop
endfacet
facet normal 0.544716 -0.616359 0.56867
  outer loop
    vertex 1.889451850195667 -0.7804267548082305 0.8120970317444962
    vertex 1.822065943140079 -0.9051320028049558 0.7414814084359866
    vertex 1.955855078675063 -0.839691470498288 0.684256321930426
  endloop
endfacet
facet normal 0.556462 -0.199127 0.806659
  outer loop
    vertex 1.712462298630311 -0.2721122292039239 1.211050786207518
    vertex 1.809619089159726 -0.3524487438790804 1.124197170809668
    vertex 1.83800471227 -0.1987150098488502 1.142565540565372
  endloop
endfacet
facet normal 0.535243 -0.10579 0.838047
  outer loop
    vertex 0.907022551960621 -0.1387603532452963 1.758836641515045
    vertex 0.9031405633193123 -0.3043304711549585 1.740415364058415
    vertex 1.027689320192816 -0.2217576252656036 1.671292232624034
  endloop
endfacet
facet normal 0.554925 0.310014 -0.771978
  outer loop
    vertex 1.532360737369078 0.5216094968546789 -1.254049953599035
    vertex 1.659811656735369 0.5462759945861458 -1.152528085680191
    vertex 1.637386955183429 0.414092413473488 -1.221730594596992
  endloop
endfacet
facet normal 0.555925 -0.761517 0.333226
  outer loop
    vertex 2.401322846207038 -0.697464450692954 0.3792269679310608
    vertex 2.319937953828757 -0.7934928776590113 0.2955497799684069
    vertex 2.445509394462191 -0.7279471532250358 0.2358484302965647
  endloop
endfacet
facet normal 0.550106 0.806572 -0.21639
  outer loop
    vertex 1.644864052993476 1.218887917722428 -0.4073160702376857
    vertex 1.518379412378409 1.304851984662127 -0.4084424546084748
    vertex 1.589292005997847 1.292329051421957 -0.2748466671971883
  endloop
endfacet
facet normal 0.551859 0.462633 0.693846
  outer loop
    vertex 1.21535877469141 0.8331438820961308 1.323697715575489
    vertex 1.34438486862498 0.7538994117052247 1.27391281653291
    vertex 1.309165884983952 0.8923907084083751 1.209583431729184
  endloop
endfacet
facet normal 0.537066 -0.664472 -0.519652
  outer loop
    vertex 1.194520945935035 -1.286072186610816 -0.9136937848687224
    vertex 1.162485436302718 -1.207285310087704 -1.04754656729705
    vertex 1.291605737614473 -1.170388789525729 -0.9612783822474447
  endloop
endfacet
facet normal 0.534099 0.0871893 0.840914
  outer loop
    vertex 1.401744577931834 0.1478043751702371 1.435437180622002
    vertex 1.285621074286719 0.234842471540289 1.500167553345431
    vertex 1.284985342603818 0.07774760968050563 1.516859558683747
  endloop
endfacet
facet normal 0.554082 0.605355 -0.571436
  outer loop
    vertex 1.187139791132791 1.093647839656189 -1.143634286517999
    vertex 1.065381126777252 1.195688914892185 -1.153597392435541
    vertex 1.171773600969893 1.208887133450096 -1.036454279463497
  endloop
endfacet
facet normal 0.536858 0.499004 0.680278
  outer loop
    vertex 1.531342359846048 0.8671868793541827 1.046184293191
    vertex 1.569442651373412 0.7307933335230369 1.116165054779681
    vertex 1.66075221775498 0.7874833376276978 1.00252218419787
  endloop
endfacet
facet normal 0.535171 0.647608 -0.542398
  outer loop
    vertex 1.400114165179148 1.122502697616049 -0.9084990903002134
    vertex 1.295042105219937 1.10966271491757 -1.027501802683319
    vertex 1.274931920868281 1.220201255728332 -0.9153641407052756
  endloop
endfacet
facet normal 0.536767 -0.840772 -0.0706016
  outer loop
    vertex 0.6608000000000001 -1.909027108269319 -0.2411662080244275
    vertex 0.7761320023814658 -1.844708425584159 -0.1302752325495673
    vertex 0.6608000000000001 -1.922512149676223 -0.08057713290571897
  endloop
endfacet
facet normal 0.53637 -0.797038 -0.277558
  outer loop
    vertex 0.6608000000000001 -1.789075914146175 -0.7083452642758532
    vertex 0.7764253857572005 -1.751928319284049 -0.5915769909978424
    vertex 0.6608000000000001 -1.842074177151205 -0.5561549836805478
  endloop
endfacet
facet normal 0.543625 0.837112 -0.0609547
  outer loop
    vertex 2.259559999965873 0.8859568420833879 -3.934438739625574e-16
    vertex 2.197442860999316 0.9165252174544426 -0.1341859817959045
    vertex 2.126329999968716 0.9724771052431059 -4.318665892651362e-16
  endloop
endfacet
facet normal 0.536036 -0.391112 -0.748128
  outer loop
    vertex 0.6608000000000001 -0.8192845128295125 -1.741068214355115
    vertex 0.7773595710048801 -0.8525859264913861 -1.640143346013494
    vertex 0.6608000000000001 -0.9621 -1.666406081962017
  endloop
endfacet
facet normal 0.543196 -0.680594 0.491661
  outer loop
    vertex 1.955855078675063 -0.839691470498288 0.684256321930426
    vertex 1.822065943140079 -0.9051320028049558 0.7414814084359866
    vertex 1.884154822378447 -0.9535648793802367 0.6058400526977168
  endloop
endfacet
facet normal 0.535415 0.244313 0.808481
  outer loop
    vertex 1.158817278951807 0.4775823477341806 1.527883367006749
    vertex 1.031742610520523 0.565602164993502 1.585439917759349
    vertex 1.04835722274463 0.4094292265905953 1.621630405478674
  endloop
endfacet
facet normal 0.553156 -0.375261 0.743773
  outer loop
    vertex 1.906419269851897 -0.4313423528967217 1.028499754997175
    vertex 1.776986893566698 -0.4994074374881065 1.090419323390458
    vertex 1.862248739488581 -0.5762107728647657 0.9882586010120762
  endloop
endfacet
facet normal 0.522126 0.272578 0.808137
  outer loop
    vertex 2.634078435790324 0.2783000785916401 0.5793678577824939
    vertex 2.651928728132071 0.131902860124739 0.6172135941266781
    vertex 2.756894742091554 0.1956485478182417 0.5278956379646483
  endloop
endfacet
facet normal 0.541106 -0.720194 0.434194
  outer loop
    vertex 1.545024640612219 -1.189983741612462 0.6374828078697345
    vertex 1.620769780838459 -1.083048006492455 0.7204603586387692
    vertex 1.491566759029504 -1.145151769879657 0.7784661780757016
  endloop
endfacet
facet normal 0.527884 0.533704 0.660681
  outer loop
    vertex 2.943659681912454 0.3104787922016033 0.3141669066540977
    vertex 2.81435984561488 0.3873027997271548 0.3554183925108589
    vertex 2.855523347577882 0.2576575145008637 0.4272573544521049
  endloop
endfacet
facet normal 0.535758 -0.171025 0.82687
  outer loop
    vertex 1.260220004420752 -0.2379128752748562 1.51638329466567
    vertex 1.23735377176367 -0.3930726712552565 1.499106752658147
    vertex 1.362725236742905 -0.3246824925688793 1.432019607715535
  endloop
endfacet
facet normal 0.534417 0.588397 -0.606785
  outer loop
    vertex 1.308642876709107 0.9902464166812065 -1.13132067761833
    vertex 1.295042105219937 1.10966271491757 -1.027501802683319
    vertex 1.417828589223233 1.008505885491539 -1.017450766899795
  endloop
endfacet
facet normal 0.540575 0.656922 0.525578
  outer loop
    vertex 2.039765151663043 0.8478244614493728 0.5825826159630644
    vertex 2.093456211868504 0.7315049188285748 0.6727478803156195
    vertex 2.171861473199313 0.7713696251217051 0.5422783129683403
  endloop
endfacet
facet normal 0.535992 -0.123327 0.835166
  outer loop
    vertex 0.6608000000000001 -0.3605591255258462 1.890117127852144
    vertex 0.7771175164605859 -0.2700582595418191 1.828830953752602
    vertex 0.6608000000000001 -0.2011336690196139 1.913659031067632
  endloop
endfacet
facet normal 0.535282 -0.511024 -0.672553
  outer loop
    vertex 2.762964408720317 -0.2967295529756835 -0.4737943241836883
    vertex 2.664834645863675 -0.4292627534218605 -0.4511930374139578
    vertex 2.624474377866245 -0.3295458991594089 -0.5590831098409296
  endloop
endfacet
facet normal 0.553165 0.520101 0.650772
  outer loop
    vertex 1.789441227793879 0.707366930410542 0.9584984000761952
    vertex 1.917215756075527 0.6292753539930516 0.9122995276622946
    vertex 1.87796092514108 0.7613002460220137 0.8401516156849909
  endloop
endfacet
facet normal 0.535654 0.158232 -0.82948
  outer loop
    vertex 0.6608000000000001 0.4393927442669257 -1.873360524908535
    vertex 0.7727325214275721 0.3453709758237598 -1.819013404854473
    vertex 0.6608000000000001 0.2810929635597958 -1.903557823087382
  endloop
endfacet
facet normal 0.536359 0.755972 0.375268
  outer loop
    vertex 0.6608000000000001 1.686189313740403 0.9269904197065189
    vertex 0.7794512824679563 1.649174973010712 0.8319704368378245
    vertex 0.6608000000000001 1.757844169595893 0.7826426486064532
  endloop
endfacet
facet normal 0.535938 -0.627993 -0.564266
  outer loop
    vertex 1.85949944800742 -0.8245099870890795 -0.7955785909484245
    vertex 1.768954697361187 -0.9413783919909426 -0.7515104265420425
    vertex 1.731721351125713 -0.8587705415485373 -0.8788118822236245
  endloop
endfacet
facet normal 0.537932 -0.370091 0.757405
  outer loop
    vertex 1.386208074129962 -0.7090149902741421 1.268402291550167
    vertex 1.515715543754439 -0.6414775411658713 1.209423047355026
    vertex 1.426962564492866 -0.5620218156617677 1.311282462646414
  endloop
endfacet
facet normal 0.535934 0.72215 -0.437349
  outer loop
    vertex 0.6608000000000001 1.686189313740404 -0.9269904197065169
    vertex 0.7677550241492033 1.59754956941227 -0.9422878499993147
    vertex 0.6608000000000001 1.602707051374376 -1.064836019054038
  endloop
endfacet
facet normal 0.540311 -0.413153 0.733054
  outer loop
    vertex 1.038025156943869 -0.7630377799460393 1.495854276008058
    vertex 0.992312299504637 -0.9061526472419987 1.448887508940499
    vertex 1.123984446322921 -0.8416418196199381 1.388194775277954
  endloop
endfacet
facet normal 0.498666 -0.800814 -0.331708
  outer loop
    vertex 3.112916368288544 -0.327080596402099 -0.05566022253067849
    vertex 3.112916359820699 -0.2706386337417796 -0.1919231890374082
    vertex 3.224909654946206 -0.2393344072872672 -0.09913555744091421
  endloop
endfacet
facet normal 0.541275 -0.1406 -0.829008
  outer loop
    vertex 1.704876906861239 -0.2663002990674087 -1.217384991310588
    vertex 1.572928845456627 -0.2968617292314839 -1.298353104328276
    vertex 1.626039893244814 -0.1484431617720379 -1.288847819361793
  endloop
endfacet
facet normal 0.546982 -0.0434094 -0.836018
  outer loop
    vertex 1.061878618453579 -0.01078760342538202 -1.663702460833389
    vertex 1.013859266778529 -0.1595361227392866 -1.687396503799151
    vertex 0.9103179211843024 -0.0288709342018024 -1.761925224909437
  endloop
endfacet
facet normal 0.536539 -0.797167 0.276856
  outer loop
    vertex 2.192261393736916 -0.8613239842194794 0.3498433991463038
    vertex 2.062831039836794 -0.9292292401976129 0.4051523318680989
    vertex 2.103424231396887 -0.9531685177128522 0.2575542791067258
  endloop
endfacet
facet normal 0.562206 0.543063 -0.623704
  outer loop
    vertex 2.11517697072292 0.6378319577082509 -0.7436541916643485
    vertex 2.221235648916041 0.6539890060434914 -0.6339848346522717
    vertex 2.229082735386615 0.5325658101806801 -0.7326355142177767
  endloop
endfacet
facet normal 0.554436 -0.819194 0.146706
  outer loop
    vertex 1.664994801304929 -1.258418907937347 0.1858641760550677
    vertex 1.786185057354914 -1.186051723236364 0.1319504842883011
    vertex 1.756703061221723 -1.178744900516855 0.2841699530623517
  endloop
endfacet
facet normal 0.547421 -0.56433 0.61795
  outer loop
    vertex 1.360280566796048 -1.037686733470844 1.041138772266874
    vertex 1.418365694185707 -0.91354099528217 1.10305656711035
    vertex 1.281055499765475 -0.98400784153803 1.160342660933179
  endloop
endfacet
facet normal 0.528579 -0.846109 0.0685859
  outer loop
    vertex 2.476812604475763 -0.7398010273900707 0.08676706611610789
    vertex 2.353265549549808 -0.8122623117194678 0.1450051380925214
    vertex 2.377286035945316 -0.8094838670704528 -0.005840234758544919
  endloop
endfacet
facet normal 0.551883 -0.615325 -0.562849
  outer loop
    vertex 1.291605737614473 -1.170388789525729 -0.9612783822474447
    vertex 1.162485436302718 -1.207285310087704 -1.04754656729705
    vertex 1.256131219416122 -1.084359824835351 -1.090111464559798
  endloop
endfacet
facet normal 0.537201 0.412454 0.735729
  outer loop
    vertex 1.245797169278118 0.6923386084056392 1.380408996880819
    vertex 1.34438486862498 0.7538994117052247 1.27391281653291
    vertex 1.21535877469141 0.8331438820961308 1.323697715575489
  endloop
endfacet
facet normal 0.538507 0.788447 -0.297257
  outer loop
    vertex 1.562885937191293 1.226361158506678 -0.5360047197074799
    vertex 1.518379412378409 1.304851984662127 -0.4084424546084748
    vertex 1.644864052993476 1.218887917722428 -0.4073160702376857
  endloop
endfacet
facet normal 0.535154 -0.761875 -0.364906
  outer loop
    vertex 1.00579138397167 -1.565524520677323 -0.6630834425292799
    vertex 0.9922608342237369 -1.503618521720647 -0.8121780629770446
    vertex 1.113553932041518 -1.462888210582586 -0.7193346595229763
  endloop
endfacet
facet normal 0.545814 0.726888 0.416797
  outer loop
    vertex 1.508906877288672 1.154922752813181 0.743287927589195
    vertex 1.444515546329296 1.260502902643118 0.6434810211148111
    vertex 1.377290623098566 1.230959251316411 0.7830386926212963
  endloop
endfacet
facet normal 0.538082 -0.597587 -0.594439
  outer loop
    vertex 1.034527836513313 -1.241585727304085 -1.133977231269833
    vertex 0.9982160243176459 -1.150319182168045 -1.258596228167639
    vertex 1.128168125818297 -1.120436823872942 -1.171005174776773
  endloop
endfacet
facet normal 0.554648 0.417051 0.720024
  outer loop
    vertex 1.569442651373412 0.7307933335230369 1.116165054779681
    vertex 1.473722316049074 0.6725408383980906 1.223641183019311
    vertex 1.597671026676444 0.5883753870171244 1.176911392030158
  endloop
endfacet
facet normal 0.554421 -0.783857 0.279616
  outer loop
    vertex 2.103424231396887 -0.9531685177128522 0.2575542791067258
    vertex 2.062831039836794 -0.9292292401976129 0.4051523318680989
    vertex 1.977184886489081 -1.021355810450508 0.3167093133903536
  endloop
endfacet
facet normal 0.549986 -0.187296 -0.813902
  outer loop
    vertex 0.8907432801500026 -0.4753206054174957 -1.710042894862409
    vertex 0.7630209487841254 -0.4634893276753194 -1.799072624882812
    vertex 0.8285372674578129 -0.3418734210363316 -1.782787054569383
  endloop
endfacet
facet normal 0.544538 0.44854 -0.708724
  outer loop
    vertex 0.8464450739580041 0.8973599319623831 -1.564565886520474
    vertex 0.7378882744119558 0.9334059078439076 -1.625161041805919
    vertex 0.7786130242753934 1.05450266616395 -1.517230497713863
  endloop
endfacet
facet normal 0.530301 -0.0385479 0.846933
  outer loop
    vertex 1.972029820052556 0.02715063351719103 1.072336794004518
    vertex 1.961833259037264 -0.1283446622081895 1.071643965330189
    vertex 2.080335726868207 -0.05953747098023806 1.000576258916253
  endloop
endfacet
facet normal 0.557715 -0.463874 -0.688313
  outer loop
    vertex 2.762964408720317 -0.2967295529756835 -0.4737943241836883
    vertex 2.884282165218073 -0.2219213122186601 -0.4259103417807227
    vertex 2.88023996003041 -0.3124393907142444 -0.3681828265578356
  endloop
endfacet
facet normal 0.562822 0.670863 -0.482881
  outer loop
    vertex 2.322895187039421 0.6666797136519579 -0.5189125245669421
    vertex 2.412768355321985 0.6783597723235889 -0.3979338262753764
    vertex 2.444559393459927 0.5699198350636722 -0.5115344180942614
  endloop
endfacet
facet normal 0.552031 -0.816814 -0.16756
  outer loop
    vertex 0.7787454439543571 -1.793253022852117 -0.4448483771453328
    vertex 0.7760402266605502 -1.825154660871183 -0.298247740370803
    vertex 0.6608000000000001 -1.88215161333199 -0.400063675471527
  endloop
endfacet
facet normal 0.553415 -0.480078 -0.68063
  outer loop
    vertex 0.7897363441500613 -0.9898558957499987 -1.551614637676243
    vertex 0.7683682931209268 -1.132035343821178 -1.46870344787619
    vertex 0.6608000000000001 -1.098167046938385 -1.580055308215072
  endloop
endfacet
facet normal 0.55216 0.754813 -0.354086
  outer loop
    vertex 1.469866270279059 1.230328356823233 -0.6655075508684537
    vertex 1.339647918382166 1.324256425898966 -0.6683410972400676
    vertex 1.432058444279672 1.317381939782297 -0.5388910778933347
  endloop
endfacet
facet normal 0.536098 -0.328384 0.777665
  outer loop
    vertex 1.684786833319626 -0.4261151103741229 1.18492817490672
    vertex 1.648489826750907 -0.5700315953454919 1.14917869452913
    vertex 1.776986893566698 -0.4994074374881065 1.090419323390458
  endloop
endfacet
facet normal 0.535506 0.338483 0.773733
  outer loop
    vertex 1.370337027494838 0.6096887944524662 1.330370706716314
    vertex 1.245797169278118 0.6923386084056392 1.380408996880819
    vertex 1.265163768469978 0.5445750062480792 1.431647084617713
  endloop
endfacet
facet normal 0.528726 -0.150858 0.835279
  outer loop
    vertex 2.404543560587395 -0.1652863293256582 0.7743601329181845
    vertex 2.304047679785311 -0.08060460805422921 0.8532675750530905
    vertex 2.28245512969974 -0.2323478962373684 0.8395295388343408
  endloop
endfacet
facet normal 0.555058 -0.301443 0.77527
  outer loop
    vertex 1.684786833319626 -0.4261151103741229 1.18492817490672
    vertex 1.776986893566698 -0.4994074374881065 1.090419323390458
    vertex 1.809619089159726 -0.3524487438790804 1.124197170809668
  endloop
endfacet
facet normal 0.536618 -0.724643 -0.432359
  outer loop
    vertex 1.093927526342617 -1.39795957241787 -0.8630820470664986
    vertex 0.9922608342237369 -1.503618521720647 -0.8121780629770446
    vertex 0.9690812839498941 -1.437759781256215 -0.9513277963099502
  endloop
endfacet
facet normal 0.549439 -0.468513 -0.691818
  outer loop
    vertex 1.557044470802828 -0.7983393494796255 -1.078928015198068
    vertex 1.635670680378938 -0.6663149620130662 -1.105893007521945
    vertex 1.688070680128172 -0.7657775751574907 -0.9969189725593722
  endloop
endfacet
facet normal 0.554407 0.365443 -0.747719
  outer loop
    vertex 1.312065605901419 0.7292154112440905 -1.312265425743609
    vertex 1.299729063812907 0.5944352671769398 -1.387285503947742
    vertex 1.189626757757219 0.7021344978099558 -1.416285088318318
  endloop
endfacet
facet normal 0.548433 0.834477 0.0535664
  outer loop
    vertex 1.99309999997156 1.058997368402824 -4.702893045677148e-16
    vertex 1.922860502244654 1.096676242890994 0.1321638052367906
    vertex 2.055465086023013 1.009192919871769 0.1373539288765259
  endloop
endfacet
facet normal 0.545255 -0.614686 0.569964
  outer loop
    vertex 2.214130595933444 -0.7147480915670452 0.5720141863423941
    vertex 2.147272655585218 -0.6557754297892948 0.6995737054587357
    vertex 2.08635286390745 -0.7763786699150015 0.6277862174916089
  endloop
endfacet
facet normal 0.541955 -0.124367 -0.831154
  outer loop
    vertex 0.8285372674578129 -0.3418734210363316 -1.782787054569383
    vertex 0.8808865890593639 -0.1965519551777252 -1.770397291000121
    vertex 0.9637513926061405 -0.3108785464332313 -1.699258279536881
  endloop
endfacet
facet normal 0.561596 0.297129 0.77222
  outer loop
    vertex 2.308202996577731 0.231797663670847 0.8223224561892591
    vertex 2.292139025085167 0.3786263367780937 0.7775094087061105
    vertex 2.19037051155929 0.316182874878777 0.8755469486440234
  endloop
endfacet
facet normal 0.535889 0.633532 -0.558087
  outer loop
    vertex 1.171773600969893 1.208887133450096 -1.036454279463497
    vertex 1.065381126777252 1.195688914892185 -1.153597392435541
    vertex 1.050060907544479 1.305819402492612 -1.043289742999711
  endloop
endfacet
facet normal 0.543366 0.788703 0.28758
  outer loop
    vertex 1.033549011895835 1.602509107197536 0.5114119157442718
    vertex 0.9750188715437763 1.589864433822392 0.656679956555052
    vertex 1.108215047543032 1.511894698800456 0.6188494948433138
  endloop
endfacet
facet normal 0.540867 0.820092 -0.186848
  outer loop
    vertex 1.190717936505467 1.556076977038556 -0.2743007770569058
    vertex 1.329124759724037 1.464386459607797 -0.2760937437343561
    vertex 1.253283955602863 1.484181807217464 -0.4087457726036769
  endloop
endfacet
facet normal 0.556332 0.125731 -0.821393
  outer loop
    vertex 2.05634764425336 0.08241711548686183 -1.014582042073806
    vertex 1.961413697761576 0.2001243442472974 -1.060863613568956
    vertex 2.086893311646689 0.2290705688546045 -0.9714449693750746
  endloop
endfacet
facet normal 0.538211 -0.489683 0.685959
  outer loop
    vertex 2.665153705333168 -0.4054533174991413 0.4724312061008519
    vertex 2.585764453807611 -0.3351986200475499 0.5848734048455513
    vertex 2.537422632413503 -0.4676574712697864 0.5282450242848924
  endloop
endfacet
facet normal 0.544256 0.769107 0.335053
  outer loop
    vertex 1.773678805478993 1.128203520410688 0.4132028449345025
    vertex 1.709442825657301 1.108305581421857 0.5632224023527735
    vertex 1.842339681623261 1.030866832378715 0.5251053315150148
  endloop
endfacet
facet normal 0.561075 0.38871 0.730821
  outer loop
    vertex 2.388720849881223 0.4392134856931696 0.6711351629254845
    vertex 2.292139025085167 0.3786263367780937 0.7775094087061105
    vertex 2.414242345863363 0.2969130408569292 0.7272284663640322
  endloop
endfacet
facet normal 0.540392 0.806672 -0.239283
  outer loop
    vertex 1.036856766155999 1.589235922714022 -0.5446876953680938
    vertex 0.9897132785144309 1.660594279832024 -0.4105920019458288
    vertex 1.116343555840915 1.575665753349869 -0.4109239967935779
  endloop
endfacet
facet normal 0.535113 -0.567863 -0.625449
  outer loop
    vertex 2.418850362739191 -0.490173075510746 -0.6099645106353268
    vertex 2.337437646822236 -0.609584589859549 -0.5712012463419527
    vertex 2.293451969753724 -0.5215700748185949 -0.688744839163695
  endloop
endfacet
facet normal 0.583029 -0.750607 -0.310912
  outer loop
    vertex 3.112916368288544 -0.327080596402099 -0.05566022253067849
    vertex 2.996417237799768 -0.3696099794084847 -0.1714470303601535
    vertex 3.112916359820699 -0.2706386337417796 -0.1919231890374082
  endloop
endfacet
facet normal 0.553894 0.476508 0.682745
  outer loop
    vertex 1.66075221775498 0.7874833376276978 1.00252218419787
    vertex 1.569442651373412 0.7307933335230369 1.116165054779681
    vertex 1.695159531307558 0.6494534540583615 1.070943537550089
  endloop
endfacet
facet normal 0.538266 -0.541821 -0.645523
  outer loop
    vertex 0.9631631747291379 -1.047667282922455 -1.373985929269187
    vertex 1.087405337136209 -1.025655072138988 -1.288863281597394
    vertex 0.9982160243176459 -1.150319182168045 -1.258596228167639
  endloop
endfacet
facet normal 0.553574 -0.754749 -0.352008
  outer loop
    vertex 1.341578409532348 -1.310616500070942 -0.6920271617832987
    vertex 1.360768136052244 -1.363210978307331 -0.5490799266537527
    vertex 1.236128022977455 -1.415457359220585 -0.633068366739266
  endloop
endfacet
facet normal 0.529995 0.332582 -0.780061
  outer loop
    vertex 2.106722133921045 0.3721162925274739 -0.9122331422212386
    vertex 1.988665642516783 0.3418692600329921 -1.005339896240957
    vertex 1.999222013132809 0.4826693672175944 -0.93813702154335
  endloop
endfacet
facet normal 0.540214 0.840454 0.0425051
  outer loop
    vertex 1.326949999985779 1.491598684201412 -6.624028810806076e-16
    vertex 1.249019140530801 1.533336136680302 0.1651785079718531
    vertex 1.390582429353238 1.443745780123371 0.1374663680343761
  endloop
endfacet
facet normal 0.53418 -4.42046e-07 0.845371
  outer loop
    vertex 1.284985342603818 0.07774760968050563 1.516859558683747
    vertex 1.275730154126464 -0.08101018824386118 1.522707716457272
    vertex 1.396586168784084 -0.01024423291006884 1.446340310900651
  endloop
endfacet
facet normal 0.542017 -0.675323 -0.500157
  outer loop
    vertex 2.896883455954323 -0.4018293702015452 -0.2477671548737163
    vertex 2.79613460324204 -0.4587841544024471 -0.280046435126353
    vertex 2.780841161541153 -0.4088552719019412 -0.3640349901030684
  endloop
endfacet
facet normal 0.539521 -0.565965 -0.623378
  outer loop
    vertex 1.256131219416122 -1.084359824835351 -1.090111464559798
    vertex 1.217196278393932 -0.991709661647599 -1.207925903476642
    vertex 1.347996364519664 -0.9567869181481289 -1.12642754943095
  endloop
endfacet
facet normal 0.551492 0.496864 0.670062
  outer loop
    vertex 1.050030206914537 1.051555720021875 1.299197834913437
    vertex 0.9607447421376463 0.9979354628236488 1.412444212535365
    vertex 1.084993003512986 0.9171509716038018 1.370085493248624
  endloop
endfacet
facet normal 0.532983 -0.795903 -0.287172
  outer loop
    vertex 1.584678573276158 -1.216909062888039 -0.5222194631862197
    vertex 1.701819779193384 -1.171219096001627 -0.431439358759804
    vertex 1.591754927004548 -1.264954611618124 -0.3759268660967789
  endloop
endfacet
facet normal 0.534896 -0.0867525 0.840452
  outer loop
    vertex 1.383537074567741 -0.1681633023740488 1.445099228387801
    vertex 1.275730154126464 -0.08101018824386118 1.522707716457272
    vertex 1.260220004420752 -0.2379128752748562 1.51638329466567
  endloop
endfacet
facet normal 0.552033 0.832815 0.0409789
  outer loop
    vertex 1.124440382502242 1.617275913105311 0.1374883830406065
    vertex 1.249019140530801 1.533336136680302 0.1651785079718531
    vertex 1.193719999988624 1.578118947361129 -7.008255963831859e-16
  endloop
endfacet
facet normal 0.559845 -0.8084 0.181831
  outer loop
    vertex 2.445509394462191 -0.7279471532250358 0.2358484302965647
    vertex 2.353265549549808 -0.8122623117194678 0.1450051380925214
    vertex 2.476812604475763 -0.7398010273900707 0.08676706611610789
  endloop
endfacet
facet normal 0.549494 -0.0943775 -0.83015
  outer loop
    vertex 1.231651738609634 -0.2445565850799201 -1.534115525546011
    vertex 1.148656030556558 -0.1287151323360756 -1.602221850492428
    vertex 1.280075101041509 -0.09488120409713548 -1.519079249759013
  endloop
endfacet
facet normal 0.536611 -0.807446 0.245111
  outer loop
    vertex 1.721903396980763 -1.156545487102423 0.4334844948013615
    vertex 1.756703061221723 -1.178744900516855 0.2841699530623517
    vertex 1.850003102550219 -1.089092226088158 0.3752464483642715
  endloop
endfacet
facet normal 0.547468 0.835554 0.0461325
  outer loop
    vertex 1.726639999977247 1.232037894722259 -5.47134735172872e-16
    vertex 1.656858703356144 1.270422339571581 0.1328944066847884
    vertex 1.789622381766636 1.18318400156269 0.1374136293958009
  endloop
endfacet
facet normal 0.526059 0.71572 0.459355
  outer loop
    vertex 2.43046158277193 0.6149828740210636 0.4715701118043919
    vertex 2.506557696767775 0.6226238919870333 0.372518311428809
    vertex 2.384485700842541 0.717802630786366 0.3640189580762819
  endloop
endfacet
facet normal 0.533512 0.330685 0.778468
  outer loop
    vertex 1.720953554402649 0.5047236830559326 1.127955838068091
    vertex 1.597671026676444 0.5883753870171244 1.176911392030158
    vertex 1.616893006124963 0.4396513395587329 1.226914375940953
  endloop
endfacet
facet normal 0.554902 0.618243 -0.55665
  outer loop
    vertex 1.417828589223233 1.008505885491539 -1.017450766899795
    vertex 1.295042105219937 1.10966271491757 -1.027501802683319
    vertex 1.400114165179148 1.122502697616049 -0.9084990903002134
  endloop
endfacet
facet normal 0.545064 0.83742 0.0404046
  outer loop
    vertex 1.390582429353238 1.443745780123371 0.1374663680343761
    vertex 1.523816286160864 1.357231455952272 0.1332071782889392
    vertex 1.460179999982935 1.405078421041695 -6.239801657780291e-16
  endloop
endfacet
facet normal 0.544331 0.8382 -0.03353
  outer loop
    vertex 1.060489999991468 1.664639210520847 -7.392483116857645e-16
    vertex 0.9905888352625141 1.704569392737473 -0.1365920809418106
    vertex 0.9272599999943119 1.751159473680565 -7.77671026988343e-16
  endloop
endfacet
facet normal 0.559795 -0.649934 -0.514019
  outer loop
    vertex 2.362993222673869 -0.6869444820340966 -0.4455547572655651
    vertex 2.241290144058902 -0.7207633946263511 -0.5353348149814774
    vertex 2.337437646822236 -0.609584589859549 -0.5712012463419527
  endloop
endfacet
facet normal 0.547869 -0.512626 0.661101
  outer loop
    vertex 1.203680650772079 -0.9174202225278059 1.276097671421888
    vertex 1.281055499765475 -0.98400784153803 1.160342660933179
    vertex 1.339225385933974 -0.8506606361133141 1.215535071363817
  endloop
endfacet
facet normal 0.539185 -0.83671 0.095901
  outer loop
    vertex 0.8364156423996358 -1.787436722347219 0.285881920221295
    vertex 0.8659972539148546 -1.786182151859397 0.1305109150441935
    vertex 0.9638006768712311 -1.710308045820709 0.2426107668906197
  endloop
endfacet
facet normal 0.545515 0.72877 0.413893
  outer loop
    vertex 1.17765423753907 1.414027354733497 0.7238953897904133
    vertex 1.107700161093064 1.386358414673934 0.8648139799596165
    vertex 1.243938006823476 1.307883843953181 0.8234270314027869
  endloop
endfacet
facet normal 0.545263 0.83681 0.0493677
  outer loop
    vertex 1.789622381766636 1.18318400156269 0.1374136293958009
    vertex 1.922860502244654 1.096676242890994 0.1321638052367906
    vertex 1.859869999974403 1.145517631562542 -5.087120198702935e-16
  endloop
endfacet
facet normal 0.54693 0.690843 0.472868
  outer loop
    vertex 1.167829025527766 1.273035968941852 0.9608276033091632
    vertex 1.107700161093064 1.386358414673934 0.8648139799596165
    vertex 1.036209407355041 1.349877206585569 1.000799547493882
  endloop
endfacet
facet normal 0.54967 0.810175 -0.203664
  outer loop
    vertex 1.384497820702148 1.39565475788179 -0.4085626756189422
    vertex 1.45929027571632 1.378520450318063 -0.2748649782262064
    vertex 1.518379412378409 1.304851984662127 -0.4084424546084748
  endloop
endfacet
facet normal 0.544265 0.838098 -0.0369746
  outer loop
    vertex 1.326949999985779 1.491598684201412 -6.624028810806076e-16
    vertex 1.261039244076231 1.52844016890286 -0.1351241633667877
    vertex 1.193719999988624 1.578118947361129 -7.008255963831859e-16
  endloop
endfacet
facet normal 0.546099 0.730375 0.410279
  outer loop
    vertex 0.9105114336872089 1.568797403976296 0.8022754235703671
    vertex 0.8451643280045396 1.540208855373742 0.9401483364480719
    vertex 0.9740799258678446 1.463721263502516 0.9047185505720142
  endloop
endfacet
facet normal 0.550505 0.61195 0.567856
  outer loop
    vertex 1.746726144130059 0.8401573081020756 0.8832223370535506
    vertex 1.701027579447678 0.9608656351610424 0.7974433124877579
    vertex 1.618122434398925 0.9179081312397125 0.924108419582655
  endloop
endfacet
facet normal 0.542582 0.69806 0.467243
  outer loop
    vertex 0.8451643280045396 1.540208855373742 0.9401483364480719
    vertex 0.9105736880392747 1.424769953730281 1.036657734408737
    vertex 0.9740799258678446 1.463721263502516 0.9047185505720142
  endloop
endfacet
facet normal 0.537401 -0.0137923 -0.843214
  outer loop
    vertex 2.015703338574065 -0.06541781737307997 -1.042267688197605
    vertex 1.886669431248419 -0.09626013230572955 -1.123999576611743
    vertex 1.929163227436546 0.05115774836280207 -1.09932856430824
  endloop
endfacet
facet normal 0.530225 -0.84752 0.0238844
  outer loop
    vertex 2.131871094622898 -0.9630599933352957 0.1060252972250377
    vertex 2.151400837164532 -0.9551123095292118 -0.04551057396017792
    vertex 2.254661784570254 -0.8879128782448256 0.046655040512786
  endloop
endfacet
facet normal 0.552789 -0.329545 0.765392
  outer loop
    vertex 1.556847380872021 -0.4942119429160885 1.248010225849111
    vertex 1.648489826750907 -0.5700315953454919 1.14917869452913
    vertex 1.684786833319626 -0.4261151103741229 1.18492817490672
  endloop
endfacet
facet normal 0.555078 -0.633369 -0.539196
  outer loop
    vertex 1.892544332011572 -0.9054797535425682 -0.6664488664071649
    vertex 1.768954697361187 -0.9413783919909426 -0.7515104265420425
    vertex 1.85949944800742 -0.8245099870890795 -0.7955785909484245
  endloop
endfacet
facet normal 0.549258 0.798824 -0.245348
  outer loop
    vertex 1.036856766155999 1.589235922714022 -0.5446876953680938
    vertex 1.116343555840915 1.575665753349869 -0.4109239967935779
    vertex 1.169741089313187 1.498677100792804 -0.542049703806851
  endloop
endfacet
facet normal 0.551382 0.763929 -0.335246
  outer loop
    vertex 1.301269456955459 1.408410894762172 -0.539698556397102
    vertex 1.339647918382166 1.324256425898966 -0.6683410972400676
    vertex 1.212179077030873 1.414923326363823 -0.6713865771227064
  endloop
endfacet
facet normal 0.552033 0.433361 0.712361
  outer loop
    vertex 0.9925668390259681 0.8570440267675775 1.478275425124051
    vertex 1.117890881982 0.7764427305995164 1.430190997639408
    vertex 1.084993003512986 0.9171509716038018 1.370085493248624
  endloop
endfacet
facet normal 0.53663 0.574017 0.618493
  outer loop
    vertex 2.093456211868504 0.7315049188285748 0.6727478803156195
    vertex 2.139037888629129 0.6034277040916968 0.7520664603189514
    vertex 2.224896477672565 0.6532274569841815 0.6313534009318545
  endloop
endfacet
facet normal 0.559176 -0.115031 0.82103
  outer loop
    vertex 2.080335726868207 -0.05953747098023806 1.000576258916253
    vertex 1.961833259037264 -0.1283446622081895 1.071643965330189
    vertex 2.062084595045481 -0.2139797506946395 0.9913682866340455
  endloop
endfacet
facet normal 0.551465 -0.41432 0.724034
  outer loop
    vertex 1.604473183383507 -0.7090724403442824 1.103139688528237
    vertex 1.648489826750907 -0.5700315953454919 1.14917869452913
    vertex 1.515715543754439 -0.6414775411658713 1.209423047355026
  endloop
endfacet
facet normal 0.536047 -0.786739 -0.306098
  outer loop
    vertex 1.360768136052244 -1.363210978307331 -0.5490799266537527
    vertex 1.250492786644657 -1.460975883851284 -0.4909198154014135
    vertex 1.236128022977455 -1.415457359220585 -0.633068366739266
  endloop
endfacet
facet normal 0.551313 -0.602512 -0.577091
  outer loop
    vertex 1.034527836513313 -1.241585727304085 -1.133977231269833
    vertex 1.128168125818297 -1.120436823872942 -1.171005174776773
    vertex 1.162485436302718 -1.207285310087704 -1.04754656729705
  endloop
endfacet
facet normal 0.53419 0.369411 -0.760379
  outer loop
    vertex 1.532360737369078 0.5216094968546789 -1.254049953599035
    vertex 1.546805183165125 0.6551708761668779 -1.179014906280419
    vertex 1.659811656735369 0.5462759945861458 -1.152528085680191
  endloop
endfacet
facet normal 0.536391 0.421985 0.730899
  outer loop
    vertex 0.6608000000000001 0.8914742307776403 1.705232927156702
    vertex 0.7812772673098731 0.9156348112314707 1.602868206747405
    vertex 0.6608000000000001 1.031037918898587 1.624655794250976
  endloop
endfacet
facet normal 0.527771 0.310594 -0.790563
  outer loop
    vertex 2.225633709334077 0.4003036396059757 -0.8149850140268224
    vertex 2.327931781832523 0.2906864853311952 -0.7897579446000859
    vertex 2.208760540260469 0.259729556230079 -0.8814776347183741
  endloop
endfacet
facet normal 0.534882 0.410085 -0.738737
  outer loop
    vertex 1.546805183165125 0.6551708761668779 -1.179014906280419
    vertex 1.426937236942536 0.6261097505634309 -1.281937490394255
    vertex 1.42951006684113 0.7553175872202004 -1.208349249183672
  endloop
endfacet
facet normal 0.493804 0.536957 0.683984
  outer loop
    vertex 3.325399999944 0.1370335725544918 0.1370335725544921
    vertex 3.204700345349976 0.2219984182268035 0.1574719586808604
    vertex 3.224909654946206 0.09913555744091214 0.2393344072872678
  endloop
endfacet
facet normal 0.544102 0.837846 -0.0443586
  outer loop
    vertex 1.726639999977247 1.232037894722259 -5.47134735172872e-16
    vertex 1.660900489983907 1.267603239535893 -0.1346004102531182
    vertex 1.593409999980091 1.318558157881977 -5.855574504754506e-16
  endloop
endfacet
facet normal 0.554148 -0.832141 0.0214889
  outer loop
    vertex 1.214472905744521 -1.560349166952218 0.1158220877570961
    vertex 1.110237807833606 -1.632183531089283 0.02206891752098014
    vertex 1.232286359524912 -1.552534441849731 -0.04092531491183307
  endloop
endfacet
facet normal 0.560108 0.487739 0.669619
  outer loop
    vertex 2.511650648785106 0.3591889514006242 0.6265981576682456
    vertex 2.476238450357862 0.4937821135943504 0.5581835819165425
    vertex 2.388720849881223 0.4392134856931696 0.6711351629254845
  endloop
endfacet
facet normal 0.535708 0.127966 -0.83465
  outer loop
    vertex 1.710904978757281 0.1519451960402219 -1.232928778587732
    vertex 1.581076418413574 0.1204195274776657 -1.32109078763855
    vertex 1.613058339087096 0.2691166555824437 -1.2777659204092
  endloop
endfacet
facet normal 0.54699 0.766787 0.335916
  outer loop
    vertex 1.773678805478993 1.128203520410688 0.4132028449345025
    vertex 1.638629883106034 1.20622893811103 0.455003396955334
    vertex 1.709442825657301 1.108305581421857 0.5632224023527735
  endloop
endfacet
facet normal 0.553908 -0.72779 -0.40436
  outer loop
    vertex 1.113553932041518 -1.462888210582586 -0.7193346595229763
    vertex 0.9922608342237369 -1.503618521720647 -0.8121780629770446
    vertex 1.093927526342617 -1.39795957241787 -0.8630820470664986
  endloop
endfacet
facet normal 0.544167 -0.629112 0.555068
  outer loop
    vertex 0.7866596791257421 -1.334769018059242 1.270068052531522
    vertex 0.7654859079950982 -1.437212429456702 1.174716915689856
    vertex 0.8865361551873399 -1.375657506476508 1.125810213726972
  endloop
endfacet
facet normal 0.554586 0.443729 -0.703945
  outer loop
    vertex 1.080598093952262 0.8124083440990608 -1.43795416466902
    vertex 0.9684079971065916 0.9179190880472083 -1.459832214278833
    vertex 1.081037064177498 0.9469193406232358 -1.352819910385522
  endloop
endfacet
facet normal 0.544979 -0.310787 -0.778723
  outer loop
    vertex 1.245514132082895 -0.5081212295100438 -1.458506873451813
    vertex 1.181414455237794 -0.6512373505643588 -1.446248797437932
    vertex 1.114174616883028 -0.5396736923143866 -1.537830473460752
  endloop
endfacet
facet normal 0.548859 -0.719267 0.425922
  outer loop
    vertex 1.676194595925533 -1.124256892706853 0.5794470781781476
    vertex 1.620769780838459 -1.083048006492455 0.7204603586387692
    vertex 1.545024640612219 -1.189983741612462 0.6374828078697345
  endloop
endfacet
facet normal 0.527127 0.556112 -0.642555
  outer loop
    vertex 2.229082735386615 0.5325658101806801 -0.7326355142177767
    vertex 2.221235648916041 0.6539890060434914 -0.6339848346522717
    vertex 2.339046666660664 0.5534010495554933 -0.6243931562015084
  endloop
endfacet
facet normal 0.537355 -0.764914 0.355185
  outer loop
    vertex 2.271648451490427 -0.7621195836155195 0.4361706459968898
    vertex 2.319937953828757 -0.7934928776590113 0.2955497799684069
    vertex 2.401322846207038 -0.697464450692954 0.3792269679310608
  endloop
endfacet
facet normal 0.54345 -0.379107 -0.74896
  outer loop
    vertex 1.2410404495136 -0.7593221984488459 -1.348273671168046
    vertex 1.181414455237794 -0.6512373505643588 -1.446248797437932
    vertex 1.313466208841657 -0.6196802894427955 -1.366404717641687
  endloop
endfacet
facet normal 0.550833 -0.413808 0.724807
  outer loop
    vertex 0.8920445223681468 -0.8503754317286346 1.556932581680674
    vertex 0.992312299504637 -0.9061526472419987 1.448887508940499
    vertex 1.038025156943869 -0.7630377799460393 1.495854276008058
  endloop
endfacet
facet normal 0.546128 0.722653 0.423694
  outer loop
    vertex 1.842339681623261 1.030866832378715 0.5251053315150148
    vertex 1.773982030377787 1.000996429989611 0.6641632143989568
    vertex 1.907576698181651 0.9242651185751032 0.6228370061979743
  endloop
endfacet
facet normal 0.543924 0.837573 -0.0511737
  outer loop
    vertex 1.99309999997156 1.058997368402824 -4.702893045677148e-16
    vertex 1.927527656739991 1.093386755183386 -0.1341072938192305
    vertex 1.859869999974403 1.145517631562542 -5.087120198702935e-16
  endloop
endfacet
facet normal 0.545416 0.732808 0.406833
  outer loop
    vertex 0.7794512824679563 1.649174973010712 0.8319704368378245
    vertex 0.7411744150114686 1.600386431684614 0.9711662382544766
    vertex 0.8451643280045396 1.540208855373742 0.9401483364480719
  endloop
endfacet
facet normal 0.545098 -0.66995 0.50402
  outer loop
    vertex 1.08389501111117 -1.359062330565093 0.9346665056008573
    vertex 1.153315719842512 -1.238475305607091 1.019873788973792
    vertex 1.020149328141523 -1.308023244675469 1.071449385507036
  endloop
endfacet
facet normal 0.546864 0.600949 -0.582924
  outer loop
    vertex 0.8853552214644824 1.319674337140157 -1.192085966892026
    vertex 0.9821660768531744 1.28004921377869 -1.142114339914399
    vertex 0.9475438140958647 1.198716198775572 -1.258442882595745
  endloop
endfacet
facet normal 0.531001 -0.334273 0.778652
  outer loop
    vertex 2.625114217438639 -0.1921753206055349 0.6194383911818117
    vertex 2.585764453807611 -0.3351986200475499 0.5848734048455513
    vertex 2.713889640023923 -0.2715460945880151 0.5248243852749155
  endloop
endfacet
facet normal 0.530908 0.76732 -0.359663
  outer loop
    vertex 2.412768355321985 0.6783597723235889 -0.3979338262753764
    vertex 2.375421517047318 0.7652397909519254 -0.2677090042267537
    vertex 2.502283171598545 0.6766975649103963 -0.2693448547980132
  endloop
endfacet
facet normal 0.549637 -0.7248 0.415409
  outer loop
    vertex 1.803777302259447 -1.060406898330254 0.5220441258716491
    vertex 1.751816011273014 -1.019315449008296 0.6624910930620044
    vertex 1.676194595925533 -1.124256892706853 0.5794470781781476
  endloop
endfacet
facet normal 0.54833 -0.219825 -0.806853
  outer loop
    vertex 1.904970806975001 -0.3578017918420506 -1.057329136191762
    vertex 1.834505350381634 -0.2464610480088136 -1.135551279825499
    vertex 1.962326869882018 -0.2137449683956732 -1.057598403867009
  endloop
endfacet
facet normal 0.555874 0.590903 0.584669
  outer loop
    vertex 2.555463059734283 0.5375486149729756 0.4386275767482805
    vertex 2.476238450357862 0.4937821135943504 0.5581835819165425
    vertex 2.605161301304818 0.4153731139905104 0.5148552433794424
  endloop
endfacet
facet normal 0.536558 0.44322 0.718096
  outer loop
    vertex 1.439820910161671 0.8114866347411809 1.163212594739389
    vertex 1.473722316049074 0.6725408383980906 1.223641183019311
    vertex 1.569442651373412 0.7307933335230369 1.116165054779681
  endloop
endfacet
facet normal 0.544431 0.832571 -0.102079
  outer loop
    vertex 0.9905888352625141 1.704569392737473 -0.1365920809418106
    vertex 1.050170879286967 1.648853855275847 -0.2732398890105052
    vertex 0.9040929220305944 1.742571315923724 -0.2879632341961594
  endloop
endfacet
facet normal 0.543248 -0.47406 -0.692927
  outer loop
    vertex 0.9309298985272989 -0.9486968568652066 -1.469078809769866
    vertex 0.8643503153527299 -1.054914828620485 -1.448608492711054
    vertex 0.7897363441500613 -0.9898558957499987 -1.551614637676243
  endloop
endfacet
facet normal 0.528033 0.300222 0.794386
  outer loop
    vertex 2.414242345863363 0.2969130408569292 0.7272284663640322
    vertex 2.292139025085167 0.3786263367780937 0.7775094087061105
    vertex 2.308202996577731 0.231797663670847 0.8223224561892591
  endloop
endfacet
facet normal 0.537489 0.724241 -0.43195
  outer loop
    vertex 1.118466432985659 1.416424729230619 -0.8005212205118413
    vertex 1.019094999050705 1.413223434572675 -0.9295396572318868
    vertex 0.9890839851243212 1.510134969710948 -0.8043940736869292
  endloop
endfacet
facet normal 0.557645 -0.0250019 0.829703
  outer loop
    vertex 1.744416874954334 0.04476730517980021 1.219672197111993
    vertex 1.625613738447021 -0.02632651733752247 1.29737779799839
    vertex 1.73068671151172 -0.1139527194997902 1.224117468106124
  endloop
endfacet
facet normal 0.534982 0.41897 0.733661
  outer loop
    vertex 1.569442651373412 0.7307933335230369 1.116165054779681
    vertex 1.597671026676444 0.5883753870171244 1.176911392030158
    vertex 1.695159531307558 0.6494534540583615 1.070943537550089
  endloop
endfacet
facet normal 0.535632 0.739532 -0.407665
  outer loop
    vertex 1.821955987320451 1.043222410900753 -0.5300120069483581
    vertex 1.726336561452972 1.042485420513545 -0.6569833470404527
    vertex 1.692728943754428 1.135055935960168 -0.5332112976010736
  endloop
endfacet
facet normal 0.557925 -0.574725 -0.598675
  outer loop
    vertex 2.457779575339955 -0.5772166542170128 -0.4901237047817635
    vertex 2.337437646822236 -0.609584589859549 -0.5712012463419527
    vertex 2.418850362739191 -0.490173075510746 -0.6099645106353268
  endloop
endfacet
facet normal 0.548786 -0.498836 -0.670818
  outer loop
    vertex 1.217196278393932 -0.991709661647599 -1.207925903476642
    vertex 1.087405337136209 -1.025655072138988 -1.288863281597394
    vertex 1.167153709218507 -0.8966094922808855 -1.319583570785275
  endloop
endfacet
facet normal 0.541853 -0.447145 -0.711658
  outer loop
    vertex 1.371351881675914 -0.7279675088769898 -1.268755863501371
    vertex 1.29959469034144 -0.8593923665175173 -1.240815268986637
    vertex 1.2410404495136 -0.7593221984488459 -1.348273671168046
  endloop
endfacet
facet normal 0.536914 0.681481 -0.497299
  outer loop
    vertex 1.050060907544479 1.305819402492612 -1.043289742999711
    vertex 1.019094999050705 1.413223434572675 -0.9295396572318868
    vertex 1.148588676471637 1.317024741318426 -0.9215578605800673
  endloop
endfacet
facet normal 0.535447 -0.759195 -0.370028
  outer loop
    vertex 0.8874123015105875 -1.60128564631527 -0.7705478518974064
    vertex 0.774737939289442 -1.696939025043142 -0.7373384353134019
    vertex 0.7736651675640308 -1.626690890182661 -0.8830204988178079
  endloop
endfacet
facet normal 0.544408 0.72722 0.418056
  outer loop
    vertex 1.579289637144211 1.183055186204487 0.6026956589208782
    vertex 1.444515546329296 1.260502902643118 0.6434810211148111
    vertex 1.508906877288672 1.154922752813181 0.743287927589195
  endloop
endfacet
facet normal 0.550707 0.814781 -0.181256
  outer loop
    vertex 2.121759073118133 0.9379260673499497 -0.2679339369716415
    vertex 2.197442860999316 0.9165252174544426 -0.1341859817959045
    vertex 2.255459191940635 0.8482729389423965 -0.2647232483276314
  endloop
endfacet
facet normal 0.549462 -0.821262 0.15369
  outer loop
    vertex 0.9326254291402273 -1.703489877735173 0.3905004693914868
    vertex 0.8364156423996358 -1.787436722347219 0.285881920221295
    vertex 0.9638006768712311 -1.710308045820709 0.2426107668906197
  endloop
endfacet
facet normal 0.536071 -0.844173 0.000472137
  outer loop
    vertex 1.110237807833606 -1.632183531089283 0.02206891752098014
    vertex 0.9875885366363217 -1.710035545709855 0.08160962756237168
    vertex 1.003621184862659 -1.699941687011828 -0.07442532120544612
  endloop
endfacet
facet normal 0.548376 0.811525 0.201772
  outer loop
    vertex 1.298054345244379 1.447385124757841 0.4315955627287563
    vertex 1.342172354482382 1.454135533559138 0.2845415225871275
    vertex 1.218618213212741 1.528870938358237 0.3197517724700235
  endloop
endfacet
facet normal 0.554992 0.542564 -0.630562
  outer loop
    vertex 0.9649290096395017 1.053720698065306 -1.367901784239377
    vertex 0.8481573226352034 1.144644596950819 -1.392443948795204
    vertex 0.9475438140958647 1.198716198775572 -1.258442882595745
  endloop
endfacet
facet normal 0.537765 0.237024 -0.809091
  outer loop
    vertex 1.055076281981979 0.5337799148327361 -1.580449239266252
    vertex 1.159831625009234 0.4272287174675812 -1.542037481857385
    vertex 1.028354125702569 0.4009078173210651 -1.63713516356958
  endloop
endfacet
facet normal 0.547576 0.813423 0.196222
  outer loop
    vertex 2.301333549275292 0.8186378687153355 0.2596518512479479
    vertex 2.40179846429039 0.7537571775540368 0.2482529894193352
    vertex 2.332872594752509 0.827258345483288 0.1359034712087639
  endloop
endfacet
facet normal 0.53792 -0.579753 -0.611988
  outer loop
    vertex 1.384800753454077 -1.050622813736173 -1.00518418026402
    vertex 1.347996364519664 -0.9567869181481289 -1.12642754943095
    vertex 1.473684818669445 -0.9265277476729861 -1.044616321569267
  endloop
endfacet
facet normal 0.547092 -0.677081 0.49219
  outer loop
    vertex 1.822065943140079 -0.9051320028049558 0.7414814084359866
    vertex 1.751816011273014 -1.019315449008296 0.6624910930620044
    vertex 1.884154822378447 -0.9535648793802367 0.6058400526977168
  endloop
endfacet
facet normal 0.546745 -0.345852 -0.762532
  outer loop
    vertex 2.497987897207657 -0.3597925801588558 -0.6364640607335166
    vertex 2.436716288379513 -0.2591148854265244 -0.7260596766754489
    vertex 2.563671275338864 -0.223564491697395 -0.6511555088173628
  endloop
endfacet
facet normal 0.539781 -0.487059 -0.686593
  outer loop
    vertex 1.817676389290642 -0.7334391990116227 -0.9153165997687476
    vertex 1.766298808370562 -0.6341269188820216 -1.026159024743162
    vertex 1.897781833573159 -0.6028527046690311 -0.9449760809223282
  endloop
endfacet
facet normal 0.53555 0.349289 -0.768885
  outer loop
    vertex 1.071668502592839 0.6726433700528371 -1.514747109118239
    vertex 0.9533315787937042 0.6433225826930146 -1.61049196908378
    vertex 0.9611144807659594 0.7851888989936981 -1.540623832078288
  endloop
endfacet
facet normal 0.536137 0.521949 0.66342
  outer loop
    vertex 1.87796092514108 0.7613002460220137 0.8401516156849909
    vertex 1.917215756075527 0.6292753539930516 0.9122995276622946
    vertex 2.008743342887362 0.6816991843587427 0.7970874603342214
  endloop
endfacet
facet normal 0.539775 0.611346 0.578705
  outer loop
    vertex 1.090547804845841 1.230447053108767 1.091979058582271
    vertex 0.9653196234221353 1.307738514514243 1.12713203839438
    vertex 1.006795585337761 1.183459641068131 1.219734772695721
  endloop
endfacet
facet normal 0.543432 0.836814 -0.0665096
  outer loop
    vertex 2.392789999963029 0.7994365789236699 -3.550211586599788e-16
    vertex 2.327626055383972 0.8311864316208382 -0.1329645243303299
    vertex 2.259559999965873 0.8859568420833879 -3.934438739625574e-16
  endloop
endfacet
facet normal 0.553268 -0.775462 -0.304227
  outer loop
    vertex 1.236128022977455 -1.415457359220585 -0.633068366739266
    vertex 1.250492786644657 -1.460975883851284 -0.4909198154014135
    vertex 1.12730606797273 -1.515148299333734 -0.5768642334517807
  endloop
endfacet
facet normal 0.554004 -0.802304 0.222233
  outer loop
    vertex 1.850003102550219 -1.089092226088158 0.3752464483642715
    vertex 1.756703061221723 -1.178744900516855 0.2841699530623517
    vertex 1.885242432115489 -1.106443477807584 0.2247567541756513
  endloop
endfacet
facet normal 0.534358 0.101006 -0.839202
  outer loop
    vertex 1.929163227436546 0.05115774836280207 -1.09932856430824
    vertex 1.961413697761576 0.2001243442472974 -1.060863613568956
    vertex 2.05634764425336 0.08241711548686183 -1.014582042073806
  endloop
endfacet
facet normal 0.541868 -0.342828 -0.767364
  outer loop
    vertex 2.307733366176273 -0.2831016111997638 -0.8064236359133991
    vertex 2.436716288379513 -0.2591148854265244 -0.7260596766754489
    vertex 2.368218855237795 -0.3912383396634987 -0.7154010398907454
  endloop
endfacet
facet normal 0.611001 0.756961 0.231707
  outer loop
    vertex 3.112370377167179 0.303272520012741 0.1354288053362465
    vertex 3.204700345349976 0.2219984182268035 0.1574719586808604
    vertex 3.192169999945966 0.280314999965364 -1.244848668445075e-16
  endloop
endfacet
facet normal 0.551037 0.645814 0.528471
  outer loop
    vertex 2.171861473199313 0.7713696251217051 0.5422783129683403
    vertex 2.093456211868504 0.7315049188285748 0.6727478803156195
    vertex 2.224896477672565 0.6532274569841815 0.6313534009318545
  endloop
endfacet
facet normal 0.550964 0.782743 -0.289401
  outer loop
    vertex 1.432058444279672 1.317381939782297 -0.5388910778933347
    vertex 1.518379412378409 1.304851984662127 -0.4084424546084748
    vertex 1.562885937191293 1.226361158506678 -0.5360047197074799
  endloop
endfacet
facet normal 0.553123 -0.734295 -0.393529
  outer loop
    vertex 0.7736651675640308 -1.626690890182661 -0.8830204988178079
    vertex 0.8779912555815161 -1.535292017107742 -0.9069286968842522
    vertex 0.8874123015105875 -1.60128564631527 -0.7705478518974064
  endloop
endfacet
facet normal 0.547806 0.785084 0.289054
  outer loop
    vertex 0.8964015509102644 1.680570217495939 0.5593121147138373
    vertex 0.9750188715437763 1.589864433822392 0.656679956555052
    vertex 1.033549011895835 1.602509107197536 0.5114119157442718
  endloop
endfacet
facet normal 0.557468 0.190567 0.808031
  outer loop
    vertex 1.628589806677854 0.2866078662296164 1.263616259982239
    vertex 1.743875242001826 0.2022329637545505 1.203978788494863
    vertex 1.735881862024775 0.3557634680673585 1.173284735942492
  endloop
endfacet
facet normal 0.558229 0.139274 0.817914
  outer loop
    vertex 1.856904839827436 0.2689941955065507 1.115467646722244
    vertex 1.743875242001826 0.2022329637545505 1.203978788494863
    vertex 1.858012993498745 0.1148665169863216 1.140956026883576
  endloop
endfacet
facet normal 0.542625 -0.400851 -0.738158
  outer loop
    vertex 1.838388750953871 -0.4982242716035871 -1.046966020315112
    vertex 1.766298808370562 -0.6341269188820216 -1.026159024743162
    vertex 1.70950610917624 -0.528991120513423 -1.12500086632828
  endloop
endfacet
facet normal 0.555193 -0.0523999 0.830069
  outer loop
    vertex 1.396586168784084 -0.01024423291006884 1.446340310900651
    vertex 1.275730154126464 -0.08101018824386118 1.522707716457272
    vertex 1.383537074567741 -0.1681633023740488 1.445099228387801
  endloop
endfacet
facet normal 0.531066 -0.795382 -0.292124
  outer loop
    vertex 1.929929612993525 -1.030595807219661 -0.3846004328084108
    vertex 1.818634090574043 -1.12461417528106 -0.3309409601258914
    vertex 1.811955186883051 -1.074572323834032 -0.4793342611452052
  endloop
endfacet
facet normal 0.554241 0.317365 0.769478
  outer loop
    vertex 1.031742610520523 0.565602164993502 1.585439917759349
    vertex 1.018777838050217 0.7158173463982754 1.532823150678613
    vertex 0.9120435245489444 0.6660833425595937 1.630214357864463
  endloop
endfacet
facet normal 0.55461 -0.0881761 0.827425
  outer loop
    vertex 1.275730154126464 -0.08101018824386118 1.522707716457272
    vertex 1.156123022420585 -0.1523150320078684 1.595279708140739
    vertex 1.260220004420752 -0.2379128752748562 1.51638329466567
  endloop
endfacet
facet normal 0.556137 -0.823411 0.112717
  outer loop
    vertex 1.885242432115489 -1.106443477807584 0.2247567541756513
    vertex 1.786185057354914 -1.186051723236364 0.1319504842883011
    vertex 1.909334880425405 -1.111048401094217 0.07224683042312888
  endloop
endfacet
facet normal 0.530619 -0.827481 -0.183629
  outer loop
    vertex 1.819031129934129 -1.158760935162499 -0.1759192866398281
    vertex 1.818634090574043 -1.12461417528106 -0.3309409601258914
    vertex 1.933696323846843 -1.072119538541216 -0.2350091929173009
  endloop
endfacet
facet normal 0.537992 0.769935 -0.343169
  outer loop
    vertex 1.432058444279672 1.317381939782297 -0.5388910778933347
    vertex 1.339647918382166 1.324256425898966 -0.6683410972400676
    vertex 1.301269456955459 1.408410894762172 -0.539698556397102
  endloop
endfacet
facet normal 0.529243 0.144448 -0.836084
  outer loop
    vertex 2.656122627088112 0.0692460290218245 -0.6246002425145312
    vertex 2.531861145353178 0.04277076029808559 -0.7078320106547503
    vertex 2.555019796898318 0.1885152151228494 -0.6679926566606194
  endloop
endfacet
facet normal 0.559407 0.249635 -0.790409
  outer loop
    vertex 2.086893311646689 0.2290705688546045 -0.9714449693750746
    vertex 1.988665642516783 0.3418692600329921 -1.005339896240957
    vertex 2.106722133921045 0.3721162925274739 -0.9122331422212386
  endloop
endfacet
facet normal 0.552105 -0.833442 -0.0235332
  outer loop
    vertex 0.6608000000000001 -1.922512149676223 -0.08057713290571897
    vertex 0.7761320023814658 -1.844708425584159 -0.1302752325495673
    vertex 0.7689943541049258 -1.853785847502154 0.02375294987171014
  endloop
endfacet
facet normal 0.552152 -0.800204 -0.2341
  outer loop
    vertex 0.6608000000000001 -1.842074177151205 -0.5561549836805478
    vertex 0.7764253857572005 -1.751928319284049 -0.5915769909978424
    vertex 0.7787454439543571 -1.793253022852117 -0.4448483771453328
  endloop
endfacet
facet normal 0.553222 -0.415692 -0.721904
  outer loop
    vertex 0.6608000000000001 -0.9621 -1.666406081962017
    vertex 0.7773595710048801 -0.8525859264913861 -1.640143346013494
    vertex 0.7897363441500613 -0.9898558957499987 -1.551614637676243
  endloop
endfacet
facet normal 0.539343 0.807788 -0.237883
  outer loop
    vertex 1.779041390447387 1.128137068420692 -0.4031504640171013
    vertex 1.723204392306419 1.203540360774743 -0.2736979275118525
    vertex 1.855142718153555 1.115763883623201 -0.2726248768899558
  endloop
endfacet
facet normal 0.53966 -0.467147 0.700387
  outer loop
    vertex 1.943114009453181 -0.6509009346657449 0.8761333825769503
    vertex 1.862248739488581 -0.5762107728647657 0.9882586010120762
    vertex 1.815870439286878 -0.7134620478957953 0.9324494624814872
  endloop
endfacet
facet normal 0.532903 0.781573 -0.324281
  outer loop
    vertex 2.255459191940635 0.8482729389423965 -0.2647232483276314
    vertex 2.375421517047318 0.7652397909519254 -0.2677090042267537
    vertex 2.29472489672469 0.7675108129894527 -0.3948471547216595
  endloop
endfacet
facet normal 0.537871 -0.833357 0.127326
  outer loop
    vertex 1.188541203769149 -1.55789108045681 0.2721414452717432
    vertex 1.060559749565464 -1.631961491348392 0.3279856580424239
    vertex 1.088468406163525 -1.636708879743701 0.1790171206606491
  endloop
endfacet
facet normal 0.555568 0.388581 0.735084
  outer loop
    vertex 1.695159531307558 0.6494534540583615 1.070943537550089
    vertex 1.597671026676444 0.5883753870171244 1.176911392030158
    vertex 1.720953554402649 0.5047236830559326 1.127955838068091
  endloop
endfacet
facet normal 0.54576 -0.6131 0.571187
  outer loop
    vertex 2.471325535835809 -0.5905497901466533 0.4597892744653896
    vertex 2.405839629781591 -0.5313243997214978 0.5859312206031265
    vertex 2.345734522968606 -0.65081901966134 0.5150977850872097
  endloop
endfacet
facet normal 0.538579 0.803098 -0.254884
  outer loop
    vertex 1.855142718153555 1.115763883623201 -0.2726248768899558
    vertex 1.98743282772742 1.027442905097159 -0.2713759119449551
    vertex 1.910260394804581 1.038176780674995 -0.4006234032588245
  endloop
endfacet
facet normal 0.544086 0.837822 0.044997
  outer loop
    vertex 1.193719999988624 1.578118947361129 -7.008255963831859e-16
    vertex 1.249019140530801 1.533336136680302 0.1651785079718531
    vertex 1.326949999985779 1.491598684201412 -6.624028810806076e-16
  endloop
endfacet
facet normal 0.55078 -0.112725 -0.827004
  outer loop
    vertex 1.962326869882018 -0.2137449683956732 -1.057598403867009
    vertex 1.886669431248419 -0.09626013230572955 -1.123999576611743
    vertex 2.015703338574065 -0.06541781737307997 -1.042267688197605
  endloop
endfacet
facet normal 0.545978 -0.61399 0.570021
  outer loop
    vertex 2.279965996109821 -0.5917543316098244 0.6414366446266186
    vertex 2.147272655585218 -0.6557754297892948 0.6995737054587357
    vertex 2.214130595933444 -0.7147480915670452 0.5720141863423941
  endloop
endfacet
facet normal 0.543034 -0.674079 0.500731
  outer loop
    vertex 1.693716314579406 -0.9677317503236469 0.7965888024677656
    vertex 1.561073144407851 -1.031112310368228 0.8551156195702662
    vertex 1.620769780838459 -1.083048006492455 0.7204603586387692
  endloop
endfacet
facet normal 0.55273 -0.0872254 0.828783
  outer loop
    vertex 0.6608000000000001 -0.2011336690196139 1.913659031067632
    vertex 0.7771175164605859 -0.2700582595418191 1.828830953752602
    vertex 0.7786130242753964 -0.1160175156201808 1.844045604698878
  endloop
endfacet
facet normal 0.554937 0.759739 0.338882
  outer loop
    vertex 0.6608000000000001 1.757844169595893 0.7826426486064532
    vertex 0.7794512824679563 1.649174973010712 0.8319704368378245
    vertex 0.7746970792410597 1.723070749885038 0.6740885728493528
  endloop
endfacet
facet normal 0.538171 0.797024 -0.27409
  outer loop
    vertex 2.041702729130608 0.9474243415024622 -0.3975031692209706
    vertex 1.98743282772742 1.027442905097159 -0.2713759119449551
    vertex 2.121759073118133 0.9379260673499497 -0.2679339369716415
  endloop
endfacet
facet normal 0.55301 0.121209 -0.824311
  outer loop
    vertex 0.6608000000000001 0.2810929635597958 -1.903557823087382
    vertex 0.7727325214275721 0.3453709758237598 -1.819013404854473
    vertex 0.7715605892243488 0.1933682697514424 -1.842150478810042
  endloop
endfacet
facet normal 0.55381 0.698003 -0.453967
  outer loop
    vertex 0.6608000000000001 1.602707051374376 -1.064836019054038
    vertex 0.7677550241492033 1.59754956941227 -0.9422878499993147
    vertex 0.7774135454254856 1.501970728296586 -1.077463366033455
  endloop
endfacet
facet normal 0.552388 -0.291244 -0.781053
  outer loop
    vertex 0.771593130772009 -0.5775124260683493 -1.759917834926162
    vertex 0.7734594921580292 -0.7158853168443661 -1.707000621837226
    vertex 0.6608000000000001 -0.6707223334566365 -1.803518004180298
  endloop
endfacet
facet normal 0.537174 -0.373816 0.756112
  outer loop
    vertex 1.906419269851897 -0.4313423528967217 1.028499754997175
    vertex 1.862248739488581 -0.5762107728647657 0.9882586010120762
    vertex 1.994376609290122 -0.5106001290134801 0.9268266969831739
  endloop
endfacet
facet normal 0.543229 0.833257 -0.102883
  outer loop
    vertex 1.125542386529602 1.616730231141693 -0.1354443017073117
    vertex 1.050170879286967 1.648853855275847 -0.2732398890105052
    vertex 0.9905888352625141 1.704569392737473 -0.1365920809418106
  endloop
endfacet
facet normal 0.553014 0.806751 0.208153
  outer loop
    vertex 0.6608000000000001 1.863747718643712 0.4785290808826123
    vertex 0.7735751200248802 1.771366064127469 0.5369610747615452
    vertex 0.768978133611173 1.812607338183928 0.3893325907974114
  endloop
endfacet
facet normal 0.536943 -0.584389 -0.608425
  outer loop
    vertex 0.9109016413756289 -1.27428486504943 -1.216583859299493
    vertex 0.863177835425647 -1.175284849632839 -1.3537898260668
    vertex 0.9982160243176459 -1.150319182168045 -1.258596228167639
  endloop
endfacet
facet normal 0.524851 -0.846577 -0.0885399
  outer loop
    vertex 2.377286035945316 -0.8094838670704528 -0.005840234758544919
    vertex 2.388817003288794 -0.7865547663433691 -0.1567237336071881
    vertex 2.490477552170852 -0.733124526583891 -0.0649703288436404
  endloop
endfacet
facet normal 0.555178 -0.470431 0.685909
  outer loop
    vertex 2.713889640023923 -0.2715460945880151 0.5248243852749155
    vertex 2.585764453807611 -0.3351986200475499 0.5848734048455513
    vertex 2.665153705333168 -0.4054533174991413 0.4724312061008519
  endloop
endfacet
facet normal 0.553146 0.410768 -0.724775
  outer loop
    vertex 0.9611144807659594 0.7851888989936981 -1.540623832078288
    vertex 0.8464450739580041 0.8973599319623831 -1.564565886520474
    vertex 0.9684079971065916 0.9179190880472083 -1.459832214278833
  endloop
endfacet
facet normal 0.554509 0.785518 -0.274739
  outer loop
    vertex 0.6608000000000001 1.817169011610962 -0.6328052016543807
    vertex 0.7782209269941555 1.770757393293541 -0.5285106722084026
    vertex 0.7902445479079874 1.705239523565801 -0.6915678812135375
  endloop
endfacet
facet normal 0.55319 -0.79115 -0.260889
  outer loop
    vertex 1.12730606797273 -1.515148299333734 -0.5768642334517807
    vertex 1.137304160024917 -1.555725614477468 -0.4326127058146568
    vertex 1.016203254579034 -1.611493112707208 -0.5202797210493871
  endloop
endfacet
facet normal 0.552987 -0.0167672 -0.833021
  outer loop
    vertex 0.6608000000000001 -0.04029740433955416 -1.923777991142298
    vertex 0.7735995934589553 0.04002522115841992 -1.850514543445375
    vertex 0.7786130242753969 -0.116017515620184 -1.844045604698877
  endloop
endfacet
facet normal 0.532352 -0.750177 -0.392218
  outer loop
    vertex 1.811955186883051 -1.074572323834032 -0.4793342611452052
    vertex 1.800354206811321 -1.011455963019072 -0.6157998903650931
    vertex 1.916142953417074 -0.9746733908039938 -0.5289937645774265
  endloop
endfacet
facet normal 0.543042 0.691613 0.476211
  outer loop
    vertex 1.243938006823476 1.307883843953181 0.8234270314027869
    vertex 1.107700161093064 1.386358414673934 0.8648139799596165
    vertex 1.167829025527766 1.273035968941852 0.9608276033091632
  endloop
endfacet
facet normal 0.552944 0.0511948 0.831644
  outer loop
    vertex 0.6608000000000001 0.1208215176783089 1.92040303084168
    vertex 0.7735751200248724 0.03670188792566079 1.850599335451687
    vertex 0.7690881593703416 0.1892542198467821 1.844191730806869
  endloop
endfacet
facet normal 0.524559 -0.815836 -0.243414
  outer loop
    vertex 2.49309562821617 -0.70221578181373 -0.2146763283778286
    vertex 2.388817003288794 -0.7865547663433691 -0.1567237336071881
    vertex 2.382710401733537 -0.7467788275255715 -0.303197770191683
  endloop
endfacet
facet normal 0.544179 0.837965 0.041023
  outer loop
    vertex 1.460179999982935 1.405078421041695 -6.239801657780291e-16
    vertex 1.523816286160864 1.357231455952272 0.1332071782889392
    vertex 1.593409999980091 1.318558157881977 -5.855574504754506e-16
  endloop
endfacet
facet normal 0.55308 0.266337 -0.78941
  outer loop
    vertex 0.7610686824849844 0.6662115505504957 -1.735614925491673
    vertex 0.7872885637445115 0.5079683495071522 -1.77063394930392
    vertex 0.6608000000000001 0.5946105005762775 -1.830022948655133
  endloop
endfacet
facet normal 0.553297 -0.831311 0.0527752
  outer loop
    vertex 1.088468406163525 -1.636708879743701 0.1790171206606491
    vertex 0.9875885366363217 -1.710035545709855 0.08160962756237168
    vertex 1.110237807833606 -1.632183531089283 0.02206891752098014
  endloop
endfacet
facet normal 0.547726 -0.559795 0.621792
  outer loop
    vertex 1.550943622750314 -0.8460282905564778 1.047052237441677
    vertex 1.418365694185707 -0.91354099528217 1.10305656711035
    vertex 1.49406216374245 -0.9740164159377145 0.9819312272939571
  endloop
endfacet
facet normal 0.552578 0.501427 0.665754
  outer loop
    vertex 0.7713719598748223 1.053677904784515 1.523524321205174
    vertex 0.7737123257697938 1.173037575889015 1.431683600834187
    vertex 0.6608000000000001 1.163369616818183 1.532682868262157
  endloop
endfacet
facet normal 0.554415 0.650203 0.51948
  outer loop
    vertex 0.6608000000000001 1.507982950586382 1.195212558811523
    vertex 0.7744285708833625 1.391566371619377 1.219654266793117
    vertex 0.77856948298953 1.495514838811224 1.085128616464128
  endloop
endfacet
facet normal 0.527991 0.222966 -0.819458
  outer loop
    vertex 2.306971126142896 0.1461851443032043 -0.8425804899887271
    vertex 2.327931781832523 0.2906864853311952 -0.7897579446000859
    vertex 2.428370417261646 0.1795712823484108 -0.7552768705291653
  endloop
endfacet
facet normal 0.535748 0.31995 0.781413
  outer loop
    vertex 1.142022270183012 0.6297300956770298 1.483573464168799
    vertex 1.018777838050217 0.7158173463982754 1.532823150678613
    vertex 1.031742610520523 0.565602164993502 1.585439917759349
  endloop
endfacet
facet normal 0.553263 0.444595 0.70444
  outer loop
    vertex 0.6608000000000001 1.031037918898587 1.624655794250976
    vertex 0.7812772673098731 0.9156348112314707 1.602868206747405
    vertex 0.7713719598748223 1.053677904784515 1.523524321205174
  endloop
endfacet
facet normal 0.542695 -0.775849 0.321776
  outer loop
    vertex 1.055373358394156 -1.511675543073875 0.7049356241654837
    vertex 1.105203436299101 -1.535381038798025 0.5637368144749964
    vertex 1.19207910741084 -1.435033114689109 0.659169028304622
  endloop
endfacet
facet normal 0.536061 -0.832358 -0.140783
  outer loop
    vertex 0.6608000000000001 -1.88215161333199 -0.400063675471527
    vertex 0.7760402266605502 -1.825154660871183 -0.298247740370803
    vertex 0.6608000000000001 -1.909027108269319 -0.2411662080244275
  endloop
endfacet
facet normal 0.535566 -0.51058 -0.672664
  outer loop
    vertex 0.6608000000000001 -1.098167046938385 -1.580055308215072
    vertex 0.7683682931209268 -1.132035343821178 -1.46870344787619
    vertex 0.6608000000000001 -1.22653124107443 -1.482621581749172
  endloop
endfacet
facet normal 0.530734 0.490846 0.690935
  outer loop
    vertex 2.605161301304818 0.4153731139905104 0.5148552433794424
    vertex 2.476238450357862 0.4937821135943504 0.5581835819165425
    vertex 2.511650648785106 0.3591889514006242 0.6265981576682456
  endloop
endfacet
facet normal 0.546034 0.836691 0.042362
  outer loop
    vertex 1.593409999980091 1.318558157881977 -5.855574504754506e-16
    vertex 1.523816286160864 1.357231455952272 0.1332071782889392
    vertex 1.656858703356144 1.270422339571581 0.1328944066847884
  endloop
endfacet
facet normal 0.545785 0.825077 0.146174
  outer loop
    vertex 1.692540625276861 1.220898494397533 0.2870189497611667
    vertex 1.839875687966052 1.126040418130929 0.2723232645026036
    vertex 1.789622381766636 1.18318400156269 0.1374136293958009
  endloop
endfacet
facet normal 0.544117 0.83787 0.0437041
  outer loop
    vertex 1.593409999980091 1.318558157881977 -5.855574504754506e-16
    vertex 1.656858703356144 1.270422339571581 0.1328944066847884
    vertex 1.726639999977247 1.232037894722259 -5.47134735172872e-16
  endloop
endfacet
facet normal 0.550172 0.773765 0.314005
  outer loop
    vertex 2.613845574190203 0.5839897648422643 0.2985582940712335
    vertex 2.757036867319643 0.4933499252160307 0.271024159693597
    vertex 2.718499549452587 0.5655486048750531 0.1606350649357286
  endloop
endfacet
facet normal 0.53952 0.827127 0.157412
  outer loop
    vertex 1.922860502244654 1.096676242890994 0.1321638052367906
    vertex 1.986637344875237 1.030247237518958 0.262626434634973
    vertex 2.055465086023013 1.009192919871769 0.1373539288765259
  endloop
endfacet
facet normal 0.537838 0.51466 0.667724
  outer loop
    vertex 0.9121296559635608 1.14106241270467 1.34128499597643
    vertex 0.9607447421376463 0.9979354628236488 1.412444212535365
    vertex 1.050030206914537 1.051555720021875 1.299197834913437
  endloop
endfacet
facet normal 0.540939 -0.103186 -0.834708
  outer loop
    vertex 1.098168130382737 -0.2770227953545962 -1.616607168336429
    vertex 1.148656030556558 -0.1287151323360756 -1.602221850492428
    vertex 1.231651738609634 -0.2445565850799201 -1.534115525546011
  endloop
endfacet
facet normal 0.539936 0.613743 0.576011
  outer loop
    vertex 1.830524061017371 0.8857814036590876 0.7560597369548901
    vertex 1.701027579447678 0.9608656351610424 0.7974433124877579
    vertex 1.746726144130059 0.8401573081020756 0.8832223370535506
  endloop
endfacet
facet normal 0.542915 0.803934 0.242762
  outer loop
    vertex 1.905770981645269 1.049135189983302 0.379634796230466
    vertex 1.839875687966052 1.126040418130929 0.2723232645026036
    vertex 1.773678805478993 1.128203520410688 0.4132028449345025
  endloop
endfacet
facet normal 0.534335 -0.270553 0.800804
  outer loop
    vertex 2.033237482369432 -0.3649775667822193 0.9663020420186824
    vertex 1.937854023791959 -0.2826438419643274 1.057762923248207
    vertex 1.906419269851897 -0.4313423528967217 1.028499754997175
  endloop
endfacet
facet normal 0.532485 0.38326 -0.754699
  outer loop
    vertex 0.9611144807659594 0.7851888989936981 -1.540623832078288
    vertex 0.8550775868247364 0.7346706219533166 -1.641093947233808
    vertex 0.8464450739580041 0.8973599319623831 -1.564565886520474
  endloop
endfacet
facet normal 0.535146 -0.780097 -0.32414
  outer loop
    vertex 1.476097284054706 -1.313609462987861 -0.4687584211018773
    vertex 1.463288133279655 -1.264914806053306 -0.6070978908751783
    vertex 1.584678573276158 -1.216909062888039 -0.5222194631862197
  endloop
endfacet
facet normal 0.545393 0.837479 -0.0342843
  outer loop
    vertex 1.125542386529602 1.616730231141693 -0.1354443017073117
    vertex 0.9905888352625141 1.704569392737473 -0.1365920809418106
    vertex 1.060489999991468 1.664639210520847 -7.392483116857645e-16
  endloop
endfacet
facet normal 0.535658 0.278935 -0.797036
  outer loop
    vertex 1.055076281981979 0.5337799148327361 -1.580449239266252
    vertex 0.9314297662828571 0.4987307970819669 -1.6758134170746
    vertex 0.9533315787937042 0.6433225826930146 -1.61049196908378
  endloop
endfacet
facet normal 0.541032 -0.113821 -0.833264
  outer loop
    vertex 0.9637513926061405 -0.3108785464332313 -1.699258279536881
    vertex 1.013859266778529 -0.1595361227392866 -1.687396503799151
    vertex 1.098168130382737 -0.2770227953545962 -1.616607168336429
  endloop
endfacet
facet normal 0.617836 0.726453 -0.300907
  outer loop
    vertex 3.325399999944 0.1370335725544922 -0.1370335725544916
    vertex 3.230709145114973 0.2224398616170668 -0.1252685255969549
    vertex 3.325399999944 0.193794736807 -8.606215154162e-17
  endloop
endfacet
facet normal 0.536124 -0.802186 -0.26281
  outer loop
    vertex 1.250492786644657 -1.460975883851284 -0.4909198154014135
    vertex 1.137304160024917 -1.555725614477468 -0.4326127058146568
    vertex 1.12730606797273 -1.515148299333734 -0.5768642334517807
  endloop
endfacet
facet normal 0.562436 0.604996 -0.563601
  outer loop
    vertex 2.339046666660664 0.5534010495554933 -0.6243931562015084
    vertex 2.221235648916041 0.6539890060434914 -0.6339848346522717
    vertex 2.322895187039421 0.6666797136519579 -0.5189125245669421
  endloop
endfacet
facet normal 0.545077 -0.310824 -0.778639
  outer loop
    vertex 1.313466208841657 -0.6196802894427955 -1.366404717641687
    vertex 1.181414455237794 -0.6512373505643588 -1.446248797437932
    vertex 1.245514132082895 -0.5081212295100438 -1.458506873451813
  endloop
endfacet
facet normal 0.54655 0.83654 -0.0385138
  outer loop
    vertex 1.392317850277219 1.442514034156754 -0.1385081773068391
    vertex 1.261039244076231 1.52844016890286 -0.1351241633667877
    vertex 1.326949999985779 1.491598684201412 -6.624028810806076e-16
  endloop
endfacet
facet normal 0.546406 -0.582703 0.601579
  outer loop
    vertex 0.8698032550547757 -1.185773658510186 1.338870266938595
    vertex 0.7563207928777694 -1.242006352691163 1.38747647783344
    vertex 0.7866596791257421 -1.334769018059242 1.270068052531522
  endloop
endfacet
facet normal 0.550905 0.72842 -0.407319
  outer loop
    vertex 0.8960982417154143 1.504791496089863 -0.9345836709211022
    vertex 0.7677550241492033 1.59754956941227 -0.9422878499993147
    vertex 0.8578454624212541 1.601802907497163 -0.8128327649586746
  endloop
endfacet
facet normal 0.543949 0.83761 0.0502896
  outer loop
    vertex 1.859869999974403 1.145517631562542 -5.087120198702935e-16
    vertex 1.922860502244654 1.096676242890994 0.1321638052367906
    vertex 1.99309999997156 1.058997368402824 -4.702893045677148e-16
  endloop
endfacet
facet normal 0.552688 0.442096 0.706461
  outer loop
    vertex 1.439820910161671 0.8114866347411809 1.163212594739389
    vertex 1.34438486862498 0.7538994117052247 1.27391281653291
    vertex 1.473722316049074 0.6725408383980906 1.223641183019311
  endloop
endfacet
facet normal 0.548288 0.669158 0.501605
  outer loop
    vertex 1.830524061017371 0.8857814036590876 0.7560597369548901
    vertex 1.773982030377787 1.000996429989611 0.6641632143989568
    vertex 1.701027579447678 0.9608656351610424 0.7974433124877579
  endloop
endfacet
facet normal 0.538812 -0.611216 -0.579739
  outer loop
    vertex 1.162485436302718 -1.207285310087704 -1.04754656729705
    vertex 1.128168125818297 -1.120436823872942 -1.171005174776773
    vertex 1.256131219416122 -1.084359824835351 -1.090111464559798
  endloop
endfacet
facet normal 0.545757 0.0193872 -0.837719
  outer loop
    vertex 0.9103179211843024 -0.0288709342018024 -1.761925224909437
    vertex 0.8642693317879858 0.1093636892006393 -1.788725785341539
    vertex 0.9714617761459121 0.1114824056362879 -1.718843084332204
  endloop
endfacet
facet normal 0.540987 -0.731913 0.41429
  outer loop
    vertex 1.884154822378447 -0.9535648793802367 0.6058400526977168
    vertex 1.751816011273014 -1.019315449008296 0.6624910930620044
    vertex 1.803777302259447 -1.060406898330254 0.5220441258716491
  endloop
endfacet
facet normal 0.535917 -0.224249 0.813944
  outer loop
    vertex 0.888559041497991 -0.4670394279970398 1.713793373037841
    vertex 0.7761852764529202 -0.4154175581844705 1.802004746530144
    vertex 0.7756086562077983 -0.5663784498213643 1.760793400919007
  endloop
endfacet
facet normal 0.550717 -0.547063 -0.630422
  outer loop
    vertex 0.9982160243176459 -1.150319182168045 -1.258596228167639
    vertex 1.087405337136209 -1.025655072138988 -1.288863281597394
    vertex 1.128168125818297 -1.120436823872942 -1.171005174776773
  endloop
endfacet
facet normal 0.533686 -0.694726 -0.482219
  outer loop
    vertex 1.892544332011572 -0.9054797535425682 -0.6664488664071649
    vertex 1.800354206811321 -1.011455963019072 -0.6157998903650931
    vertex 1.768954697361187 -0.9413783919909426 -0.7515104265420425
  endloop
endfacet
facet normal 0.548395 -0.106235 -0.829444
  outer loop
    vertex 1.098168130382737 -0.2770227953545962 -1.616607168336429
    vertex 1.013859266778529 -0.1595361227392866 -1.687396503799151
    vertex 1.148656030556558 -0.1287151323360756 -1.602221850492428
  endloop
endfacet
facet normal 0.541847 0.67032 0.507024
  outer loop
    vertex 1.907576698181651 0.9242651185751032 0.6228370061979743
    vertex 1.773982030377787 1.000996429989611 0.6641632143989568
    vertex 1.830524061017371 0.8857814036590876 0.7560597369548901
  endloop
endfacet
facet normal 0.53585 -0.84283 0.0500231
  outer loop
    vertex 1.088468406163525 -1.636708879743701 0.1790171206606491
    vertex 1.110237807833606 -1.632183531089283 0.02206891752098014
    vertex 1.214472905744521 -1.560349166952218 0.1158220877570961
  endloop
endfacet
facet normal 0.535678 0.417379 -0.734059
  outer loop
    vertex 0.9611144807659594 0.7851888989936981 -1.540623832078288
    vertex 0.9684079971065916 0.9179190880472083 -1.459832214278833
    vertex 1.080598093952262 0.8124083440990608 -1.43795416466902
  endloop
endfacet
facet normal 0.554371 0.403526 -0.727901
  outer loop
    vertex 1.42951006684113 0.7553175872202004 -1.208349249183672
    vertex 1.426937236942536 0.6261097505634309 -1.281937490394255
    vertex 1.312065605901419 0.7292154112440905 -1.312265425743609
  endloop
endfacet
facet normal 0.556359 0.20815 -0.804449
  outer loop
    vertex 1.961413697761576 0.2001243442472974 -1.060863613568956
    vertex 1.870179163212009 0.3198762505479276 -1.09297601501644
    vertex 1.988665642516783 0.3418692600329921 -1.005339896240957
  endloop
endfacet
facet normal 0.523021 -0.149994 0.839018
  outer loop
    vertex 2.746514618775101 -0.1265609219656212 0.5554907659093098
    vertex 2.643117112896028 -0.03833764122138014 0.6357178874483608
    vertex 2.625114217438639 -0.1921753206055349 0.6194383911818117
  endloop
endfacet
facet normal 0.512665 -0.130969 0.848541
  outer loop
    vertex 2.95533379126592 -0.1440048802584857 0.4095372447220069
    vertex 3.067658106965176 -0.08769833587972724 0.350364707071423
    vertex 2.977545992809385 0.008219465775772507 0.4196124650485085
  endloop
endfacet
facet normal 0.535712 -0.327218 -0.778422
  outer loop
    vertex 0.6608000000000001 -0.6707223334566365 -1.803518004180298
    vertex 0.7734594921580292 -0.7158853168443661 -1.707000621837226
    vertex 0.6608000000000001 -0.8192845128295125 -1.741068214355115
  endloop
endfacet
facet normal 0.536122 0.808112 -0.243983
  outer loop
    vertex 0.6608000000000001 1.863747718643712 -0.4785290808826138
    vertex 0.7782209269941555 1.770757393293541 -0.5285106722084026
    vertex 0.6608000000000001 1.817169011610962 -0.6328052016543807
  endloop
endfacet
facet normal 0.535724 0.808354 0.244056
  outer loop
    vertex 0.6608000000000001 1.817169011610961 0.6328052016543805
    vertex 0.7735751200248802 1.771366064127469 0.5369610747615452
    vertex 0.6608000000000001 1.863747718643712 0.4785290808826123
  endloop
endfacet
facet normal 0.535724 0.0176836 0.844208
  outer loop
    vertex 0.6608000000000001 -0.0402974043395507 1.923777991142298
    vertex 0.7735751200248724 0.03670188792566079 1.850599335451687
    vertex 0.6608000000000001 0.1208215176783089 1.92040303084168
  endloop
endfacet
facet normal 0.535722 0.0176837 -0.844209
  outer loop
    vertex 0.6608000000000001 0.120821517678308 -1.92040303084168
    vertex 0.7735995934589553 0.04002522115841992 -1.850514543445375
    vertex 0.6608000000000001 -0.04029740433955416 -1.923777991142298
  endloop
endfacet
facet normal 0.536915 0.226871 -0.812559
  outer loop
    vertex 0.6608000000000001 0.5946105005762775 -1.830022948655133
    vertex 0.7872885637445115 0.5079683495071522 -1.77063394930392
    vertex 0.6608000000000001 0.4393927442669257 -1.873360524908535
  endloop
endfacet
facet normal 0.553313 -0.253758 0.79338
  outer loop
    vertex 0.7756086562077983 -0.5663784498213643 1.760793400919007
    vertex 0.8641799048908033 -0.6110165588090785 1.684745460251275
    vertex 0.888559041497991 -0.4670394279970398 1.713793373037841
  endloop
endfacet
facet normal 0.546906 0.835916 -0.0462379
  outer loop
    vertex 1.793587454410326 1.180676381977696 -0.1366842680183529
    vertex 1.660900489983907 1.267603239535893 -0.1346004102531182
    vertex 1.726639999977247 1.232037894722259 -5.47134735172872e-16
  endloop
endfacet
facet normal 0.535839 0.53819 0.65056
  outer loop
    vertex 0.6608000000000001 1.163369616818183 1.532682868262157
    vertex 0.7737123257697938 1.173037575889015 1.431683600834187
    vertex 0.6608000000000001 1.287541112755717 1.4299592731836
  endloop
endfacet
facet normal 0.536066 0.639037 0.551602
  outer loop
    vertex 0.6608000000000001 1.402681432884282 1.317205541227981
    vertex 0.7744285708833625 1.391566371619377 1.219654266793117
    vertex 0.6608000000000001 1.507982950586382 1.195212558811523
  endloop
endfacet
facet normal 0.554152 -0.69626 -0.456221
  outer loop
    vertex 0.8779912555815161 -1.535292017107742 -0.9069286968842522
    vertex 0.7612459363189645 -1.559843712480206 -1.011264855814332
    vertex 0.850497121095005 -1.465209212945546 -1.047281180097142
  endloop
endfacet
facet normal 0.550985 -0.588578 -0.591601
  outer loop
    vertex 1.034527836513313 -1.241585727304085 -1.133977231269833
    vertex 0.9109016413756289 -1.27428486504943 -1.216583859299493
    vertex 0.9982160243176459 -1.150319182168045 -1.258596228167639
  endloop
endfacet
facet normal 0.558129 -0.0112723 -0.829677
  outer loop
    vertex 2.616225452991432 -0.08014542194599023 -0.6494096254785006
    vertex 2.531861145353178 0.04277076029808559 -0.7078320106547503
    vertex 2.656122627088112 0.0692460290218245 -0.6246002425145312
  endloop
endfacet
facet normal 0.553278 -0.518776 -0.651732
  outer loop
    vertex 0.7683682931209268 -1.132035343821178 -1.46870344787619
    vertex 0.8643503153527299 -1.054914828620485 -1.448608492711054
    vertex 0.863177835425647 -1.175284849632839 -1.3537898260668
  endloop
endfacet
facet normal 0.548942 -0.449534 -0.704686
  outer loop
    vertex 1.426546139431175 -0.830242621984834 -1.160516735723655
    vertex 1.29959469034144 -0.8593923665175173 -1.240815268986637
    vertex 1.371351881675914 -0.7279675088769898 -1.268755863501371
  endloop
endfacet
facet normal 0.53481 0.338247 -0.774318
  outer loop
    vertex 1.189626757757219 0.7021344978099558 -1.416285088318318
    vertex 1.299729063812907 0.5944352671769398 -1.387285503947742
    vertex 1.178796574280957 0.5612523888390899 -1.485307140028714
  endloop
endfacet
facet normal 0.540193 -0.491024 0.683438
  outer loop
    vertex 1.604473183383507 -0.7090724403442824 1.103139688528237
    vertex 1.550943622750314 -0.8460282905564778 1.047052237441677
    vertex 1.685130348556505 -0.7776129837594458 0.9901440047819327
  endloop
endfacet
facet normal 0.531773 -0.1575 0.832113
  outer loop
    vertex 1.961833259037264 -0.1283446622081895 1.071643965330189
    vertex 1.937854023791959 -0.2826438419643274 1.057762923248207
    vertex 2.062084595045481 -0.2139797506946395 0.9913682866340455
  endloop
endfacet
facet normal 0.543363 -0.224436 -0.808941
  outer loop
    vertex 1.774664732478047 -0.3874325921526147 -1.136634340212177
    vertex 1.834505350381634 -0.2464610480088136 -1.135551279825499
    vertex 1.904970806975001 -0.3578017918420506 -1.057329136191762
  endloop
endfacet
facet normal 0.540926 -0.520262 0.660853
  outer loop
    vertex 1.150385071041693 -1.052652302882456 1.213258891719791
    vertex 1.281055499765475 -0.98400784153803 1.160342660933179
    vertex 1.203680650772079 -0.9174202225278059 1.276097671421888
  endloop
endfacet
facet normal 0.552121 0.706476 -0.44278
  outer loop
    vertex 1.148588676471637 1.317024741318426 -0.9215578605800673
    vertex 1.019094999050705 1.413223434572675 -0.9295396572318868
    vertex 1.118466432985659 1.416424729230619 -0.8005212205118413
  endloop
endfacet
facet normal 0.547601 -0.570696 0.611914
  outer loop
    vertex 1.150385071041693 -1.052652302882456 1.213258891719791
    vertex 1.219746187781411 -1.111977030924153 1.095858962353611
    vertex 1.281055499765475 -0.98400784153803 1.160342660933179
  endloop
endfacet
facet normal 0.539197 -0.0521704 -0.840562
  outer loop
    vertex 1.013859266778529 -0.1595361227392866 -1.687396503799151
    vertex 0.8808865890593639 -0.1965519551777252 -1.770397291000121
    vertex 0.9103179211843024 -0.0288709342018024 -1.761925224909437
  endloop
endfacet
facet normal 0.525787 -0.755706 -0.390457
  outer loop
    vertex 2.382710401733537 -0.7467788275255715 -0.303197770191683
    vertex 2.362993222673869 -0.6869444820340966 -0.4455547572655651
    vertex 2.481493394258024 -0.6497876676223069 -0.3578978805560318
  endloop
endfacet
facet normal 0.532503 0.0345247 0.845724
  outer loop
    vertex 1.744416874954334 0.04476730517980021 1.219672197111993
    vertex 1.632247468777066 0.129459390267155 1.286841329152194
    vertex 1.625613738447021 -0.02632651733752247 1.29737779799839
  endloop
endfacet
facet normal 0.547803 0.834878 -0.0537614
  outer loop
    vertex 2.057454113972959 1.007960424578625 -0.1368310885545465
    vertex 1.927527656739991 1.093386755183386 -0.1341072938192305
    vertex 1.99309999997156 1.058997368402824 -4.702893045677148e-16
  endloop
endfacet
facet normal 0.542297 -0.757666 -0.363121
  outer loop
    vertex 2.701182610586061 -0.5111031559596459 -0.3126851691948333
    vertex 2.79613460324204 -0.4587841544024471 -0.280046435126353
    vertex 2.801736325413425 -0.5022498866035827 -0.1809877099141763
  endloop
endfacet
facet normal 0.54287 -0.441467 -0.714423
  outer loop
    vertex 1.167153709218507 -0.8966094922808855 -1.319583570785275
    vertex 1.110447107001411 -0.794412972675411 -1.425824123212067
    vertex 1.2410404495136 -0.7593221984488459 -1.348273671168046
  endloop
endfacet
facet normal 0.545217 -0.617512 0.566937
  outer loop
    vertex 1.626933245575485 -0.9082342645920661 0.9256184962781832
    vertex 1.561073144407851 -1.031112310368228 0.8551156195702662
    vertex 1.693716314579406 -0.9677317503236469 0.7965888024677656
  endloop
endfacet
facet normal 0.539641 -0.514489 -0.6664
  outer loop
    vertex 1.426546139431175 -0.830242621984834 -1.160516735723655
    vertex 1.347996364519664 -0.9567869181481289 -1.12642754943095
    vertex 1.29959469034144 -0.8593923665175173 -1.240815268986637
  endloop
endfacet
facet normal 0.550704 -0.51813 -0.654421
  outer loop
    vertex 1.473684818669445 -0.9265277476729861 -1.044616321569267
    vertex 1.347996364519664 -0.9567869181481289 -1.12642754943095
    vertex 1.426546139431175 -0.830242621984834 -1.160516735723655
  endloop
endfacet
facet normal 0.552958 -0.699147 -0.453245
  outer loop
    vertex 1.543604247127742 -1.094562777045445 -0.7917507727469292
    vertex 1.571946802785486 -1.157578655783352 -0.6599685607377396
    vertex 1.44362834739722 -1.204528736207803 -0.7440947830217954
  endloop
endfacet
facet normal 0.53723 0.463835 0.704444
  outer loop
    vertex 1.309165884983952 0.8923907084083751 1.209583431729184
    vertex 1.34438486862498 0.7538994117052247 1.27391281653291
    vertex 1.439820910161671 0.8114866347411809 1.163212594739389
  endloop
endfacet
facet normal 0.540701 0.777953 0.320049
  outer loop
    vertex 2.718499549452587 0.5655486048750531 0.1606350649357286
    vertex 2.757036867319643 0.4933499252160307 0.271024159693597
    vertex 2.840622196136794 0.4885102644755788 0.1415764169087488
  endloop
endfacet
facet normal 0.550313 -0.489036 -0.676756
  outer loop
    vertex 0.9631631747291379 -1.047667282922455 -1.373985929269187
    vertex 1.043454342213234 -0.9261917578919533 -1.396476594686747
    vertex 1.087405337136209 -1.025655072138988 -1.288863281597394
  endloop
endfacet
facet normal 0.55441 0.808136 -0.198862
  outer loop
    vertex 2.327626055383972 0.8311864316208382 -0.1329645243303299
    vertex 2.375421517047318 0.7652397909519254 -0.2677090042267537
    vertex 2.255459191940635 0.8482729389423965 -0.2647232483276314
  endloop
endfacet
facet normal 0.535306 0.186945 -0.823711
  outer loop
    vertex 1.836559856636163 0.1793884714237335 -1.146708613419675
    vertex 1.870179163212009 0.3198762505479276 -1.09297601501644
    vertex 1.961413697761576 0.2001243442472974 -1.060863613568956
  endloop
endfacet
facet normal 0.541598 -0.576857 0.61148
  outer loop
    vertex 1.087735851884195 -1.183615807045482 1.145200186263395
    vertex 1.219746187781411 -1.111977030924153 1.095858962353611
    vertex 1.150385071041693 -1.052652302882456 1.213258891719791
  endloop
endfacet
facet normal 0.553562 0.301217 -0.776426
  outer loop
    vertex 1.055076281981979 0.5337799148327361 -1.580449239266252
    vertex 0.9533315787937042 0.6433225826930146 -1.61049196908378
    vertex 1.071668502592839 0.6726433700528371 -1.514747109118239
  endloop
endfacet
facet normal 0.549446 0.832436 0.0718267
  outer loop
    vertex 2.392789999963029 0.7994365789236699 -3.550211586599788e-16
    vertex 2.332872594752509 0.827258345483288 0.1359034712087639
    vertex 2.453702492692551 0.7473953248589309 0.1371764007856513
  endloop
endfacet
facet normal 0.536688 0.263372 -0.801624
  outer loop
    vertex 1.286119384972499 0.4578764322661008 -1.447418461289347
    vertex 1.159831625009234 0.4272287174675812 -1.542037481857385
    vertex 1.178796574280957 0.5612523888390899 -1.485307140028714
  endloop
endfacet
facet normal 0.547068 -0.623078 0.559008
  outer loop
    vertex 1.087735851884195 -1.183615807045482 1.145200186263395
    vertex 1.153315719842512 -1.238475305607091 1.019873788973792
    vertex 1.219746187781411 -1.111977030924153 1.095858962353611
  endloop
endfacet
facet normal 0.548861 0.650509 0.524966
  outer loop
    vertex 1.036209407355041 1.349877206585569 1.000799547493882
    vertex 0.9653196234221353 1.307738514514243 1.12713203839438
    vertex 1.090547804845841 1.230447053108767 1.091979058582271
  endloop
endfacet
facet normal 0.534235 0.700022 0.473881
  outer loop
    vertex 2.685498637200443 0.4641548902622638 0.3948008619520172
    vertex 2.757036867319643 0.4933499252160307 0.271024159693597
    vertex 2.613845574190203 0.5839897648422643 0.2985582940712335
  endloop
endfacet
facet normal 0.567547 -0.527961 -0.631781
  outer loop
    vertex 2.762964408720317 -0.2967295529756835 -0.4737943241836883
    vertex 2.780841161541153 -0.4088552719019412 -0.3640349901030684
    vertex 2.664834645863675 -0.4292627534218605 -0.4511930374139578
  endloop
endfacet
facet normal 0.558705 -0.795418 -0.234861
  outer loop
    vertex 1.933696323846843 -1.072119538541216 -0.2350091929173009
    vertex 1.818634090574043 -1.12461417528106 -0.3309409601258914
    vertex 1.929929612993525 -1.030595807219661 -0.3846004328084108
  endloop
endfacet
facet normal 0.546297 -0.372904 0.750001
  outer loop
    vertex 0.8186253624936523 -0.7536697468503503 1.658493197865881
    vertex 0.7649050357642219 -0.8795028550109759 1.635058004824541
    vertex 0.8920445223681468 -0.8503754317286346 1.556932581680674
  endloop
endfacet
facet normal 0.540237 0.81479 -0.210381
  outer loop
    vertex 1.518379412378409 1.304851984662127 -0.4084424546084748
    vertex 1.45929027571632 1.378520450318063 -0.2748649782262064
    vertex 1.589292005997847 1.292329051421957 -0.2748466671971883
  endloop
endfacet
facet normal 0.548298 -0.403033 -0.732757
  outer loop
    vertex 1.897781833573159 -0.6028527046690311 -0.9449760809223282
    vertex 1.766298808370562 -0.6341269188820216 -1.026159024743162
    vertex 1.838388750953871 -0.4982242716035871 -1.046966020315112
  endloop
endfacet
facet normal 0.506705 0.674292 -0.537196
  outer loop
    vertex 3.112370377169217 0.3032725200118351 -0.1354288053350295
    vertex 3.230709145114973 0.2224398616170668 -0.1252685255969549
    vertex 3.132364800211412 0.1946297144909214 -0.2529383151547224
  endloop
endfacet
facet normal 0.535838 0.575298 0.617988
  outer loop
    vertex 1.006795585337761 1.183459641068131 1.219734772695721
    vertex 0.891560479589228 1.270217718841901 1.238886508270614
    vertex 0.9121296559635608 1.14106241270467 1.34128499597643
  endloop
endfacet
facet normal 0.552892 -0.119991 0.824568
  outer loop
    vertex 1.156123022420585 -0.1523150320078684 1.595279708140739
    vertex 1.027689320192816 -0.2217576252656036 1.671292232624034
    vertex 1.135796478024018 -0.3049153090912198 1.586702731258381
  endloop
endfacet
facet normal 0.547208 0.693789 0.468209
  outer loop
    vertex 0.9740799258678446 1.463721263502516 0.9047185505720142
    vertex 0.9105736880392747 1.424769953730281 1.036657734408737
    vertex 1.036209407355041 1.349877206585569 1.000799547493882
  endloop
endfacet
facet normal 0.540553 0.838351 0.0704959
  outer loop
    vertex 2.194866750922684 0.9143503356429109 0.1583978810860564
    vertex 2.332872594752509 0.827258345483288 0.1359034712087639
    vertex 2.259559999965873 0.8859568420833879 -3.934438739625574e-16
  endloop
endfacet
facet normal 0.549674 -0.799896 0.240884
  outer loop
    vertex 1.283324928096873 -1.475394003183022 0.3652352779454214
    vertex 1.240120376130809 -1.461033194849477 0.5115110801624165
    vertex 1.152667491058349 -1.550167422632188 0.4150849528770212
  endloop
endfacet
facet normal 0.555042 0.716741 -0.42215
  outer loop
    vertex 1.853708442437761 0.9471308826622797 -0.6514115252551334
    vertex 1.726336561452972 1.042485420513545 -0.6569833470404527
    vertex 1.821955987320451 1.043222410900753 -0.5300120069483581
  endloop
endfacet
facet normal 0.555066 0.444095 -0.703336
  outer loop
    vertex 1.543173966069621 0.7831857642167634 -1.101050431361895
    vertex 1.546805183165125 0.6551708761668779 -1.179014906280419
    vertex 1.42951006684113 0.7553175872202004 -1.208349249183672
  endloop
endfacet
facet normal 0.549009 -0.778499 0.304185
  outer loop
    vertex 1.331598145126066 -1.359295377294232 0.6067841074058956
    vertex 1.240120376130809 -1.461033194849477 0.5115110801624165
    vertex 1.376017159758242 -1.385567701952243 0.4593757875684329
  endloop
endfacet
facet normal 0.547386 -0.345283 -0.762331
  outer loop
    vertex 2.368218855237795 -0.3912383396634987 -0.7154010398907454
    vertex 2.436716288379513 -0.2591148854265244 -0.7260596766754489
    vertex 2.497987897207657 -0.3597925801588558 -0.6364640607335166
  endloop
endfacet
facet normal 0.550889 -0.814434 0.18226
  outer loop
    vertex 1.152667491058349 -1.550167422632188 0.4150849528770212
    vertex 1.060559749565464 -1.631961491348392 0.3279856580424239
    vertex 1.188541203769149 -1.55789108045681 0.2721414452717432
  endloop
endfacet
facet normal 0.541664 -0.504449 -0.672407
  outer loop
    vertex 1.29959469034144 -0.8593923665175173 -1.240815268986637
    vertex 1.217196278393932 -0.991709661647599 -1.207925903476642
    vertex 1.167153709218507 -0.8966094922808855 -1.319583570785275
  endloop
endfacet
facet normal 0.544205 0.821687 -0.169327
  outer loop
    vertex 0.9897132785144309 1.660594279832024 -0.4105920019458288
    vertex 0.8772528479486296 1.731330357165541 -0.4287736009324022
    vertex 0.9040929220305944 1.742571315923724 -0.2879632341961594
  endloop
endfacet
facet normal 0.543549 -0.62647 0.558651
  outer loop
    vertex 1.020149328141523 -1.308023244675469 1.071449385507036
    vertex 1.153315719842512 -1.238475305607091 1.019873788973792
    vertex 1.087735851884195 -1.183615807045482 1.145200186263395
  endloop
endfacet
facet normal 0.552499 0.25739 -0.792777
  outer loop
    vertex 1.178796574280957 0.5612523888390899 -1.485307140028714
    vertex 1.159831625009234 0.4272287174675812 -1.542037481857385
    vertex 1.055076281981979 0.5337799148327361 -1.580449239266252
  endloop
endfacet
facet normal 0.532862 -0.665609 -0.522517
  outer loop
    vertex 0.850497121095005 -1.465209212945546 -1.047281180097142
    vertex 0.8529836198178065 -1.36468131637535 -1.172803084900838
    vertex 0.9393666876043187 -1.361498462264791 -1.088764211244808
  endloop
endfacet
facet normal 0.531979 0.192547 0.824575
  outer loop
    vertex 1.735881862024775 0.3557634680673585 1.173284735942492
    vertex 1.743875242001826 0.2022329637545505 1.203978788494863
    vertex 1.856904839827436 0.2689941955065507 1.115467646722244
  endloop
endfacet
facet normal 0.530441 -0.669451 -0.520065
  outer loop
    vertex 2.457779575339955 -0.5772166542170128 -0.4901237047817635
    vertex 2.362993222673869 -0.6869444820340966 -0.4455547572655651
    vertex 2.337437646822236 -0.609584589859549 -0.5712012463419527
  endloop
endfacet
facet normal 0.549619 -0.502317 0.667531
  outer loop
    vertex 1.339225385933974 -0.8506606361133141 1.215535071363817
    vertex 1.418365694185707 -0.91354099528217 1.10305656711035
    vertex 1.470865555014286 -0.7797272118081212 1.16052514014388
  endloop
endfacet
facet normal 0.536116 -0.118388 0.835802
  outer loop
    vertex 1.260220004420752 -0.2379128752748562 1.51638329466567
    vertex 1.156123022420585 -0.1523150320078684 1.595279708140739
    vertex 1.135796478024018 -0.3049153090912198 1.586702731258381
  endloop
endfacet
facet normal 0.549826 0.83228 -0.070726
  outer loop
    vertex 2.451522291347981 0.7491059269061507 -0.135687798820573
    vertex 2.327626055383972 0.8311864316208382 -0.1329645243303299
    vertex 2.392789999963029 0.7994365789236699 -3.550211586599788e-16
  endloop
endfacet
facet normal 0.540529 0.645438 -0.539665
  outer loop
    vertex 1.050060907544479 1.305819402492612 -1.043289742999711
    vertex 0.9821660768531744 1.28004921377869 -1.142114339914399
    vertex 0.9126005487124005 1.394195964164022 -1.075271852968487
  endloop
endfacet
facet normal 0.551035 -0.45426 0.700006
  outer loop
    vertex 1.994376609290122 -0.5106001290134801 0.9268266969831739
    vertex 1.862248739488581 -0.5762107728647657 0.9882586010120762
    vertex 1.943114009453181 -0.6509009346657449 0.8761333825769503
  endloop
endfacet
facet normal 0.549012 0.813342 -0.192512
  outer loop
    vertex 1.253283955602863 1.484181807217464 -0.4087457726036769
    vertex 1.329124759724037 1.464386459607797 -0.2760937437343561
    vertex 1.384497820702148 1.39565475788179 -0.4085626756189422
  endloop
endfacet
facet normal 0.537081 -0.821717 -0.190594
  outer loop
    vertex 0.9055436531905365 -1.701752199919207 -0.469244101573184
    vertex 1.020739099056678 -1.649007162330512 -0.3720335167322044
    vertex 0.8982882209058571 -1.739581298041497 -0.3265953343079999
  endloop
endfacet
facet normal 0.552385 0.807894 -0.205372
  outer loop
    vertex 0.7763482454157653 1.809244202932204 -0.3821476843868934
    vertex 0.7782209269941555 1.770757393293541 -0.5285106722084026
    vertex 0.6608000000000001 1.863747718643712 -0.4785290808826138
  endloop
endfacet
facet normal 0.566809 -0.808739 -0.157062
  outer loop
    vertex 2.490477552170852 -0.733124526583891 -0.0649703288436404
    vertex 2.388817003288794 -0.7865547663433691 -0.1567237336071881
    vertex 2.49309562821617 -0.70221578181373 -0.2146763283778286
  endloop
endfacet
facet normal 0.551995 0.7879 0.272976
  outer loop
    vertex 0.7746970792410597 1.723070749885038 0.6740885728493528
    vertex 0.7735751200248802 1.771366064127469 0.5369610747615452
    vertex 0.6608000000000001 1.817169011610961 0.6328052016543805
  endloop
endfacet
facet normal 0.552643 -0.0175264 0.833234
  outer loop
    vertex 0.7786130242753964 -0.1160175156201808 1.844045604698878
    vertex 0.7735751200248724 0.03670188792566079 1.850599335451687
    vertex 0.6608000000000001 -0.0402974043395507 1.923777991142298
  endloop
endfacet
facet normal 0.55296 0.0527088 -0.831539
  outer loop
    vertex 0.7715605892243488 0.1933682697514424 -1.842150478810042
    vertex 0.7735995934589553 0.04002522115841992 -1.850514543445375
    vertex 0.6608000000000001 0.120821517678308 -1.92040303084168
  endloop
endfacet
facet normal 0.554185 0.24273 -0.796217
  outer loop
    vertex 1.388858238074841 0.3542760520108061 -1.407492932943173
    vertex 1.286119384972499 0.4578764322661008 -1.447418461289347
    vertex 1.408932118524467 0.4930254101282146 -1.351222685106046
  endloop
endfacet
facet normal 0.541553 0.657908 0.523333
  outer loop
    vertex 1.036209407355041 1.349877206585569 1.000799547493882
    vertex 0.9105736880392747 1.424769953730281 1.036657734408737
    vertex 0.9653196234221353 1.307738514514243 1.12713203839438
  endloop
endfacet
facet normal 0.552814 0.554499 0.622035
  outer loop
    vertex 0.6608000000000001 1.287541112755717 1.4299592731836
    vertex 0.7737123257697938 1.173037575889015 1.431683600834187
    vertex 0.7787212255944836 1.287032544608838 1.325613755408689
  endloop
endfacet
facet normal 0.552054 0.604644 0.574144
  outer loop
    vertex 0.7787212255944836 1.287032544608838 1.325613755408689
    vertex 0.7744285708833625 1.391566371619377 1.219654266793117
    vertex 0.6608000000000001 1.402681432884282 1.317205541227981
  endloop
endfacet
facet normal 0.554462 -0.744484 -0.371907
  outer loop
    vertex 1.463288133279655 -1.264914806053306 -0.6070978908751783
    vertex 1.571946802785486 -1.157578655783352 -0.6599685607377396
    vertex 1.584678573276158 -1.216909062888039 -0.5222194631862197
  endloop
endfacet
facet normal 0.566523 -0.581842 -0.583534
  outer loop
    vertex 2.993788896011552 -0.2987672077610594 -0.2795309786545455
    vertex 3.087071527419714 -0.2070905025462437 -0.2803785467377434
    vertex 3.112916359820699 -0.2706386337417796 -0.1919231890374082
  endloop
endfacet
facet normal 0.536727 -0.147338 0.830792
  outer loop
    vertex 1.135796478024018 -0.3049153090912198 1.586702731258381
    vertex 1.027689320192816 -0.2217576252656036 1.671292232624034
    vertex 1.010206348789799 -0.3737517460136831 1.65563143922752
  endloop
endfacet
facet normal 0.557648 -0.69904 -0.447629
  outer loop
    vertex 1.916142953417074 -0.9746733908039938 -0.5289937645774265
    vertex 1.800354206811321 -1.011455963019072 -0.6157998903650931
    vertex 1.892544332011572 -0.9054797535425682 -0.6664488664071649
  endloop
endfacet
facet normal 0.553165 -0.148096 0.819802
  outer loop
    vertex 1.027689320192816 -0.2217576252656036 1.671292232624034
    vertex 0.9031405633193123 -0.3043304711549585 1.740415364058415
    vertex 1.010206348789799 -0.3737517460136831 1.65563143922752
  endloop
endfacet
facet normal 0.541281 0.816738 0.199883
  outer loop
    vertex 1.427537060908222 1.370750893251065 0.39409114930568
    vertex 1.342172354482382 1.454135533559138 0.2845415225871275
    vertex 1.298054345244379 1.447385124757841 0.4315955627287563
  endloop
endfacet
facet normal 0.550076 0.80273 -0.230307
  outer loop
    vertex 1.644864052993476 1.218887917722428 -0.4073160702376857
    vertex 1.723204392306419 1.203540360774743 -0.2736979275118525
    vertex 1.779041390447387 1.128137068420692 -0.4031504640171013
  endloop
endfacet
facet normal 0.549097 -0.11694 -0.827537
  outer loop
    vertex 0.9637513926061405 -0.3108785464332313 -1.699258279536881
    vertex 0.8808865890593639 -0.1965519551777252 -1.770397291000121
    vertex 1.013859266778529 -0.1595361227392866 -1.687396503799151
  endloop
endfacet
facet normal 0.552246 0.656859 -0.513381
  outer loop
    vertex 0.7774135454254856 1.501970728296586 -1.077463366033455
    vertex 0.7781042142993773 1.407906514755755 -1.197073370295421
    vertex 0.6608000000000001 1.507982950586384 -1.19521255881152
  endloop
endfacet
facet normal 0.552238 0.790761 -0.264064
  outer loop
    vertex 1.910260394804581 1.038176780674995 -0.4006234032588245
    vertex 1.98743282772742 1.027442905097159 -0.2713759119449551
    vertex 2.041702729130608 0.9474243415024622 -0.3975031692209706
  endloop
endfacet
facet normal 0.534713 -0.182904 0.825002
  outer loop
    vertex 1.010206348789799 -0.3737517460136831 1.65563143922752
    vertex 0.9031405633193123 -0.3043304711549585 1.740415364058415
    vertex 0.888559041497991 -0.4670394279970398 1.713793373037841
  endloop
endfacet
facet normal 0.541281 -0.704393 0.459179
  outer loop
    vertex 0.8190467836704892 -1.484250513518884 1.055756201961299
    vertex 0.8777214295962186 -1.528183485046041 0.9191960712649042
    vertex 0.9513321626793224 -1.42541214680368 0.9900776629781516
  endloop
endfacet
facet normal 0.562679 0.265692 -0.782815
  outer loop
    vertex 2.428370417261646 0.1795712823484108 -0.7552768705291653
    vertex 2.327931781832523 0.2906864853311952 -0.7897579446000859
    vertex 2.451013715639845 0.3183690629268545 -0.6918923226335669
  endloop
endfacet
facet normal 0.549243 -0.507127 -0.664194
  outer loop
    vertex 1.347996364519664 -0.9567869181481289 -1.12642754943095
    vertex 1.217196278393932 -0.991709661647599 -1.207925903476642
    vertex 1.29959469034144 -0.8593923665175173 -1.240815268986637
  endloop
endfacet
facet normal 0.537327 0.266133 -0.800283
  outer loop
    vertex 0.7610686824849844 0.6662115505504957 -1.735614925491673
    vertex 0.8638467038724883 0.6114447414404287 -1.684820300357056
    vertex 0.7872885637445115 0.5079683495071522 -1.77063394930392
  endloop
endfacet
facet normal 0.539052 -0.74065 0.401074
  outer loop
    vertex 1.007974233471428 -1.471815940054385 0.8482254331199968
    vertex 0.8777214295962186 -1.528183485046041 0.9191960712649042
    vertex 0.9047661614038405 -1.586769876683677 0.7746578454707724
  endloop
endfacet
facet normal 0.552617 0.411394 0.724824
  outer loop
    vertex 1.21535877469141 0.8331438820961308 1.323697715575489
    vertex 1.117890881982 0.7764427305995164 1.430190997639408
    vertex 1.245797169278118 0.6923386084056392 1.380408996880819
  endloop
endfacet
facet normal 0.546668 -0.612231 0.571251
  outer loop
    vertex 2.537422632413503 -0.4676574712697864 0.5282450242848924
    vertex 2.405839629781591 -0.5313243997214978 0.5859312206031265
    vertex 2.471325535835809 -0.5905497901466533 0.4597892744653896
  endloop
endfacet
facet normal 0.5526 -0.353397 -0.754814
  outer loop
    vertex 0.6608000000000001 -0.8192845128295125 -1.741068214355115
    vertex 0.7734594921580292 -0.7158853168443661 -1.707000621837226
    vertex 0.7773595710048801 -0.8525859264913861 -1.640143346013494
  endloop
endfacet
facet normal 0.552344 -0.820534 -0.147103
  outer loop
    vertex 0.8982882209058571 -1.739581298041497 -0.3265953343079999
    vertex 1.020739099056678 -1.649007162330512 -0.3720335167322044
    vertex 1.011920964356074 -1.680852773214725 -0.2275109193597708
  endloop
endfacet
facet normal 0.534747 -0.832731 0.143543
  outer loop
    vertex 1.756703061221723 -1.178744900516855 0.2841699530623517
    vertex 1.786185057354914 -1.186051723236364 0.1319504842883011
    vertex 1.885242432115489 -1.106443477807584 0.2247567541756513
  endloop
endfacet
facet normal 0.55414 0.191434 -0.810112
  outer loop
    vertex 0.6608000000000001 0.4393927442669257 -1.873360524908535
    vertex 0.7872885637445115 0.5079683495071522 -1.77063394930392
    vertex 0.7727325214275721 0.3453709758237598 -1.819013404854473
  endloop
endfacet
facet normal 0.556986 -0.238473 0.795549
  outer loop
    vertex 2.062084595045481 -0.2139797506946395 0.9913682866340455
    vertex 1.937854023791959 -0.2826438419643274 1.057762923248207
    vertex 2.033237482369432 -0.3649775667822193 0.9663020420186824
  endloop
endfacet
facet normal 0.554202 -0.716255 -0.424074
  outer loop
    vertex 1.69861810192724 -1.11212105039725 -0.5712052885630787
    vertex 1.571946802785486 -1.157578655783352 -0.6599685607377396
    vertex 1.670602134502248 -1.0555366536186 -0.7033881973846914
  endloop
endfacet
facet normal 0.573286 -0.750958 -0.327728
  outer loop
    vertex 2.701182610586061 -0.5111031559596459 -0.3126851691948333
    vertex 2.690915970157783 -0.5820515163349078 -0.1680727535980708
    vertex 2.58891818926864 -0.6141893757382103 -0.2728541039372378
  endloop
endfacet
facet normal 0.542736 -0.43581 -0.717989
  outer loop
    vertex 1.110447107001411 -0.794412972675411 -1.425824123212067
    vertex 1.043454342213234 -0.9261917578919533 -1.396476594686747
    vertex 0.9813335803392811 -0.8273721229690341 -1.503416680211235
  endloop
endfacet
facet normal 0.535536 -0.300334 0.789304
  outer loop
    vertex 1.809619089159726 -0.3524487438790804 1.124197170809668
    vertex 1.776986893566698 -0.4994074374881065 1.090419323390458
    vertex 1.906419269851897 -0.4313423528967217 1.028499754997175
  endloop
endfacet
facet normal 0.548125 0.826705 -0.126958
  outer loop
    vertex 1.589292005997847 1.292329051421957 -0.2748466671971883
    vertex 1.45929027571632 1.378520450318063 -0.2748649782262064
    vertex 1.52548271239758 1.355690201369397 -0.1377496220636876
  endloop
endfacet
facet normal 0.535075 -0.767038 -0.354046
  outer loop
    vertex 1.463288133279655 -1.264914806053306 -0.6070978908751783
    vertex 1.360768136052244 -1.363210978307331 -0.5490799266537527
    vertex 1.341578409532348 -1.310616500070942 -0.6920271617832987
  endloop
endfacet
facet normal 0.540301 0.819327 0.191778
  outer loop
    vertex 1.565272296506743 1.290510663654723 0.3488540726525808
    vertex 1.470671972635167 1.374637652902101 0.2559609237132603
    vertex 1.427537060908222 1.370750893251065 0.39409114930568
  endloop
endfacet
facet normal 0.541739 -0.79325 0.277982
  outer loop
    vertex 0.8534778718530349 -1.67533581760856 0.6556806153475448
    vertex 0.8788785266663439 -1.701430240358981 0.5317159071108226
    vertex 0.9725524970212635 -1.609518292173126 0.6114418586666353
  endloop
endfacet
facet normal 0.537197 0.434427 0.722975
  outer loop
    vertex 1.084993003512986 0.9171509716038018 1.370085493248624
    vertex 1.117890881982 0.7764427305995164 1.430190997639408
    vertex 1.21535877469141 0.8331438820961308 1.323697715575489
  endloop
endfacet
facet normal 0.538193 -0.413547 0.734389
  outer loop
    vertex 1.7359566518163 -0.6400157753033623 1.045669848522991
    vertex 1.648489826750907 -0.5700315953454919 1.14917869452913
    vertex 1.604473183383507 -0.7090724403442824 1.103139688528237
  endloop
endfacet
facet normal 0.550692 0.768045 0.326871
  outer loop
    vertex 2.757036867319643 0.4933499252160307 0.271024159693597
    vertex 2.869186767151473 0.4228918993478033 0.2476352483521765
    vertex 2.840622196136794 0.4885102644755788 0.1415764169087488
  endloop
endfacet
facet normal 0.553994 -0.826902 -0.0965628
  outer loop
    vertex 0.7760402266605502 -1.825154660871183 -0.298247740370803
    vertex 0.7761320023814658 -1.844708425584159 -0.1302752325495673
    vertex 0.6608000000000001 -1.909027108269319 -0.2411662080244275
  endloop
endfacet
facet normal 0.542576 -0.559796 0.626291
  outer loop
    vertex 1.626933245575485 -0.9082342645920661 0.9256184962781832
    vertex 1.550943622750314 -0.8460282905564778 1.047052237441677
    vertex 1.49406216374245 -0.9740164159377145 0.9819312272939571
  endloop
endfacet
facet normal 0.53682 0.817255 -0.209565
  outer loop
    vertex 2.451522291347981 0.7491059269061507 -0.135687798820573
    vertex 2.375421517047318 0.7652397909519254 -0.2677090042267537
    vertex 2.327626055383972 0.8311864316208382 -0.1329645243303299
  endloop
endfacet
facet normal 0.553492 -0.74859 -0.365047
  outer loop
    vertex 0.7736651675640308 -1.626690890182661 -0.8830204988178079
    vertex 0.774737939289442 -1.696939025043142 -0.7373384353134019
    vertex 0.6608000000000001 -1.72352856905268 -0.8555670117876329
  endloop
endfacet
facet normal 0.552987 -0.221391 0.803238
  outer loop
    vertex 0.7756086562077983 -0.5663784498213643 1.760793400919007
    vertex 0.7761852764529202 -0.4154175581844705 1.802004746530144
    vertex 0.6608000000000001 -0.5174555188278883 1.853317411032055
  endloop
endfacet
facet normal 0.574395 -0.0685794 0.815701
  outer loop
    vertex 2.752662765326283 0.03434762372549575 0.5646896670786437
    vertex 2.643117112896028 -0.03833764122138014 0.6357178874483608
    vertex 2.746514618775101 -0.1265609219656212 0.5554907659093098
  endloop
endfacet
facet normal 0.535455 -0.708999 -0.45892
  outer loop
    vertex 0.9690812839498941 -1.437759781256215 -0.9513277963099502
    vertex 0.8779912555815161 -1.535292017107742 -0.9069286968842522
    vertex 0.850497121095005 -1.465209212945546 -1.047281180097142
  endloop
endfacet
facet normal 0.553809 0.28871 -0.780988
  outer loop
    vertex 1.299729063812907 0.5944352671769398 -1.387285503947742
    vertex 1.286119384972499 0.4578764322661008 -1.447418461289347
    vertex 1.178796574280957 0.5612523888390899 -1.485307140028714
  endloop
endfacet
facet normal 0.54949 0.834886 0.0320235
  outer loop
    vertex 1.060489999991468 1.664639210520847 -7.392483116857645e-16
    vertex 0.9921708560569265 1.705275181143736 0.1128633700174384
    vertex 1.124440382502242 1.617275913105311 0.1374883830406065
  endloop
endfacet
facet normal 0.555487 0.824502 0.107842
  outer loop
    vertex 0.8727938955407046 1.78042034054122 0.1476246096795146
    vertex 0.7655516206180168 1.84005939618086 0.244054081965618
    vertex 0.8717198305216072 1.759259036140201 0.3149443863664094
  endloop
endfacet
facet normal 0.527813 -0.441532 0.725578
  outer loop
    vertex 2.792283018562291 -0.3435948096687841 0.4165892627016084
    vertex 2.903891654604183 -0.2821222428803209 0.3728084956179241
    vertex 2.833280091868352 -0.207537074969428 0.4695608393128939
  endloop
endfacet
facet normal 0.547556 -0.771981 0.322842
  outer loop
    vertex 0.9725524970212635 -1.609518292173126 0.6114418586666353
    vertex 1.105203436299101 -1.535381038798025 0.5637368144749964
    vertex 1.055373358394156 -1.511675543073875 0.7049356241654837
  endloop
endfacet
facet normal 0.539123 0.841615 0.0320918
  outer loop
    vertex 0.8727938955407046 1.78042034054122 0.1476246096795146
    vertex 0.9921708560569265 1.705275181143736 0.1128633700174384
    vertex 0.9272599999943119 1.751159473680565 -7.77671026988343e-16
  endloop
endfacet
facet normal 0.555705 0.360719 -0.749049
  outer loop
    vertex 1.532360737369078 0.5216094968546789 -1.254049953599035
    vertex 1.426937236942536 0.6261097505634309 -1.281937490394255
    vertex 1.546805183165125 0.6551708761668779 -1.179014906280419
  endloop
endfacet
facet normal 0.551881 -0.315711 -0.771851
  outer loop
    vertex 0.7734594921580292 -0.7158853168443661 -1.707000621837226
    vertex 0.8676419057308775 -0.6155335063829211 -1.680706340401233
    vertex 0.9029095082992 -0.7395139797424395 -1.604777862842907
  endloop
endfacet
facet normal 0.53525 -0.729551 -0.425749
  outer loop
    vertex 1.800354206811321 -1.011455963019072 -0.6157998903650931
    vertex 1.69861810192724 -1.11212105039725 -0.5712052885630787
    vertex 1.670602134502248 -1.0555366536186 -0.7033881973846914
  endloop
endfacet
facet normal 0.536114 0.163534 -0.828154
  outer loop
    vertex 3.194362535364665 -0.001340964739830337 -0.2788879320959994
    vertex 3.26188395368363 0.08994682913867828 -0.2171508547990504
    vertex 3.325399999944 1.083208454424028e-15 -0.193794736807
  endloop
endfacet
facet normal 0.564477 0.801667 -0.196714
  outer loop
    vertex 3.192169999945966 0.280314999965364 -1.244848668445075e-16
    vertex 3.230709145114973 0.2224398616170668 -0.1252685255969549
    vertex 3.112370377169217 0.3032725200118351 -0.1354288053350295
  endloop
endfacet
facet normal 0.534879 -0.397488 0.745592
  outer loop
    vertex 2.95533379126592 -0.1440048802584857 0.4095372447220069
    vertex 2.903891654604183 -0.2821222428803209 0.3728084956179241
    vertex 3.028040522188555 -0.2279239734907088 0.3126395193700349
  endloop
endfacet
facet normal 0.535233 0.838044 0.10587
  outer loop
    vertex 0.6608000000000001 1.897253574531066 0.3208964224311229
    vertex 0.7655516206180168 1.84005939618086 0.244054081965618
    vertex 0.6608000000000001 1.917451559767896 0.1610129061400405
  endloop
endfacet
facet normal 0.535376 0.837954 -0.105858
  outer loop
    vertex 0.6608000000000001 1.917451559767896 -0.1610129061400413
    vertex 0.7692285689687229 1.838715808879557 -0.2358948898111264
    vertex 0.6608000000000001 1.897253574531065 -0.320896422431124
  endloop
endfacet
facet normal 0.535972 -0.741442 -0.403731
  outer loop
    vertex 1.44362834739722 -1.204528736207803 -0.7440947830217954
    vertex 1.571946802785486 -1.157578655783352 -0.6599685607377396
    vertex 1.463288133279655 -1.264914806053306 -0.6070978908751783
  endloop
endfacet
facet normal 0.537031 -0.525217 -0.66011
  outer loop
    vertex 0.863177835425647 -1.175284849632839 -1.3537898260668
    vertex 0.8643503153527299 -1.054914828620485 -1.448608492711054
    vertex 0.9631631747291379 -1.047667282922455 -1.373985929269187
  endloop
endfacet
facet normal 0.569634 -0.359748 0.738985
  outer loop
    vertex 2.95533379126592 -0.1440048802584857 0.4095372447220069
    vertex 3.028040522188555 -0.2279239734907088 0.3126395193700349
    vertex 3.067658106965176 -0.08769833587972724 0.350364707071423
  endloop
endfacet
facet normal 0.540531 -0.536652 -0.647943
  outer loop
    vertex 0.863177835425647 -1.175284849632839 -1.3537898260668
    vertex 0.7498972131653905 -1.242634773213907 -1.392509631102466
    vertex 0.7683682931209268 -1.132035343821178 -1.46870344787619
  endloop
endfacet
facet normal 0.533445 -0.639803 -0.553252
  outer loop
    vertex 2.337437646822236 -0.609584589859549 -0.5712012463419527
    vertex 2.241290144058902 -0.7207633946263511 -0.5353348149814774
    vertex 2.206416806086001 -0.6443671104077291 -0.6573073407363357
  endloop
endfacet
facet normal 0.55259 -0.777674 -0.299779
  outer loop
    vertex 0.6608000000000001 -1.789075914146175 -0.7083452642758532
    vertex 0.774737939289442 -1.696939025043142 -0.7373384353134019
    vertex 0.7764253857572005 -1.751928319284049 -0.5915769909978424
  endloop
endfacet
facet normal 0.552424 0.230633 -0.801022
  outer loop
    vertex 1.055076281981979 0.5337799148327361 -1.580449239266252
    vertex 1.028354125702569 0.4009078173210651 -1.63713516356958
    vertex 0.9314297662828571 0.4987307970819669 -1.6758134170746
  endloop
endfacet
facet normal 0.55208 -0.154744 0.819306
  outer loop
    vertex 0.6608000000000001 -0.3605591255258462 1.890117127852144
    vertex 0.7761852764529202 -0.4154175581844705 1.802004746530144
    vertex 0.7771175164605859 -0.2700582595418191 1.828830953752602
  endloop
endfacet
facet normal 0.537174 0.315766 -0.782136
  outer loop
    vertex 0.9533315787937042 0.6433225826930146 -1.61049196908378
    vertex 0.8638467038724883 0.6114447414404287 -1.684820300357056
    vertex 0.8550775868247364 0.7346706219533166 -1.641093947233808
  endloop
endfacet
facet normal 0.53498 -0.662115 -0.524786
  outer loop
    vertex 0.6608000000000001 -1.456609886085112 -1.257311926197758
    vertex 0.7649540827092842 -1.456438425947063 -1.151350855971449
    vertex 0.6608000000000001 -1.556710500576275 -1.131016382461174
  endloop
endfacet
facet normal 0.535393 0.295116 -0.791366
  outer loop
    vertex 1.408932118524467 0.4930254101282146 -1.351222685106046
    vertex 1.286119384972499 0.4578764322661008 -1.447418461289347
    vertex 1.299729063812907 0.5944352671769398 -1.387285503947742
  endloop
endfacet
facet normal 0.541057 0.817364 -0.197924
  outer loop
    vertex 1.329124759724037 1.464386459607797 -0.2760937437343561
    vertex 1.45929027571632 1.378520450318063 -0.2748649782262064
    vertex 1.384497820702148 1.39565475788179 -0.4085626756189422
  endloop
endfacet
facet normal 0.532416 -0.775207 -0.339982
  outer loop
    vertex 1.701819779193384 -1.171219096001627 -0.431439358759804
    vertex 1.69861810192724 -1.11212105039725 -0.5712052885630787
    vertex 1.811955186883051 -1.074572323834032 -0.4793342611452052
  endloop
endfacet
facet normal 0.55417 -0.767783 -0.321567
  outer loop
    vertex 1.476097284054706 -1.313609462987861 -0.4687584211018773
    vertex 1.360768136052244 -1.363210978307331 -0.5490799266537527
    vertex 1.463288133279655 -1.264914806053306 -0.6070978908751783
  endloop
endfacet
facet normal 0.562535 -0.678075 -0.473042
  outer loop
    vertex 2.481493394258024 -0.6497876676223069 -0.3578978805560318
    vertex 2.362993222673869 -0.6869444820340966 -0.4455547572655651
    vertex 2.457779575339955 -0.5772166542170128 -0.4901237047817635
  endloop
endfacet
facet normal 0.535998 -0.744816 -0.397437
  outer loop
    vertex 0.8874123015105875 -1.60128564631527 -0.7705478518974064
    vertex 0.8779912555815161 -1.535292017107742 -0.9069286968842522
    vertex 0.9922608342237369 -1.503618521720647 -0.8121780629770446
  endloop
endfacet
facet normal 0.540878 -0.49597 -0.679312
  outer loop
    vertex 1.087405337136209 -1.025655072138988 -1.288863281597394
    vertex 1.043454342213234 -0.9261917578919533 -1.396476594686747
    vertex 1.167153709218507 -0.8966094922808855 -1.319583570785275
  endloop
endfacet
facet normal 0.572164 -0.817656 0.0637643
  outer loop
    vertex 2.586483318573313 -0.6730691467995193 0.02799558929032546
    vertex 2.683905722046341 -0.609557278749965 -0.0317672474146937
    vertex 2.670447087129132 -0.6069826162826996 0.1220138532321308
  endloop
endfacet
facet normal 0.532645 -0.819636 0.210917
  outer loop
    vertex 2.782758486210017 -0.507605691210214 0.2016404642780735
    vertex 2.767675044783043 -0.551821799863583 0.06790578918035788
    vertex 2.866265861501378 -0.4866115646381511 0.07233745702996713
  endloop
endfacet
facet normal 0.533674 0.29015 -0.794358
  outer loop
    vertex 1.988665642516783 0.3418692600329921 -1.005339896240957
    vertex 1.870179163212009 0.3198762505479276 -1.09297601501644
    vertex 1.880404863978287 0.4547401745219166 -1.036845151768757
  endloop
endfacet
facet normal 0.541582 0.73875 -0.40117
  outer loop
    vertex 0.7677550241492033 1.59754956941227 -0.9422878499993147
    vertex 0.7494909288735698 1.671938835661481 -0.8299576457295557
    vertex 0.8578454624212541 1.601802907497163 -0.8128327649586746
  endloop
endfacet
facet normal 0.548164 -0.553828 0.62673
  outer loop
    vertex 1.685130348556505 -0.7776129837594458 0.9901440047819327
    vertex 1.550943622750314 -0.8460282905564778 1.047052237441677
    vertex 1.626933245575485 -0.9082342645920661 0.9256184962781832
  endloop
endfacet
facet normal 0.563967 -0.40189 0.721405
  outer loop
    vertex 2.833280091868352 -0.207537074969428 0.4695608393128939
    vertex 2.903891654604183 -0.2821222428803209 0.3728084956179241
    vertex 2.95533379126592 -0.1440048802584857 0.4095372447220069
  endloop
endfacet
facet normal 0.522163 -0.348583 -0.778355
  outer loop
    vertex 2.816401764345267 -0.1588074253960598 -0.4997134672350578
    vertex 2.884282165218073 -0.2219213122186601 -0.4259103417807227
    vertex 2.762964408720317 -0.2967295529756835 -0.4737943241836883
  endloop
endfacet
facet normal 0.536834 0.842948 0.03533
  outer loop
    vertex 0.6608000000000001 1.917451559767896 0.1610129061400405
    vertex 0.7587266542863753 1.856946871130269 0.1166305705821284
    vertex 0.6608000000000001 1.9242 -8.545164575935e-16
  endloop
endfacet
facet normal 0.536473 0.506851 -0.674759
  outer loop
    vertex 0.9649290096395017 1.053720698065306 -1.367901784239377
    vertex 0.8867425923965604 1.014619831221514 -1.459435579891747
    vertex 0.8481573226352034 1.144644596950819 -1.392443948795204
  endloop
endfacet
facet normal 0.557191 -0.734619 -0.387134
  outer loop
    vertex 1.811955186883051 -1.074572323834032 -0.4793342611452052
    vertex 1.69861810192724 -1.11212105039725 -0.5712052885630787
    vertex 1.800354206811321 -1.011455963019072 -0.6157998903650931
  endloop
endfacet
facet normal 0.542479 -0.380082 -0.749169
  outer loop
    vertex 0.9813335803392811 -0.8273721229690341 -1.503416680211235
    vertex 0.8780854367558444 -0.8678906574575066 -1.557622845146327
    vertex 0.9029095082992 -0.7395139797424395 -1.604777862842907
  endloop
endfacet
facet normal 0.544449 0.838381 0.0263025
  outer loop
    vertex 0.6608000000000001 1.9242 -8.545164575935e-16
    vertex 0.7587266542863753 1.856946871130269 0.1166305705821284
    vertex 0.794029999997156 1.837679736840282 -8.160937422909215e-16
  endloop
endfacet
facet normal 0.536726 -0.253263 0.80485
  outer loop
    vertex 0.888559041497991 -0.4670394279970398 1.713793373037841
    vertex 0.8641799048908033 -0.6110165588090785 1.684745460251275
    vertex 0.9834116946543064 -0.5301214412537661 1.630689329409204
  endloop
endfacet
facet normal 0.555701 0.283196 -0.781662
  outer loop
    vertex 1.870179163212009 0.3198762505479276 -1.09297601501644
    vertex 1.76506017284575 0.4343214638624435 -1.126243942490534
    vertex 1.880404863978287 0.4547401745219166 -1.036845151768757
  endloop
endfacet
facet normal 0.541326 -0.256711 -0.800666
  outer loop
    vertex 0.9806373482011335 -0.5754616639024587 -1.61715867965096
    vertex 0.8676419057308775 -0.6155335063829211 -1.680706340401233
    vertex 0.8907432801500026 -0.4753206054174957 -1.710042894862409
  endloop
endfacet
facet normal 0.538567 -0.315745 0.781185
  outer loop
    vertex 0.9489563387918699 -0.681105077298038 1.597969716436912
    vertex 0.8641799048908033 -0.6110165588090785 1.684745460251275
    vertex 0.8186253624936523 -0.7536697468503503 1.658493197865881
  endloop
endfacet
facet normal 0.542357 -0.533591 0.648945
  outer loop
    vertex 0.794170464516579 -1.10890171532215 1.465287872353599
    vertex 0.7563207928777694 -1.242006352691163 1.38747647783344
    vertex 0.8698032550547757 -1.185773658510186 1.338870266938595
  endloop
endfacet
facet normal 0.554612 0.608092 -0.568005
  outer loop
    vertex 0.6608000000000001 1.402681432884285 -1.317205541227978
    vertex 0.7781042142993773 1.407906514755755 -1.197073370295421
    vertex 0.7822060100855177 1.287187770201057 -1.322306656064034
  endloop
endfacet
facet normal 0.556481 -0.307708 0.77178
  outer loop
    vertex 3.067658106965176 -0.08769833587972724 0.350364707071423
    vertex 3.131045987366764 -0.1666969651150114 0.2731630380852956
    vertex 3.20470034534998 -0.04562709711089526 0.268326076770822
  endloop
endfacet
facet normal 0.551553 0.18423 -0.813541
  outer loop
    vertex 1.028354125702569 0.4009078173210651 -1.63713516356958
    vertex 1.159831625009234 0.4272287174675812 -1.542037481857385
    vertex 1.131983085858745 0.2895526868439641 -1.592095100178257
  endloop
endfacet
facet normal 0.54107 0.825784 0.159134
  outer loop
    vertex 1.08437031114493 1.606533368567155 0.3724033915702438
    vertex 1.140326631246652 1.592565151411815 0.2546313390095208
    vertex 1.004933219340658 1.682485506159083 0.2483636375976248
  endloop
endfacet
facet normal 0.536613 0.843089 -0.0353359
  outer loop
    vertex 0.6608000000000001 1.9242 -8.545164575935e-16
    vertex 0.7586088267073254 1.85712849160823 -0.114947304601617
    vertex 0.6608000000000001 1.917451559767896 -0.1610129061400413
  endloop
endfacet
facet normal 0.536991 -0.842076 -0.0504762
  outer loop
    vertex 1.003621184862659 -1.699941687011828 -0.07442532120544612
    vertex 0.8833164429243869 -1.779488138863724 -0.02724211621106078
    vertex 0.8940953864442102 -1.763349868843982 -0.1817993436040014
  endloop
endfacet
facet normal 0.553859 -0.729634 -0.401093
  outer loop
    vertex 1.44362834739722 -1.204528736207803 -0.7440947830217954
    vertex 1.463288133279655 -1.264914806053306 -0.6070978908751783
    vertex 1.341578409532348 -1.310616500070942 -0.6920271617832987
  endloop
endfacet
facet normal 0.552889 0.68099 0.480173
  outer loop
    vertex 2.81435984561488 0.3873027997271548 0.3554183925108589
    vertex 2.757036867319643 0.4933499252160307 0.271024159693597
    vertex 2.685498637200443 0.4641548902622638 0.3948008619520172
  endloop
endfacet
facet normal 0.535715 -0.391207 0.748309
  outer loop
    vertex 0.6608000000000001 -0.9620999999999944 1.66640608196202
    vertex 0.7649050357642219 -0.8795028550109759 1.635058004824541
    vertex 0.6608000000000001 -0.8192845128295068 1.741068214355117
  endloop
endfacet
facet normal 0.551854 -0.577235 -0.601878
  outer loop
    vertex 0.6608000000000001 -1.346292199815819 -1.374788330149438
    vertex 0.7498972131653905 -1.242634773213907 -1.392509631102466
    vertex 0.7816015779623453 -1.331848904310709 -1.277878939429624
  endloop
endfacet
facet normal 0.548341 0.770166 0.325832
  outer loop
    vertex 2.242031978568044 0.8010478721645903 0.4044016822797992
    vertex 2.19572749502114 0.874629591563212 0.308402980127097
    vertex 2.107950520823501 0.8867110167485918 0.4275654381786124
  endloop
endfacet
facet normal 0.536227 -0.661495 0.524294
  outer loop
    vertex 0.6608000000000001 -1.556710500576269 1.131016382461183
    vertex 0.7654859079950982 -1.437212429456702 1.174716915689856
    vertex 0.6608000000000001 -1.456609886085105 1.257311926197766
  endloop
endfacet
facet normal 0.529699 -0.595611 0.603877
  outer loop
    vertex 2.851226574662691 -0.4003774080902801 0.3023679264495987
    vertex 2.962405143194123 -0.3329906541500147 0.2713104965508677
    vertex 2.903891654604183 -0.2821222428803209 0.3728084956179241
  endloop
endfacet
facet normal 0.535535 0.156074 0.829966
  outer loop
    vertex 0.8163480714537206 0.4194554214351328 1.774278811762482
    vertex 0.8545650165112946 0.2631902845517232 1.779004851126302
    vertex 0.9386005256161843 0.3391111470790826 1.710504078273343
  endloop
endfacet
facet normal 0.537631 -0.479986 0.693229
  outer loop
    vertex 0.794170464516579 -1.10890171532215 1.465287872353599
    vertex 0.8834168852341482 -0.9751740087500713 1.488665057995594
    vertex 0.7806964319276439 -0.9830671544606951 1.562864450971507
  endloop
endfacet
facet normal 0.517453 -0.853635 0.0595784
  outer loop
    vertex 2.683905722046341 -0.609557278749965 -0.0317672474146937
    vertex 2.767675044783043 -0.551821799863583 0.06790578918035788
    vertex 2.670447087129132 -0.6069826162826996 0.1220138532321308
  endloop
endfacet
facet normal 0.621389 0.601486 0.502085
  outer loop
    vertex 3.112370377167179 0.303272520012741 0.1354288053362465
    vertex 3.029316562879818 0.309696865680405 0.2305214075423678
    vertex 3.081202715321333 0.216330651124485 0.2781566465962225
  endloop
endfacet
facet normal 0.437426 0.579682 -0.687479
  outer loop
    vertex 3.325399999944 0.1370335725544922 -0.1370335725544916
    vertex 3.26188395368363 0.08994682913867828 -0.2171508547990504
    vertex 3.230709145114973 0.2224398616170668 -0.1252685255969549
  endloop
endfacet
facet normal 0.537358 0.190053 -0.82166
  outer loop
    vertex 1.131983085858745 0.2895526868439641 -1.592095100178257
    vertex 1.159831625009234 0.4272287174675812 -1.542037481857385
    vertex 1.262226488933055 0.3200236946689584 -1.499869081712284
  endloop
endfacet
facet normal 0.556031 0.800785 -0.222651
  outer loop
    vertex 2.502283171598545 0.6766975649103963 -0.2693448547980132
    vertex 2.375421517047318 0.7652397909519254 -0.2677090042267537
    vertex 2.451522291347981 0.7491059269061507 -0.135687798820573
  endloop
endfacet
facet normal 0.544455 0.83839 -0.0259213
  outer loop
    vertex 0.794029999997156 1.837679736840282 -8.160937422909215e-16
    vertex 0.7586088267073254 1.85712849160823 -0.114947304601617
    vertex 0.6608000000000001 1.9242 -8.545164575935e-16
  endloop
endfacet
facet normal 0.547548 0.83437 -0.0633954
  outer loop
    vertex 2.327626055383972 0.8311864316208382 -0.1329645243303299
    vertex 2.197442860999316 0.9165252174544426 -0.1341859817959045
    vertex 2.259559999965873 0.8859568420833879 -3.934438739625574e-16
  endloop
endfacet
facet normal 0.549798 0.313815 -0.774107
  outer loop
    vertex 0.8550775868247364 0.7346706219533166 -1.641093947233808
    vertex 0.8638467038724883 0.6114447414404287 -1.684820300357056
    vertex 0.7610686824849844 0.6662115505504957 -1.735614925491673
  endloop
endfacet
facet normal 0.535477 -0.797573 0.277744
  outer loop
    vertex 0.6608000000000001 -1.842074177151201 0.5561549836805597
    vertex 0.7645515535998063 -1.759578841452243 0.593021650922244
    vertex 0.6608000000000001 -1.78907591414617 0.7083452642758655
  endloop
endfacet
facet normal 0.553222 -0.812029 -0.185888
  outer loop
    vertex 1.020739099056678 -1.649007162330512 -0.3720335167322044
    vertex 1.137304160024917 -1.555725614477468 -0.4326127058146568
    vertex 1.131084325732165 -1.592596407344351 -0.2900578551470432
  endloop
endfacet
facet normal 0.53503 -0.500552 0.680582
  outer loop
    vertex 3.325399999944 -0.1370335725544924 0.1370335725544914
    vertex 3.261707457634667 -0.10607620967722 0.2098729535099577
    vertex 3.188729146979628 -0.2048687002558637 0.1945842751166854
  endloop
endfacet
facet normal 0.539579 0.820413 -0.189147
  outer loop
    vertex 2.255459191940635 0.8482729389423965 -0.2647232483276314
    vertex 2.197442860999316 0.9165252174544426 -0.1341859817959045
    vertex 2.327626055383972 0.8311864316208382 -0.1329645243303299
  endloop
endfacet
facet normal 0.543563 -0.564253 0.621416
  outer loop
    vertex 1.49406216374245 -0.9740164159377145 0.9819312272939571
    vertex 1.418365694185707 -0.91354099528217 1.10305656711035
    vertex 1.360280566796048 -1.037686733470844 1.041138772266874
  endloop
endfacet
facet normal 0.535397 -0.711366 -0.455311
  outer loop
    vertex 1.670602134502248 -1.0555366536186 -0.7033881973846914
    vertex 1.571946802785486 -1.157578655783352 -0.6599685607377396
    vertex 1.543604247127742 -1.094562777045445 -0.7917507727469292
  endloop
endfacet
facet normal 0.556578 -0.653809 -0.512597
  outer loop
    vertex 0.7649540827092842 -1.456438425947063 -1.151350855971449
    vertex 0.8529836198178065 -1.36468131637535 -1.172803084900838
    vertex 0.850497121095005 -1.465209212945546 -1.047281180097142
  endloop
endfacet
facet normal 0.539834 -0.807219 0.238697
  outer loop
    vertex 1.376017159758242 -1.385567701952243 0.4593757875684329
    vertex 1.240120376130809 -1.461033194849477 0.5115110801624165
    vertex 1.283324928096873 -1.475394003183022 0.3652352779454214
  endloop
endfacet
facet normal 0.555609 0.344691 -0.756628
  outer loop
    vertex 1.76506017284575 0.4343214638624435 -1.126243942490534
    vertex 1.659811656735369 0.5462759945861458 -1.152528085680191
    vertex 1.771464336059688 0.5646869983304694 -1.062151653641992
  endloop
endfacet
facet normal 0.535992 -0.192779 0.821918
  outer loop
    vertex 0.6608000000000001 -0.5174555188278883 1.853317411032055
    vertex 0.7761852764529202 -0.4154175581844705 1.802004746530144
    vertex 0.6608000000000001 -0.3605591255258462 1.890117127852144
  endloop
endfacet
facet normal 0.537111 -0.702579 0.466792
  outer loop
    vertex 0.6608000000000001 -1.645891909400842 0.9967875714357844
    vertex 0.7561317010986343 -1.57418471833022 0.9950229054715547
    vertex 0.6608000000000001 -1.556710500576269 1.131016382461183
  endloop
endfacet
facet normal 0.538418 -0.432756 0.723068
  outer loop
    vertex 0.8920445223681468 -0.8503754317286346 1.556932581680674
    vertex 0.8834168852341482 -0.9751740087500713 1.488665057995594
    vertex 0.992312299504637 -0.9061526472419987 1.448887508940499
  endloop
endfacet
facet normal 0.54347 0.831174 0.117428
  outer loop
    vertex 1.390582429353238 1.443745780123371 0.1374663680343761
    vertex 1.470671972635167 1.374637652902101 0.2559609237132603
    vertex 1.523816286160864 1.357231455952272 0.1332071782889392
  endloop
endfacet
facet normal 0.552597 -0.832197 0.0456501
  outer loop
    vertex 0.7689943541049258 -1.853785847502154 0.02375294987171014
    vertex 0.7533939028937779 -1.855864885659266 0.1746965449846609
    vertex 0.6608000000000001 -1.922512149676223 0.0805771329057331
  endloop
endfacet
facet normal 0.536204 -0.771113 -0.343322
  outer loop
    vertex 0.6608000000000001 -1.72352856905268 -0.8555670117876329
    vertex 0.774737939289442 -1.696939025043142 -0.7373384353134019
    vertex 0.6608000000000001 -1.789075914146175 -0.7083452642758532
  endloop
endfacet
facet normal 0.533726 0.351843 -0.768988
  outer loop
    vertex 1.880404863978287 0.4547401745219166 -1.036845151768757
    vertex 1.76506017284575 0.4343214638624435 -1.126243942490534
    vertex 1.771464336059688 0.5646869983304694 -1.062151653641992
  endloop
endfacet
facet normal 0.534031 0.404859 -0.742227
  outer loop
    vertex 1.771464336059688 0.5646869983304694 -1.062151653641992
    vertex 1.659811656735369 0.5462759945861458 -1.152528085680191
    vertex 1.659310954597637 0.6735637440409319 -1.083457372181081
  endloop
endfacet
facet normal 0.53513 -0.771736 0.343599
  outer loop
    vertex 0.6608000000000001 -1.78907591414617 0.7083452642758655
    vertex 0.766124794044532 -1.693040939795165 0.7600076804289398
    vertex 0.6608000000000001 -1.723528569052674 0.8555670117876448
  endloop
endfacet
facet normal 0.536908 -0.123242 -0.83459
  outer loop
    vertex 0.6608000000000001 -0.2011336690196177 -1.913659031067632
    vertex 0.7635481762367489 -0.2354467808449108 -1.842492176994457
    vertex 0.6608000000000001 -0.3605591255258505 -1.890117127852143
  endloop
endfacet
facet normal 0.551467 0.759447 -0.345144
  outer loop
    vertex 0.7902445479079874 1.705239523565801 -0.6915678812135375
    vertex 0.7494909288735698 1.671938835661481 -0.8299576457295557
    vertex 0.6608000000000001 1.757844169595893 -0.7826426486064538
  endloop
endfacet
facet normal 0.536141 0.158174 0.829177
  outer loop
    vertex 0.6608000000000001 0.2810929635597955 1.903557823087381
    vertex 0.7578176722953029 0.3156542463695718 1.83423382918813
    vertex 0.6608000000000001 0.4393927442669269 1.873360524908534
  endloop
endfacet
facet normal 0.54801 0.520049 0.655159
  outer loop
    vertex 0.7737123257697938 1.173037575889015 1.431683600834187
    vertex 0.8651790617197704 1.072810619833614 1.434733643926615
    vertex 0.9121296559635608 1.14106241270467 1.34128499597643
  endloop
endfacet
facet normal 0.54323 0.699038 0.465023
  outer loop
    vertex 0.8451643280045396 1.540208855373742 0.9401483364480719
    vertex 0.7411744150114686 1.600386431684614 0.9711662382544766
    vertex 0.77856948298953 1.495514838811224 1.085128616464128
  endloop
endfacet
facet normal 0.560252 0.817575 0.133
  outer loop
    vertex 1.656858703356144 1.270422339571581 0.1328944066847884
    vertex 1.583694773718121 1.304905306610261 0.2291188388256791
    vertex 1.692540625276861 1.220898494397533 0.2870189497611667
  endloop
endfacet
facet normal 0.550615 -0.696211 0.460557
  outer loop
    vertex 0.8190467836704892 -1.484250513518884 1.055756201961299
    vertex 0.7561317010986343 -1.57418471833022 0.9950229054715547
    vertex 0.8777214295962186 -1.528183485046041 0.9191960712649042
  endloop
endfacet
facet normal 0.536329 0.638911 -0.551493
  outer loop
    vertex 0.6608000000000001 1.507982950586384 -1.19521255881152
    vertex 0.7781042142993773 1.407906514755755 -1.197073370295421
    vertex 0.6608000000000001 1.402681432884285 -1.317205541227978
  endloop
endfacet
facet normal 0.531971 0.759126 0.375147
  outer loop
    vertex 2.494259382849877 0.6825943394824577 0.2686048782945557
    vertex 2.506557696767775 0.6226238919870333 0.372518311428809
    vertex 2.613845574190203 0.5839897648422643 0.2985582940712335
  endloop
endfacet
facet normal 0.541427 0.832223 0.119421
  outer loop
    vertex 1.342172354482382 1.454135533559138 0.2845415225871275
    vertex 1.470671972635167 1.374637652902101 0.2559609237132603
    vertex 1.390582429353238 1.443745780123371 0.1374663680343761
  endloop
endfacet
facet normal 0.537375 -0.192578 -0.821061
  outer loop
    vertex 0.6608000000000001 -0.3605591255258505 -1.890117127852143
    vertex 0.7630209487841254 -0.4634893276753194 -1.799072624882812
    vertex 0.6608000000000001 -0.5174555188278936 -1.853317411032054
  endloop
endfacet
facet normal 0.545645 0.559454 -0.623925
  outer loop
    vertex 0.8481573226352034 1.144644596950819 -1.392443948795204
    vertex 0.743736791215924 1.192199847162581 -1.441122055409623
    vertex 0.7822060100855177 1.287187770201057 -1.322306656064034
  endloop
endfacet
facet normal 0.552229 -0.578816 0.600013
  outer loop
    vertex 0.7866596791257421 -1.334769018059242 1.270068052531522
    vertex 0.7563207928777694 -1.242006352691163 1.38747647783344
    vertex 0.6608000000000001 -1.346292199815812 1.374788330149445
  endloop
endfacet
facet normal 0.547881 -0.437344 -0.713132
  outer loop
    vertex 1.167153709218507 -0.8966094922808855 -1.319583570785275
    vertex 1.043454342213234 -0.9261917578919533 -1.396476594686747
    vertex 1.110447107001411 -0.794412972675411 -1.425824123212067
  endloop
endfacet
facet normal 0.549876 0.803414 -0.228391
  outer loop
    vertex 0.7782209269941555 1.770757393293541 -0.5285106722084026
    vertex 0.8772528479486296 1.731330357165541 -0.4287736009324022
    vertex 0.9037521193792316 1.67949114310351 -0.5473289265240369
  endloop
endfacet
facet normal 0.552647 0.821205 0.142142
  outer loop
    vertex 0.768978133611173 1.812607338183928 0.3893325907974114
    vertex 0.7655516206180168 1.84005939618086 0.244054081965618
    vertex 0.6608000000000001 1.897253574531066 0.3208964224311229
  endloop
endfacet
facet normal 0.552478 0.821902 -0.138728
  outer loop
    vertex 0.6608000000000001 1.897253574531065 -0.320896422431124
    vertex 0.7692285689687229 1.838715808879557 -0.2358948898111264
    vertex 0.7763482454157653 1.809244202932204 -0.3821476843868934
  endloop
endfacet
facet normal 0.517518 -0.670293 -0.531867
  outer loop
    vertex 2.664834645863675 -0.4292627534218605 -0.4511930374139578
    vertex 2.780841161541153 -0.4088552719019412 -0.3640349901030684
    vertex 2.701182610586061 -0.5111031559596459 -0.3126851691948333
  endloop
endfacet
facet normal 0.555059 0.39841 -0.730191
  outer loop
    vertex 1.659811656735369 0.5462759945861458 -1.152528085680191
    vertex 1.546805183165125 0.6551708761668779 -1.179014906280419
    vertex 1.659310954597637 0.6735637440409319 -1.083457372181081
  endloop
endfacet
facet normal 0.548314 -0.819116 0.168523
  outer loop
    vertex 0.780120876774179 -1.792818749072391 0.4428855400367043
    vertex 0.7395703150122538 -1.84681607412936 0.312365557789447
    vertex 0.8364156423996358 -1.787436722347219 0.285881920221295
  endloop
endfacet
facet normal 0.536156 0.60851 -0.585023
  outer loop
    vertex 0.9475438140958647 1.198716198775572 -1.258442882595745
    vertex 0.9821660768531744 1.28004921377869 -1.142114339914399
    vertex 1.065381126777252 1.195688914892185 -1.153597392435541
  endloop
endfacet
facet normal 0.547741 -0.0386389 0.835756
  outer loop
    vertex 0.907022551960621 -0.1387603532452963 1.758836641515045
    vertex 0.8498115092467102 -0.03552570893417581 1.801104603578669
    vertex 0.7786130242753964 -0.1160175156201808 1.844045604698878
  endloop
endfacet
facet normal 0.554846 0.441744 -0.704988
  outer loop
    vertex 0.7786130242753934 1.05450266616395 -1.517230497713863
    vertex 0.7378882744119558 0.9334059078439076 -1.625161041805919
    vertex 0.6608000000000001 1.031037918898589 -1.624655794250975
  endloop
endfacet
facet normal 0.533889 0.450813 -0.715353
  outer loop
    vertex 1.659310954597637 0.6735637440409319 -1.083457372181081
    vertex 1.546805183165125 0.6551708761668779 -1.179014906280419
    vertex 1.543173966069621 0.7831857642167634 -1.101050431361895
  endloop
endfacet
facet normal 0.534775 0.332152 -0.776975
  outer loop
    vertex 1.408932118524467 0.4930254101282146 -1.351222685106046
    vertex 1.426937236942536 0.6261097505634309 -1.281937490394255
    vertex 1.532360737369078 0.5216094968546789 -1.254049953599035
  endloop
endfacet
facet normal 0.54958 -0.127584 -0.825642
  outer loop
    vertex 0.8285372674578129 -0.3418734210363316 -1.782787054569383
    vertex 0.7635481762367489 -0.2354467808449108 -1.842492176994457
    vertex 0.8808865890593639 -0.1965519551777252 -1.770397291000121
  endloop
endfacet
facet normal 0.537077 -0.725577 -0.430217
  outer loop
    vertex 0.7736651675640308 -1.626690890182661 -0.8830204988178079
    vertex 0.7612459363189645 -1.559843712480206 -1.011264855814332
    vertex 0.8779912555815161 -1.535292017107742 -0.9069286968842522
  endloop
endfacet
facet normal 0.554102 0.505789 -0.661172
  outer loop
    vertex 0.6608000000000001 1.163369616818187 -1.532682868262154
    vertex 0.743736791215924 1.192199847162581 -1.441122055409623
    vertex 0.7786130242753934 1.05450266616395 -1.517230497713863
  endloop
endfacet
facet normal 0.535316 -0.703528 -0.467423
  outer loop
    vertex 0.6608000000000001 -1.556710500576275 -1.131016382461174
    vertex 0.7612459363189645 -1.559843712480206 -1.011264855814332
    vertex 0.6608000000000001 -1.645891909400849 -0.9967875714357737
  endloop
endfacet
facet normal 0.55321 0.554067 -0.622068
  outer loop
    vertex 0.7822060100855177 1.287187770201057 -1.322306656064034
    vertex 0.743736791215924 1.192199847162581 -1.441122055409623
    vertex 0.6608000000000001 1.287541112755719 -1.429959273183599
  endloop
endfacet
facet normal 0.551954 -0.817073 0.166547
  outer loop
    vertex 0.6608000000000001 -1.882151613331987 0.40006367547154
    vertex 0.7395703150122538 -1.84681607412936 0.312365557789447
    vertex 0.780120876774179 -1.792818749072391 0.4428855400367043
  endloop
endfacet
facet normal 0.534907 0.454659 -0.712151
  outer loop
    vertex 0.8464450739580041 0.8973599319623831 -1.564565886520474
    vertex 0.8867425923965604 1.014619831221514 -1.459435579891747
    vertex 0.9684079971065916 0.9179190880472083 -1.459832214278833
  endloop
endfacet
facet normal 0.551568 0.733941 -0.396362
  outer loop
    vertex 0.6608000000000001 1.686189313740404 -0.9269904197065169
    vertex 0.7494909288735698 1.671938835661481 -0.8299576457295557
    vertex 0.7677550241492033 1.59754956941227 -0.9422878499993147
  endloop
endfacet
facet normal 0.552821 0.210916 -0.806166
  outer loop
    vertex 1.262226488933055 0.3200236946689584 -1.499869081712284
    vertex 1.159831625009234 0.4272287174675812 -1.542037481857385
    vertex 1.286119384972499 0.4578764322661008 -1.447418461289347
  endloop
endfacet
facet normal 0.541985 0.645457 -0.53818
  outer loop
    vertex 0.9126005487124005 1.394195964164022 -1.075271852968487
    vertex 0.9821660768531744 1.28004921377869 -1.142114339914399
    vertex 0.8853552214644824 1.319674337140157 -1.192085966892026
  endloop
endfacet
facet normal 0.554222 0.332178 -0.763214
  outer loop
    vertex 0.6608000000000001 0.7456574914511404 -1.773849076286591
    vertex 0.7516835055942125 0.8155113943319341 -1.677449478209045
    vertex 0.7610686824849844 0.6662115505504957 -1.735614925491673
  endloop
endfacet
facet normal 0.536154 0.227001 0.813025
  outer loop
    vertex 0.6608000000000001 0.4393927442669269 1.873360524908534
    vertex 0.7606821852075648 0.5301957109476994 1.782139951509231
    vertex 0.6608000000000001 0.5946105005762763 1.830022948655134
  endloop
endfacet
facet normal 0.543367 0.836715 0.0682709
  outer loop
    vertex 2.259559999965873 0.8859568420833879 -3.934438739625574e-16
    vertex 2.332872594752509 0.827258345483288 0.1359034712087639
    vertex 2.392789999963029 0.7994365789236699 -3.550211586599788e-16
  endloop
endfacet
facet normal 0.537874 0.166272 -0.826466
  outer loop
    vertex 1.002873518445107 0.2597138187124259 -1.682124309146652
    vertex 1.028354125702569 0.4009078173210651 -1.63713516356958
    vertex 1.131983085858745 0.2895526868439641 -1.592095100178257
  endloop
endfacet
facet normal 0.536896 -0.326927 0.777729
  outer loop
    vertex 0.6608000000000001 -0.8192845128295068 1.741068214355117
    vertex 0.7542520353285069 -0.6832843504158673 1.73372390041329
    vertex 0.6608000000000001 -0.6707223334566305 1.8035180041803
  endloop
endfacet
facet normal 0.536018 -0.822687 -0.189395
  outer loop
    vertex 1.131084325732165 -1.592596407344351 -0.2900578551470432
    vertex 1.137304160024917 -1.555725614477468 -0.4326127058146568
    vertex 1.24960476551359 -1.501514746198961 -0.3502630892260503
  endloop
endfacet
facet normal 0.552449 -0.318197 0.770422
  outer loop
    vertex 0.8641799048908033 -0.6110165588090785 1.684745460251275
    vertex 0.7542520353285069 -0.6832843504158673 1.73372390041329
    vertex 0.8186253624936523 -0.7536697468503503 1.658493197865881
  endloop
endfacet
facet normal 0.555599 -0.627828 -0.545108
  outer loop
    vertex 0.7816015779623453 -1.331848904310709 -1.277878939429624
    vertex 0.7649540827092842 -1.456438425947063 -1.151350855971449
    vertex 0.6608000000000001 -1.456609886085112 -1.257311926197758
  endloop
endfacet
facet normal 0.553751 -0.786791 -0.272617
  outer loop
    vertex 1.363997974632391 -1.408973973999209 -0.4104444248457974
    vertex 1.250492786644657 -1.460975883851284 -0.4909198154014135
    vertex 1.360768136052244 -1.363210978307331 -0.5490799266537527
  endloop
endfacet
facet normal 0.536184 0.217399 -0.815625
  outer loop
    vertex 1.262226488933055 0.3200236946689584 -1.499869081712284
    vertex 1.286119384972499 0.4578764322661008 -1.447418461289347
    vertex 1.388858238074841 0.3542760520108061 -1.407492932943173
  endloop
endfacet
facet normal 0.552738 0.727263 0.406903
  outer loop
    vertex 0.6608000000000001 1.686189313740403 0.9269904197065189
    vertex 0.7411744150114686 1.600386431684614 0.9711662382544766
    vertex 0.7794512824679563 1.649174973010712 0.8319704368378245
  endloop
endfacet
facet normal 0.553894 0.695264 0.45805
  outer loop
    vertex 0.77856948298953 1.495514838811224 1.085128616464128
    vertex 0.7411744150114686 1.600386431684614 0.9711662382544766
    vertex 0.6608000000000001 1.602707051374375 1.064836019054041
  endloop
endfacet
facet normal 0.535481 -0.798191 -0.275955
  outer loop
    vertex 1.363997974632391 -1.408973973999209 -0.4104444248457974
    vertex 1.360768136052244 -1.363210978307331 -0.5490799266537527
    vertex 1.476097284054706 -1.313609462987861 -0.4687584211018773
  endloop
endfacet
facet normal 0.55356 -0.803176 -0.220183
  outer loop
    vertex 1.016203254579034 -1.611493112707208 -0.5202797210493871
    vertex 1.020739099056678 -1.649007162330512 -0.3720335167322044
    vertex 0.9055436531905365 -1.701752199919207 -0.469244101573184
  endloop
endfacet
facet normal 0.552257 0.81779 0.16196
  outer loop
    vertex 1.004933219340658 1.682485506159083 0.2483636375976248
    vertex 0.8717198305216072 1.759259036140201 0.3149443863664094
    vertex 0.9575006974303368 1.683520337809231 0.4048756167892218
  endloop
endfacet
facet normal 0.535052 0.33567 -0.775271
  outer loop
    vertex 0.7610686824849844 0.6662115505504957 -1.735614925491673
    vertex 0.7516835055942125 0.8155113943319341 -1.677449478209045
    vertex 0.8550775868247364 0.7346706219533166 -1.641093947233808
  endloop
endfacet
facet normal 0.533523 0.684145 0.497291
  outer loop
    vertex 2.81435984561488 0.3873027997271548 0.3554183925108589
    vertex 2.869186767151473 0.4228918993478033 0.2476352483521765
    vertex 2.757036867319643 0.4933499252160307 0.271024159693597
  endloop
endfacet
facet normal 0.553112 0.348797 0.756576
  outer loop
    vertex 0.9120435245489444 0.6660833425595937 1.630214357864463
    vertex 0.9052607407731323 0.8069884417912506 1.570213014303971
    vertex 0.7950008698000268 0.775475054267893 1.665349327625397
  endloop
endfacet
facet normal 0.538445 0.787782 0.299126
  outer loop
    vertex 0.8964015509102644 1.680570217495939 0.5593121147138373
    vertex 0.8737381365761081 1.63974105126882 0.7076357058914864
    vertex 0.9750188715437763 1.589864433822392 0.656679956555052
  endloop
endfacet
facet normal 0.536825 -0.803554 -0.257138
  outer loop
    vertex 1.016203254579034 -1.611493112707208 -0.5202797210493871
    vertex 0.9055436531905365 -1.701752199919207 -0.469244101573184
    vertex 0.8946992316935637 -1.663510855446307 -0.611387976055079
  endloop
endfacet
facet normal 0.543822 -0.482912 0.686334
  outer loop
    vertex 0.9404907441198733 -1.048097539900067 1.392132374044709
    vertex 0.8834168852341482 -0.9751740087500713 1.488665057995594
    vertex 0.794170464516579 -1.10890171532215 1.465287872353599
  endloop
endfacet
facet normal 0.535718 -0.812265 -0.230722
  outer loop
    vertex 1.24960476551359 -1.501514746198961 -0.3502630892260503
    vertex 1.250492786644657 -1.460975883851284 -0.4909198154014135
    vertex 1.363997974632391 -1.408973973999209 -0.4104444248457974
  endloop
endfacet
facet normal 0.535126 0.449507 0.715251
  outer loop
    vertex 0.7812772673098731 0.9156348112314707 1.602868206747405
    vertex 0.8833632972621929 0.9506838498276772 1.504464052272641
    vertex 0.7713719598748223 1.053677904784515 1.523524321205174
  endloop
endfacet
facet normal 0.549702 -0.703939 0.449776
  outer loop
    vertex 0.9513321626793224 -1.42541214680368 0.9900776629781516
    vertex 0.8777214295962186 -1.528183485046041 0.9191960712649042
    vertex 1.007974233471428 -1.471815940054385 0.8482254331199968
  endloop
endfacet
facet normal 0.554056 0.815484 0.167355
  outer loop
    vertex 2.055465086023013 1.009192919871769 0.1373539288765259
    vertex 1.986637344875237 1.030247237518958 0.262626434634973
    vertex 2.105400155907606 0.9471923594730843 0.2741510853671769
  endloop
endfacet
facet normal 0.536257 -0.830566 -0.150295
  outer loop
    vertex 1.011920964356074 -1.680852773214725 -0.2275109193597708
    vertex 1.020739099056678 -1.649007162330512 -0.3720335167322044
    vertex 1.131084325732165 -1.592596407344351 -0.2900578551470432
  endloop
endfacet
facet normal 0.521791 -0.285319 0.803945
  outer loop
    vertex 3.131045987366764 -0.1666969651150114 0.2731630380852956
    vertex 3.261707457634667 -0.10607620967722 0.2098729535099577
    vertex 3.20470034534998 -0.04562709711089526 0.268326076770822
  endloop
endfacet
facet normal 0.541376 -0.797694 0.265699
  outer loop
    vertex 0.9725524970212635 -1.609518292173126 0.6114418586666353
    vertex 1.01906782861175 -1.624054777718774 0.4730224330783764
    vertex 1.105203436299101 -1.535381038798025 0.5637368144749964
  endloop
endfacet
facet normal 0.55352 -0.801185 -0.227416
  outer loop
    vertex 1.24960476551359 -1.501514746198961 -0.3502630892260503
    vertex 1.137304160024917 -1.555725614477468 -0.4326127058146568
    vertex 1.250492786644657 -1.460975883851284 -0.4909198154014135
  endloop
endfacet
facet normal 0.544603 -0.666711 0.508826
  outer loop
    vertex 0.8865361551873399 -1.375657506476508 1.125810213726972
    vertex 0.7654859079950982 -1.437212429456702 1.174716915689856
    vertex 0.8190467836704892 -1.484250513518884 1.055756201961299
  endloop
endfacet
facet normal 0.565523 -0.79994 0.200697
  outer loop
    vertex 2.670447087129132 -0.6069826162826996 0.1220138532321308
    vertex 2.767675044783043 -0.551821799863583 0.06790578918035788
    vertex 2.782758486210017 -0.507605691210214 0.2016404642780735
  endloop
endfacet
facet normal 0.536555 0.122942 -0.834861
  outer loop
    vertex 0.7727325214275721 0.3453709758237598 -1.819013404854473
    vertex 0.8767314398271444 0.2350414792833893 -1.76842164650973
    vertex 0.7715605892243488 0.1933682697514424 -1.842150478810042
  endloop
endfacet
facet normal 0.551748 -0.533678 -0.640907
  outer loop
    vertex 0.7683682931209268 -1.132035343821178 -1.46870344787619
    vertex 0.7498972131653905 -1.242634773213907 -1.392509631102466
    vertex 0.6608000000000001 -1.22653124107443 -1.482621581749172
  endloop
endfacet
facet normal 0.540764 -0.0791049 -0.837447
  outer loop
    vertex 0.8808865890593639 -0.1965519551777252 -1.770397291000121
    vertex 0.7635481762367489 -0.2354467808449108 -1.842492176994457
    vertex 0.7786130242753969 -0.116017515620184 -1.844045604698877
  endloop
endfacet
facet normal 0.525347 0.779629 0.340864
  outer loop
    vertex 2.840622196136794 0.4885102644755788 0.1415764169087488
    vertex 2.869186767151473 0.4228918993478033 0.2476352483521765
    vertex 2.96589830023205 0.3975073528445478 0.1566412344373069
  endloop
endfacet
facet normal 0.536371 0.831524 0.144475
  outer loop
    vertex 0.8717198305216072 1.759259036140201 0.3149443863664094
    vertex 0.7655516206180168 1.84005939618086 0.244054081965618
    vertex 0.768978133611173 1.812607338183928 0.3893325907974114
  endloop
endfacet
facet normal 0.538918 -0.818564 0.198797
  outer loop
    vertex 1.152667491058349 -1.550167422632188 0.4150849528770212
    vertex 1.01906782861175 -1.624054777718774 0.4730224330783764
    vertex 1.060559749565464 -1.631961491348392 0.3279856580424239
  endloop
endfacet
facet normal 0.539018 0.77095 0.339257
  outer loop
    vertex 1.971482517186588 0.9546403729944897 0.4899670890421929
    vertex 2.018800193442702 0.9748976855738941 0.3687539621017796
    vertex 1.905770981645269 1.049135189983302 0.379634796230466
  endloop
endfacet
facet normal 0.535818 0.352501 0.76723
  outer loop
    vertex 1.018777838050217 0.7158173463982754 1.532823150678613
    vertex 0.9052607407731323 0.8069884417912506 1.570213014303971
    vertex 0.9120435245489444 0.6660833425595937 1.630214357864463
  endloop
endfacet
facet normal 0.512205 -0.527444 -0.677827
  outer loop
    vertex 3.010773480426951 -0.196657499447221 -0.3461520839192926
    vertex 3.087071527419714 -0.2070905025462437 -0.2803785467377434
    vertex 2.993788896011552 -0.2987672077610594 -0.2795309786545455
  endloop
endfacet
facet normal 0.531657 0.783068 0.322714
  outer loop
    vertex 2.494259382849877 0.6825943394824577 0.2686048782945557
    vertex 2.40179846429039 0.7537571775540368 0.2482529894193352
    vertex 2.384485700842541 0.717802630786366 0.3640189580762819
  endloop
endfacet
facet normal 0.534369 0.417667 0.734849
  outer loop
    vertex 0.8833632972621929 0.9506838498276772 1.504464052272641
    vertex 0.9052607407731323 0.8069884417912506 1.570213014303971
    vertex 0.9925668390259681 0.8570440267675775 1.478275425124051
  endloop
endfacet
facet normal 0.535626 0.818353 -0.208336
  outer loop
    vertex 0.7763482454157653 1.809244202932204 -0.3821476843868934
    vertex 0.8772528479486296 1.731330357165541 -0.4287736009324022
    vertex 0.7782209269941555 1.770757393293541 -0.5285106722084026
  endloop
endfacet
facet normal 0.55456 0.664136 0.501385
  outer loop
    vertex 2.943659681912454 0.3104787922016033 0.3141669066540977
    vertex 2.869186767151473 0.4228918993478033 0.2476352483521765
    vertex 2.81435984561488 0.3873027997271548 0.3554183925108589
  endloop
endfacet
facet normal 0.533791 0.735935 0.416494
  outer loop
    vertex 2.96589830023205 0.3975073528445478 0.1566412344373069
    vertex 3.029316562879818 0.309696865680405 0.2305214075423678
    vertex 3.112370377167179 0.303272520012741 0.1354288053362465
  endloop
endfacet
facet normal 0.550203 -0.419436 0.722046
  outer loop
    vertex 0.7806964319276439 -0.9830671544606951 1.562864450971507
    vertex 0.7649050357642219 -0.8795028550109759 1.635058004824541
    vertex 0.6608000000000001 -0.9620999999999944 1.66640608196202
  endloop
endfacet
facet normal 0.498718 0.195566 -0.844414
  outer loop
    vertex 3.000225925642143 0.1638421447751086 -0.3703403723092303
    vertex 3.086711438360923 0.0554544214268156 -0.344363888530994
    vertex 2.984780798540543 0.01105748087580661 -0.4148473000454623
  endloop
endfacet
facet normal 0.552812 0.608614 0.5692
  outer loop
    vertex 0.9653196234221353 1.307738514514243 1.12713203839438
    vertex 0.891560479589228 1.270217718841901 1.238886508270614
    vertex 1.006795585337761 1.183459641068131 1.219734772695721
  endloop
endfacet
facet normal 0.550906 -0.62677 0.551055
  outer loop
    vertex 0.6608000000000001 -1.456609886085105 1.257311926197766
    vertex 0.7654859079950982 -1.437212429456702 1.174716915689856
    vertex 0.7866596791257421 -1.334769018059242 1.270068052531522
  endloop
endfacet
facet normal 0.544428 0.838349 0.0277127
  outer loop
    vertex 0.9272599999943119 1.751159473680565 -7.77671026988343e-16
    vertex 0.9921708560569265 1.705275181143736 0.1128633700174384
    vertex 1.060489999991468 1.664639210520847 -7.392483116857645e-16
  endloop
endfacet
facet normal 0.517812 -0.81709 -0.253444
  outer loop
    vertex 2.58891818926864 -0.6141893757382103 -0.2728541039372378
    vertex 2.690915970157783 -0.5820515163349078 -0.1680727535980708
    vertex 2.597661911463204 -0.654648735185671 -0.124550819181258
  endloop
endfacet
facet normal 0.540439 -0.725176 0.426668
  outer loop
    vertex 0.8777214295962186 -1.528183485046041 0.9191960712649042
    vertex 0.7561317010986343 -1.57418471833022 0.9950229054715547
    vertex 0.7786130242753933 -1.619144493502699 0.890132217875425
  endloop
endfacet
facet normal 0.551252 -0.809558 0.201835
  outer loop
    vertex 1.060559749565464 -1.631961491348392 0.3279856580424239
    vertex 1.01906782861175 -1.624054777718774 0.4730224330783764
    vertex 0.9326254291402273 -1.703489877735173 0.3905004693914868
  endloop
endfacet
facet normal 0.533443 -0.565975 -0.628579
  outer loop
    vertex 0.6608000000000001 -1.22653124107443 -1.482621581749172
    vertex 0.7498972131653905 -1.242634773213907 -1.392509631102466
    vertex 0.6608000000000001 -1.346292199815819 -1.374788330149438
  endloop
endfacet
facet normal 0.545824 0.758335 0.356376
  outer loop
    vertex 0.9105114336872089 1.568797403976296 0.8022754235703671
    vertex 0.8737381365761081 1.63974105126882 0.7076357058914864
    vertex 0.7794512824679563 1.649174973010712 0.8319704368378245
  endloop
endfacet
facet normal 0.555051 -0.511528 0.65594
  outer loop
    vertex 3.188729146979628 -0.2048687002558637 0.1945842751166854
    vertex 3.261707457634667 -0.10607620967722 0.2098729535099577
    vertex 3.131045987366764 -0.1666969651150114 0.2731630380852956
  endloop
endfacet
facet normal 0.533906 0.661043 0.527225
  outer loop
    vertex 0.7744285708833625 1.391566371619377 1.219654266793117
    vertex 0.8684900829085868 1.378170008241268 1.141197295115607
    vertex 0.77856948298953 1.495514838811224 1.085128616464128
  endloop
endfacet
facet normal 0.537431 0.19594 -0.820229
  outer loop
    vertex 0.7872885637445115 0.5079683495071522 -1.77063394930392
    vertex 0.896757147347488 0.3692414596082146 -1.732047650291431
    vertex 0.7727325214275721 0.3453709758237598 -1.819013404854473
  endloop
endfacet
facet normal 0.552312 -0.833633 0.00282275
  outer loop
    vertex 0.9875885366363217 -1.710035545709855 0.08160962756237168
    vertex 0.8833164429243869 -1.779488138863724 -0.02724211621106078
    vertex 1.003621184862659 -1.699941687011828 -0.07442532120544612
  endloop
endfacet
facet normal 0.552642 -0.799783 0.23438
  outer loop
    vertex 0.780120876774179 -1.792818749072391 0.4428855400367043
    vertex 0.7645515535998063 -1.759578841452243 0.593021650922244
    vertex 0.6608000000000001 -1.842074177151201 0.5561549836805597
  endloop
endfacet
facet normal 0.537866 -0.403045 -0.740443
  outer loop
    vertex 3.205061141816442 -0.1576682353845065 -0.221571554426192
    vertex 3.087071527419714 -0.2070905025462437 -0.2803785467377434
    vertex 3.095179138378668 -0.1214796463488817 -0.3210895984401825
  endloop
endfacet
facet normal 0.554892 0.451743 0.698587
  outer loop
    vertex 0.9607447421376463 0.9979354628236488 1.412444212535365
    vertex 0.8833632972621929 0.9506838498276772 1.504464052272641
    vertex 0.9925668390259681 0.8570440267675775 1.478275425124051
  endloop
endfacet
facet normal 0.538914 0.771035 0.339231
  outer loop
    vertex 2.107950520823501 0.8867110167485918 0.4275654381786124
    vertex 2.018800193442702 0.9748976855738941 0.3687539621017796
    vertex 1.971482517186588 0.9546403729944897 0.4899670890421929
  endloop
endfacet
facet normal 0.553986 -0.713029 -0.429755
  outer loop
    vertex 0.9922608342237369 -1.503618521720647 -0.8121780629770446
    vertex 0.8779912555815161 -1.535292017107742 -0.9069286968842522
    vertex 0.9690812839498941 -1.437759781256215 -0.9513277963099502
  endloop
endfacet
facet normal 0.534767 -0.423398 -0.731272
  outer loop
    vertex 0.7773595710048801 -0.8525859264913861 -1.640143346013494
    vertex 0.8780854367558444 -0.8678906574575066 -1.557622845146327
    vertex 0.7897363441500613 -0.9898558957499987 -1.551614637676243
  endloop
endfacet
facet normal 0.544108 0.662768 0.514475
  outer loop
    vertex 0.77856948298953 1.495514838811224 1.085128616464128
    vertex 0.8684900829085868 1.378170008241268 1.141197295115607
    vertex 0.9105736880392747 1.424769953730281 1.036657734408737
  endloop
endfacet
facet normal 0.550262 -0.795168 0.254792
  outer loop
    vertex 1.105203436299101 -1.535381038798025 0.5637368144749964
    vertex 1.01906782861175 -1.624054777718774 0.4730224330783764
    vertex 1.152667491058349 -1.550167422632188 0.4150849528770212
  endloop
endfacet
facet normal 0.552463 0.473814 0.685773
  outer loop
    vertex 0.8833632972621929 0.9506838498276772 1.504464052272641
    vertex 0.8651790617197704 1.072810619833614 1.434733643926615
    vertex 0.7713719598748223 1.053677904784515 1.523524321205174
  endloop
endfacet
facet normal 0.535566 -0.295338 -0.791167
  outer loop
    vertex 0.771593130772009 -0.5775124260683493 -1.759917834926162
    vertex 0.8676419057308775 -0.6155335063829211 -1.680706340401233
    vertex 0.7734594921580292 -0.7158853168443661 -1.707000621837226
  endloop
endfacet
facet normal 0.552594 0.813885 0.179532
  outer loop
    vertex 0.768978133611173 1.812607338183928 0.3893325907974114
    vertex 0.8564328007752134 1.739518943013968 0.4514864863101887
    vertex 0.8717198305216072 1.759259036140201 0.3149443863664094
  endloop
endfacet
facet normal 0.546952 0.814443 0.193718
  outer loop
    vertex 1.427537060908222 1.370750893251065 0.39409114930568
    vertex 1.470671972635167 1.374637652902101 0.2559609237132603
    vertex 1.342172354482382 1.454135533559138 0.2845415225871275
  endloop
endfacet
facet normal 0.568874 -0.811357 -0.13447
  outer loop
    vertex 2.690915970157783 -0.5820515163349078 -0.1680727535980708
    vertex 2.683905722046341 -0.609557278749965 -0.0317672474146937
    vertex 2.597661911463204 -0.654648735185671 -0.124550819181258
  endloop
endfacet
facet normal 0.548537 -0.430717 -0.716652
  outer loop
    vertex 1.043454342213234 -0.9261917578919533 -1.396476594686747
    vertex 0.9309298985272989 -0.9486968568652066 -1.469078809769866
    vertex 0.9813335803392811 -0.8273721229690341 -1.503416680211235
  endloop
endfacet
facet normal 0.547283 0.816829 0.182405
  outer loop
    vertex 1.565272296506743 1.290510663654723 0.3488540726525808
    vertex 1.583694773718121 1.304905306610261 0.2291188388256791
    vertex 1.470671972635167 1.374637652902101 0.2559609237132603
  endloop
endfacet
facet normal 0.55341 0.160065 0.817384
  outer loop
    vertex 0.7578176722953029 0.3156542463695718 1.83423382918813
    vertex 0.8545650165112946 0.2631902845517232 1.779004851126302
    vertex 0.8163480714537206 0.4194554214351328 1.774278811762482
  endloop
endfacet
facet normal 0.534207 -0.484323 -0.69286
  outer loop
    vertex 0.7897363441500613 -0.9898558957499987 -1.551614637676243
    vertex 0.8643503153527299 -1.054914828620485 -1.448608492711054
    vertex 0.7683682931209268 -1.132035343821178 -1.46870344787619
  endloop
endfacet
facet normal 0.532883 0.772445 0.345492
  outer loop
    vertex 0.7794512824679563 1.649174973010712 0.8319704368378245
    vertex 0.8737381365761081 1.63974105126882 0.7076357058914864
    vertex 0.7746970792410597 1.723070749885038 0.6740885728493528
  endloop
endfacet
facet normal 0.550873 0.079595 -0.830785
  outer loop
    vertex 0.8767314398271444 0.2350414792833893 -1.76842164650973
    vertex 0.8642693317879858 0.1093636892006393 -1.788725785341539
    vertex 0.7715605892243488 0.1933682697514424 -1.842150478810042
  endloop
endfacet
facet normal 0.552541 -0.746431 0.370863
  outer loop
    vertex 0.6608000000000001 -1.723528569052674 0.8555670117876448
    vertex 0.766124794044532 -1.693040939795165 0.7600076804289398
    vertex 0.7786130242753933 -1.619144493502699 0.890132217875425
  endloop
endfacet
facet normal 0.564768 0.68374 0.462101
  outer loop
    vertex 2.613845574190203 0.5839897648422643 0.2985582940712335
    vertex 2.506557696767775 0.6226238919870333 0.372518311428809
    vertex 2.555463059734283 0.5375486149729756 0.4386275767482805
  endloop
endfacet
facet normal 0.549343 -0.0801129 -0.831748
  outer loop
    vertex 0.7786130242753969 -0.116017515620184 -1.844045604698877
    vertex 0.7635481762367489 -0.2354467808449108 -1.842492176994457
    vertex 0.6608000000000001 -0.2011336690196177 -1.913659031067632
  endloop
endfacet
facet normal 0.538778 0.823141 0.179323
  outer loop
    vertex 0.8717198305216072 1.759259036140201 0.3149443863664094
    vertex 0.8564328007752134 1.739518943013968 0.4514864863101887
    vertex 0.9575006974303368 1.683520337809231 0.4048756167892218
  endloop
endfacet
facet normal 0.534368 -0.842288 0.0707289
  outer loop
    vertex 0.6608000000000001 -1.922512149676223 0.0805771329057331
    vertex 0.7533939028937779 -1.855864885659266 0.1746965449846609
    vertex 0.6608000000000001 -1.909027108269317 0.2411662080244416
  endloop
endfacet
facet normal 0.550316 0.114229 0.827106
  outer loop
    vertex 0.7690881593703416 0.1892542198467821 1.844191730806869
    vertex 0.7578176722953029 0.3156542463695718 1.83423382918813
    vertex 0.6608000000000001 0.2810929635597955 1.903557823087381
  endloop
endfacet
facet normal 0.548238 0.79806 0.25007
  outer loop
    vertex 1.905770981645269 1.049135189983302 0.379634796230466
    vertex 2.018800193442702 0.9748976855738941 0.3687539621017796
    vertex 1.986637344875237 1.030247237518958 0.262626434634973
  endloop
endfacet
facet normal 0.54061 -0.484641 -0.687651
  outer loop
    vertex 0.9631631747291379 -1.047667282922455 -1.373985929269187
    vertex 0.9309298985272989 -0.9486968568652066 -1.469078809769866
    vertex 1.043454342213234 -0.9261917578919533 -1.396476594686747
  endloop
endfacet
facet normal 0.551664 -0.475416 0.685308
  outer loop
    vertex 0.992312299504637 -0.9061526472419987 1.448887508940499
    vertex 0.8834168852341482 -0.9751740087500713 1.488665057995594
    vertex 0.9404907441198733 -1.048097539900067 1.392132374044709
  endloop
endfacet
facet normal 0.558762 0.474673 -0.680052
  outer loop
    vertex 0.9684079971065916 0.9179190880472083 -1.459832214278833
    vertex 0.8867425923965604 1.014619831221514 -1.459435579891747
    vertex 0.9649290096395017 1.053720698065306 -1.367901784239377
  endloop
endfacet
facet normal 0.533264 0.757726 -0.376138
  outer loop
    vertex 0.6608000000000001 1.757844169595893 -0.7826426486064538
    vertex 0.7494909288735698 1.671938835661481 -0.8299576457295557
    vertex 0.6608000000000001 1.686189313740404 -0.9269904197065169
  endloop
endfacet
facet normal 0.544511 0.806353 -0.230876
  outer loop
    vertex 0.9037521193792316 1.67949114310351 -0.5473289265240369
    vertex 0.8772528479486296 1.731330357165541 -0.4287736009324022
    vertex 0.9897132785144309 1.660594279832024 -0.4105920019458288
  endloop
endfacet
facet normal 0.547914 -0.317994 -0.773737
  outer loop
    vertex 0.9029095082992 -0.7395139797424395 -1.604777862842907
    vertex 0.8676419057308775 -0.6155335063829211 -1.680706340401233
    vertex 0.9806373482011335 -0.5754616639024587 -1.61715867965096
  endloop
endfacet
facet normal 0.553347 -0.295079 0.778932
  outer loop
    vertex 0.9834116946543064 -0.5301214412537661 1.630689329409204
    vertex 0.8641799048908033 -0.6110165588090785 1.684745460251275
    vertex 0.9489563387918699 -0.681105077298038 1.597969716436912
  endloop
endfacet
facet normal 0.549292 -0.234158 -0.802152
  outer loop
    vertex 0.6608000000000001 -0.5174555188278936 -1.853317411032054
    vertex 0.7630209487841254 -0.4634893276753194 -1.799072624882812
    vertex 0.771593130772009 -0.5775124260683493 -1.759917834926162
  endloop
endfacet
facet normal 0.528971 0.398287 -0.749371
  outer loop
    vertex 3.26188395368363 0.08994682913867828 -0.2171508547990504
    vertex 3.17263488090699 0.09657429883563924 -0.2766281137694431
    vertex 3.132364800211412 0.1946297144909214 -0.2529383151547224
  endloop
endfacet
facet normal 0.516564 -0.853759 -0.0652401
  outer loop
    vertex 2.597661911463204 -0.654648735185671 -0.124550819181258
    vertex 2.683905722046341 -0.609557278749965 -0.0317672474146937
    vertex 2.586483318573313 -0.6730691467995193 0.02799558929032546
  endloop
endfacet
facet normal 0.534137 -0.565682 0.628253
  outer loop
    vertex 0.6608000000000001 -1.346292199815812 1.374788330149445
    vertex 0.7563207928777694 -1.242006352691163 1.38747647783344
    vertex 0.6608000000000001 -1.226531241074423 1.482621581749178
  endloop
endfacet
facet normal 0.553001 -0.716022 0.426032
  outer loop
    vertex 2.927300406082336 -0.4163427397637205 0.1767895793817092
    vertex 2.962405143194123 -0.3329906541500147 0.2713104965508677
    vertex 2.851226574662691 -0.4003774080902801 0.3023679264495987
  endloop
endfacet
facet normal 0.539105 -0.28223 0.793544
  outer loop
    vertex 0.7756086562077983 -0.5663784498213643 1.760793400919007
    vertex 0.7542520353285069 -0.6832843504158673 1.73372390041329
    vertex 0.8641799048908033 -0.6110165588090785 1.684745460251275
  endloop
endfacet
facet normal 0.534863 0.508646 0.674685
  outer loop
    vertex 0.7713719598748223 1.053677904784515 1.523524321205174
    vertex 0.8651790617197704 1.072810619833614 1.434733643926615
    vertex 0.7737123257697938 1.173037575889015 1.431683600834187
  endloop
endfacet
facet normal 0.551844 -0.833728 0.0191437
  outer loop
    vertex 2.783010819777458 -0.544242545310257 -0.04408501881073569
    vertex 2.767675044783043 -0.551821799863583 0.06790578918035788
    vertex 2.683905722046341 -0.609557278749965 -0.0317672474146937
  endloop
endfacet
facet normal 0.557165 -0.622929 -0.549114
  outer loop
    vertex 0.9393666876043187 -1.361498462264791 -1.088764211244808
    vertex 0.8529836198178065 -1.36468131637535 -1.172803084900838
    vertex 0.9109016413756289 -1.27428486504943 -1.216583859299493
  endloop
endfacet
facet normal 0.55208 -0.716265 -0.426816
  outer loop
    vertex 0.6608000000000001 -1.645891909400849 -0.9967875714357737
    vertex 0.7612459363189645 -1.559843712480206 -1.011264855814332
    vertex 0.7736651675640308 -1.626690890182661 -0.8830204988178079
  endloop
endfacet
facet normal 0.531565 0.423509 -0.733539
  outer loop
    vertex 0.6608000000000001 1.031037918898589 -1.624655794250975
    vertex 0.7378882744119558 0.9334059078439076 -1.625161041805919
    vertex 0.6608000000000001 0.8914742307776418 -1.705232927156701
  endloop
endfacet
facet normal 0.553903 0.38744 0.736941
  outer loop
    vertex 0.9925668390259681 0.8570440267675775 1.478275425124051
    vertex 0.9052607407731323 0.8069884417912506 1.570213014303971
    vertex 1.018777838050217 0.7158173463982754 1.532823150678613
  endloop
endfacet
facet normal 0.564599 0.79599 0.218237
  outer loop
    vertex 2.453702492692551 0.7473953248589309 0.1371764007856513
    vertex 2.40179846429039 0.7537571775540368 0.2482529894193352
    vertex 2.494259382849877 0.6825943394824577 0.2686048782945557
  endloop
endfacet
facet normal 0.546155 -0.579227 0.605153
  outer loop
    vertex 2.903891654604183 -0.2821222428803209 0.3728084956179241
    vertex 2.962405143194123 -0.3329906541500147 0.2713104965508677
    vertex 3.028040522188555 -0.2279239734907088 0.3126395193700349
  endloop
endfacet
facet normal 0.543966 -0.756639 -0.362765
  outer loop
    vertex 2.801736325413425 -0.5022498866035827 -0.1809877099141763
    vertex 2.79613460324204 -0.4587841544024471 -0.280046435126353
    vertex 2.896883455954323 -0.4018293702015452 -0.2477671548737163
  endloop
endfacet
facet normal 0.532464 0.539549 -0.652203
  outer loop
    vertex 0.6608000000000001 1.287541112755719 -1.429959273183599
    vertex 0.743736791215924 1.192199847162581 -1.441122055409623
    vertex 0.6608000000000001 1.163369616818187 -1.532682868262154
  endloop
endfacet
facet normal 0.557333 -0.0308499 0.829716
  outer loop
    vertex 0.9417148871970102 0.02443328440343681 1.741601012465421
    vertex 0.8498115092467102 -0.03552570893417581 1.801104603578669
    vertex 0.907022551960621 -0.1387603532452963 1.758836641515045
  endloop
endfacet
facet normal 0.543892 -0.598103 -0.588604
  outer loop
    vertex 3.112916359820699 -0.2706386337417796 -0.1919231890374082
    vertex 3.087071527419714 -0.2070905025462437 -0.2803785467377434
    vertex 3.205061141816442 -0.1576682353845065 -0.221571554426192
  endloop
endfacet
facet normal 0.543031 0.831828 0.114798
  outer loop
    vertex 1.523816286160864 1.357231455952272 0.1332071782889392
    vertex 1.583694773718121 1.304905306610261 0.2291188388256791
    vertex 1.656858703356144 1.270422339571581 0.1328944066847884
  endloop
endfacet
facet normal 0.555798 0.0864202 0.826814
  outer loop
    vertex 0.7690881593703416 0.1892542198467821 1.844191730806869
    vertex 0.8591674298148293 0.1080895417454829 1.7921224659188
    vertex 0.8545650165112946 0.2631902845517232 1.779004851126302
  endloop
endfacet
facet normal 0.537822 -0.809636 0.235025
  outer loop
    vertex 0.8788785266663439 -1.701430240358981 0.5317159071108226
    vertex 0.7645515535998063 -1.759578841452243 0.593021650922244
    vertex 0.780120876774179 -1.792818749072391 0.4428855400367043
  endloop
endfacet
facet normal 0.511027 -0.354988 0.782838
  outer loop
    vertex 3.028040522188555 -0.2279239734907088 0.3126395193700349
    vertex 3.131045987366764 -0.1666969651150114 0.2731630380852956
    vertex 3.067658106965176 -0.08769833587972724 0.350364707071423
  endloop
endfacet
facet normal 0.550308 0.756538 0.353287
  outer loop
    vertex 0.9750188715437763 1.589864433822392 0.656679956555052
    vertex 0.8737381365761081 1.63974105126882 0.7076357058914864
    vertex 0.9105114336872089 1.568797403976296 0.8022754235703671
  endloop
endfacet
facet normal 0.539095 0.77814 0.322296
  outer loop
    vertex 2.384485700842541 0.717802630786366 0.3640189580762819
    vertex 2.40179846429039 0.7537571775540368 0.2482529894193352
    vertex 2.301333549275292 0.8186378687153355 0.2596518512479479
  endloop
endfacet
facet normal 0.549948 -0.326263 -0.768836
  outer loop
    vertex 3.010773480426951 -0.196657499447221 -0.3461520839192926
    vertex 2.884282165218073 -0.2219213122186601 -0.4259103417807227
    vertex 2.948400487233043 -0.1312605684726473 -0.4185192312187941
  endloop
endfacet
facet normal 0.571919 -0.223783 0.789196
  outer loop
    vertex 3.20470034534998 -0.04562709711089526 0.268326076770822
    vertex 3.261707457634667 -0.10607620967722 0.2098729535099577
    vertex 3.325399999944 -3.754131767316246e-16 0.193794736807
  endloop
endfacet
facet normal 0.556989 0.124377 0.821154
  outer loop
    vertex 0.9386005256161843 0.3391111470790826 1.710504078273343
    vertex 0.8545650165112946 0.2631902845517232 1.779004851126302
    vertex 0.9405615150462856 0.181573734255519 1.733035431778627
  endloop
endfacet
facet normal 0.549356 0.26203 0.793441
  outer loop
    vertex 0.6608000000000001 0.5946105005762763 1.830022948655134
    vertex 0.7606821852075648 0.5301957109476994 1.782139951509231
    vertex 0.7875215110842471 0.6360814409045297 1.72858888322102
  endloop
endfacet
facet normal 0.554986 0.767579 0.320645
  outer loop
    vertex 2.301333549275292 0.8186378687153355 0.2596518512479479
    vertex 2.19572749502114 0.874629591563212 0.308402980127097
    vertex 2.242031978568044 0.8010478721645903 0.4044016822797992
  endloop
endfacet
facet normal 0.534541 0.359844 -0.764708
  outer loop
    vertex 0.6608000000000001 0.8914742307776418 -1.705232927156701
    vertex 0.7516835055942125 0.8155113943319341 -1.677449478209045
    vertex 0.6608000000000001 0.7456574914511404 -1.773849076286591
  endloop
endfacet
facet normal 0.537461 0.626086 0.564935
  outer loop
    vertex 0.9653196234221353 1.307738514514243 1.12713203839438
    vertex 0.8684900829085868 1.378170008241268 1.141197295115607
    vertex 0.891560479589228 1.270217718841901 1.238886508270614
  endloop
endfacet
facet normal 0.656604 -0.288633 0.696823
  outer loop
    vertex 3.325399999944 -3.754131767316246e-16 0.193794736807
    vertex 3.261707457634667 -0.10607620967722 0.2098729535099577
    vertex 3.325399999944 -0.1370335725544924 0.1370335725544914
  endloop
endfacet
facet normal 0.532603 0.0870063 0.841881
  outer loop
    vertex 0.8545650165112946 0.2631902845517232 1.779004851126302
    vertex 0.8591674298148293 0.1080895417454829 1.7921224659188
    vertex 0.9405615150462856 0.181573734255519 1.733035431778627
  endloop
endfacet
facet normal 0.531811 -0.835004 0.14123
  outer loop
    vertex 0.6608000000000001 -1.909027108269317 0.2411662080244416
    vertex 0.7395703150122538 -1.84681607412936 0.312365557789447
    vertex 0.6608000000000001 -1.882151613331987 0.40006367547154
  endloop
endfacet
facet normal 0.532076 0.724234 0.438612
  outer loop
    vertex 0.6608000000000001 1.602707051374375 1.064836019054041
    vertex 0.7411744150114686 1.600386431684614 0.9711662382544766
    vertex 0.6608000000000001 1.686189313740403 0.9269904197065189
  endloop
endfacet
facet normal 0.557238 0.049272 0.828889
  outer loop
    vertex 0.9405615150462856 0.181573734255519 1.733035431778627
    vertex 0.8591674298148293 0.1080895417454829 1.7921224659188
    vertex 0.9417148871970102 0.02443328440343681 1.741601012465421
  endloop
endfacet
facet normal 0.551418 0.800898 0.233455
  outer loop
    vertex 0.9575006974303368 1.683520337809231 0.4048756167892218
    vertex 0.8564328007752134 1.739518943013968 0.4514864863101887
    vertex 0.8964015509102644 1.680570217495939 0.5593121147138373
  endloop
endfacet
facet normal 0.551409 0.833725 0.0291784
  outer loop
    vertex 0.794029999997156 1.837679736840282 -8.160937422909215e-16
    vertex 0.7587266542863753 1.856946871130269 0.1166305705821284
    vertex 0.8727938955407046 1.78042034054122 0.1476246096795146
  endloop
endfacet
facet normal 0.661328 0.28705 -0.692999
  outer loop
    vertex 3.325399999944 1.083208454424028e-15 -0.193794736807
    vertex 3.26188395368363 0.08994682913867828 -0.2171508547990504
    vertex 3.325399999944 0.1370335725544922 -0.1370335725544916
  endloop
endfacet
facet normal 0.553018 -0.825901 0.109815
  outer loop
    vertex 0.7533939028937779 -1.855864885659266 0.1746965449846609
    vertex 0.7395703150122538 -1.84681607412936 0.312365557789447
    vertex 0.6608000000000001 -1.909027108269317 0.2411662080244416
  endloop
endfacet
facet normal 0.540298 0.826374 0.158697
  outer loop
    vertex 1.218618213212741 1.528870938358237 0.3197517724700235
    vertex 1.140326631246652 1.592565151411815 0.2546313390095208
    vertex 1.08437031114493 1.606533368567155 0.3724033915702438
  endloop
endfacet
facet normal 0.548039 0.836003 -0.0274296
  outer loop
    vertex 0.8598877960041926 1.79027818232533 -0.1288826576377274
    vertex 0.7586088267073254 1.85712849160823 -0.114947304601617
    vertex 0.794029999997156 1.837679736840282 -8.160937422909215e-16
  endloop
endfacet
facet normal 0.543888 -0.321462 -0.775144
  outer loop
    vertex 2.948400487233043 -0.1312605684726473 -0.4185192312187941
    vertex 2.884282165218073 -0.2219213122186601 -0.4259103417807227
    vertex 2.816401764345267 -0.1588074253960598 -0.4997134672350578
  endloop
endfacet
facet normal 0.536318 0.477302 0.696093
  outer loop
    vertex 0.9607447421376463 0.9979354628236488 1.412444212535365
    vertex 0.8651790617197704 1.072810619833614 1.434733643926615
    vertex 0.8833632972621929 0.9506838498276772 1.504464052272641
  endloop
endfacet
facet normal 0.549838 -0.787499 0.278431
  outer loop
    vertex 0.8534778718530349 -1.67533581760856 0.6556806153475448
    vertex 0.7645515535998063 -1.759578841452243 0.593021650922244
    vertex 0.8788785266663439 -1.701430240358981 0.5317159071108226
  endloop
endfacet
facet normal 0.548886 -0.719239 0.425934
  outer loop
    vertex 0.7786130242753933 -1.619144493502699 0.890132217875425
    vertex 0.7561317010986343 -1.57418471833022 0.9950229054715547
    vertex 0.6608000000000001 -1.645891909400842 0.9967875714357844
  endloop
endfacet
facet normal 0.549354 -0.282449 0.786405
  outer loop
    vertex 0.6608000000000001 -0.6707223334566305 1.8035180041803
    vertex 0.7542520353285069 -0.6832843504158673 1.73372390041329
    vertex 0.7756086562077983 -0.5663784498213643 1.760793400919007
  endloop
endfacet
facet normal 0.550043 0.141028 -0.823143
  outer loop
    vertex 0.7727325214275721 0.3453709758237598 -1.819013404854473
    vertex 0.896757147347488 0.3692414596082146 -1.732047650291431
    vertex 0.8767314398271444 0.2350414792833893 -1.76842164650973
  endloop
endfacet
facet normal 0.53394 0.0511537 0.843973
  outer loop
    vertex 0.7735751200248724 0.03670188792566079 1.850599335451687
    vertex 0.8591674298148293 0.1080895417454829 1.7921224659188
    vertex 0.7690881593703416 0.1892542198467821 1.844191730806869
  endloop
endfacet
facet normal 0.550975 -0.834305 0.0189857
  outer loop
    vertex 2.866265861501378 -0.4866115646381511 0.07233745702996713
    vertex 2.767675044783043 -0.551821799863583 0.06790578918035788
    vertex 2.783010819777458 -0.544242545310257 -0.04408501881073569
  endloop
endfacet
facet normal 0.54979 0.831622 -0.0783295
  outer loop
    vertex 0.6608000000000001 1.917451559767896 -0.1610129061400413
    vertex 0.7586088267073254 1.85712849160823 -0.114947304601617
    vertex 0.7692285689687229 1.838715808879557 -0.2358948898111264
  endloop
endfacet
facet normal 0.552063 0.391181 -0.736345
  outer loop
    vertex 0.7378882744119558 0.9334059078439076 -1.625161041805919
    vertex 0.7516835055942125 0.8155113943319341 -1.677449478209045
    vertex 0.6608000000000001 0.8914742307776418 -1.705232927156701
  endloop
endfacet
facet normal 0.534288 0.0531202 -0.843632
  outer loop
    vertex 0.7715605892243488 0.1933682697514424 -1.842150478810042
    vertex 0.8642693317879858 0.1093636892006393 -1.788725785341539
    vertex 0.7735995934589553 0.04002522115841992 -1.850514543445375
  endloop
endfacet
facet normal 0.55012 0.831178 0.0806911
  outer loop
    vertex 0.7655516206180168 1.84005939618086 0.244054081965618
    vertex 0.7587266542863753 1.856946871130269 0.1166305705821284
    vertex 0.6608000000000001 1.917451559767896 0.1610129061400405
  endloop
endfacet
facet normal 0.549932 0.80164 0.234411
  outer loop
    vertex 0.8964015509102644 1.680570217495939 0.5593121147138373
    vertex 0.8564328007752134 1.739518943013968 0.4514864863101887
    vertex 0.7735751200248802 1.771366064127469 0.5369610747615452
  endloop
endfacet
facet normal 0.533513 0.818762 0.212115
  outer loop
    vertex 0.7735751200248802 1.771366064127469 0.5369610747615452
    vertex 0.8564328007752134 1.739518943013968 0.4514864863101887
    vertex 0.768978133611173 1.812607338183928 0.3893325907974114
  endloop
endfacet
facet normal 0.551977 0.656082 0.514662
  outer loop
    vertex 0.9105736880392747 1.424769953730281 1.036657734408737
    vertex 0.8684900829085868 1.378170008241268 1.141197295115607
    vertex 0.9653196234221353 1.307738514514243 1.12713203839438
  endloop
endfacet
facet normal 0.543951 -0.621545 -0.563737
  outer loop
    vertex 0.9109016413756289 -1.27428486504943 -1.216583859299493
    vertex 0.8529836198178065 -1.36468131637535 -1.172803084900838
    vertex 0.7816015779623453 -1.331848904310709 -1.277878939429624
  endloop
endfacet
facet normal 0.556201 0.270711 -0.78572
  outer loop
    vertex 0.9314297662828571 0.4987307970819669 -1.6758134170746
    vertex 0.8638467038724883 0.6114447414404287 -1.684820300357056
    vertex 0.9533315787937042 0.6433225826930146 -1.61049196908378
  endloop
endfacet
facet normal 0.555106 0.513771 0.654138
  outer loop
    vertex 0.9121296559635608 1.14106241270467 1.34128499597643
    vertex 0.8651790617197704 1.072810619833614 1.434733643926615
    vertex 0.9607447421376463 0.9979354628236488 1.412444212535365
  endloop
endfacet
facet normal 0.55796 0.624739 -0.546243
  outer loop
    vertex 1.065381126777252 1.195688914892185 -1.153597392435541
    vertex 0.9821660768531744 1.28004921377869 -1.142114339914399
    vertex 1.050060907544479 1.305819402492612 -1.043289742999711
  endloop
endfacet
facet normal 0.550391 0.686091 0.475762
  outer loop
    vertex 2.555463059734283 0.5375486149729756 0.4386275767482805
    vertex 2.506557696767775 0.6226238919870333 0.372518311428809
    vertex 2.43046158277193 0.6149828740210636 0.4715701118043919
  endloop
endfacet
facet normal 0.541376 0.832697 0.116306
  outer loop
    vertex 1.470671972635167 1.374637652902101 0.2559609237132603
    vertex 1.583694773718121 1.304905306610261 0.2291188388256791
    vertex 1.523816286160864 1.357231455952272 0.1332071782889392
  endloop
endfacet
facet normal 0.537119 0.803613 0.256336
  outer loop
    vertex 1.986637344875237 1.030247237518958 0.262626434634973
    vertex 2.018800193442702 0.9748976855738941 0.3687539621017796
    vertex 2.105400155907606 0.9471923594730843 0.2741510853671769
  endloop
endfacet
facet normal 0.54144 0.836937 -0.0798718
  outer loop
    vertex 0.7692285689687229 1.838715808879557 -0.2358948898111264
    vertex 0.7586088267073254 1.85712849160823 -0.114947304601617
    vertex 0.8598877960041926 1.79027818232533 -0.1288826576377274
  endloop
endfacet
facet normal 0.543425 -0.674405 -0.499867
  outer loop
    vertex 2.780841161541153 -0.4088552719019412 -0.3640349901030684
    vertex 2.79613460324204 -0.4587841544024471 -0.280046435126353
    vertex 2.701182610586061 -0.5111031559596459 -0.3126851691948333
  endloop
endfacet
facet normal 0.531854 -0.018787 0.846627
  outer loop
    vertex 0.7786130242753964 -0.1160175156201808 1.844045604698878
    vertex 0.8498115092467102 -0.03552570893417581 1.801104603578669
    vertex 0.7735751200248724 0.03670188792566079 1.850599335451687
  endloop
endfacet
facet normal 0.539759 0.837804 0.0821242
  outer loop
    vertex 0.8727938955407046 1.78042034054122 0.1476246096795146
    vertex 0.7587266542863753 1.856946871130269 0.1166305705821284
    vertex 0.7655516206180168 1.84005939618086 0.244054081965618
  endloop
endfacet
facet normal 0.546188 -0.430316 -0.718684
  outer loop
    vertex 0.9309298985272989 -0.9486968568652066 -1.469078809769866
    vertex 0.8780854367558444 -0.8678906574575066 -1.557622845146327
    vertex 0.9813335803392811 -0.8273721229690341 -1.503416680211235
  endloop
endfacet
facet normal 0.554993 0.0158619 0.831704
  outer loop
    vertex 0.7735751200248724 0.03670188792566079 1.850599335451687
    vertex 0.8498115092467102 -0.03552570893417581 1.801104603578669
    vertex 0.8591674298148293 0.1080895417454829 1.7921224659188
  endloop
endfacet
facet normal 0.556209 0.142321 -0.818765
  outer loop
    vertex 3.194362535364665 -0.001340964739830337 -0.2788879320959994
    vertex 3.17263488090699 0.09657429883563924 -0.2766281137694431
    vertex 3.26188395368363 0.08994682913867828 -0.2171508547990504
  endloop
endfacet
facet normal 0.529187 -0.638372 -0.558965
  outer loop
    vertex 0.7816015779623453 -1.331848904310709 -1.277878939429624
    vertex 0.8529836198178065 -1.36468131637535 -1.172803084900838
    vertex 0.7649540827092842 -1.456438425947063 -1.151350855971449
  endloop
endfacet
facet normal 0.535116 0.0179626 0.844588
  outer loop
    vertex 0.8591674298148293 0.1080895417454829 1.7921224659188
    vertex 0.8498115092467102 -0.03552570893417581 1.801104603578669
    vertex 0.9417148871970102 0.02443328440343681 1.741601012465421
  endloop
endfacet
facet normal 0.551534 -0.477523 -0.683946
  outer loop
    vertex 0.9631631747291379 -1.047667282922455 -1.373985929269187
    vertex 0.8643503153527299 -1.054914828620485 -1.448608492711054
    vertex 0.9309298985272989 -0.9486968568652066 -1.469078809769866
  endloop
endfacet
facet normal 0.538366 0.113785 0.834994
  outer loop
    vertex 0.7690881593703416 0.1892542198467821 1.844191730806869
    vertex 0.8545650165112946 0.2631902845517232 1.779004851126302
    vertex 0.7578176722953029 0.3156542463695718 1.83423382918813
  endloop
endfacet
facet normal 0.568855 0.144915 -0.80957
  outer loop
    vertex 3.086711438360923 0.0554544214268156 -0.344363888530994
    vertex 3.17263488090699 0.09657429883563924 -0.2766281137694431
    vertex 3.194362535364665 -0.001340964739830337 -0.2788879320959994
  endloop
endfacet
facet normal 0.567608 -0.396792 -0.721371
  outer loop
    vertex 3.095179138378668 -0.1214796463488817 -0.3210895984401825
    vertex 3.087071527419714 -0.2070905025462437 -0.2803785467377434
    vertex 3.010773480426951 -0.196657499447221 -0.3461520839192926
  endloop
endfacet
facet normal 0.529019 -0.84852 0.0123598
  outer loop
    vertex 3.205061141816442 -0.2681630270709066 0.04518647023469964
    vertex 3.112916368288544 -0.327080596402099 -0.05566022253067849
    vertex 3.325399999944 -0.193794736807 -1.353261414255307e-15
  endloop
endfacet
facet normal 0.529019 -0.591255 -0.608734
  outer loop
    vertex 3.325399999944 -0.1370335725544909 -0.1370335725544929
    vertex 3.112916359820699 -0.2706386337417796 -0.1919231890374082
    vertex 3.205061141816442 -0.1576682353845065 -0.221571554426192
  endloop
endfacet
facet normal 0.557124 0.193798 0.8075
  outer loop
    vertex 3.224909654946206 0.09913555744091214 0.2393344072872678
    vertex 3.117089243074212 0.05325318400569434 0.3247353253150387
    vertex 3.325399999944 -3.754131767316246e-16 0.193794736807
  endloop
endfacet
facet normal 0.529397 -0.0148437 0.848244
  outer loop
    vertex 3.325399999944 -3.754131767316246e-16 0.193794736807
    vertex 3.117089243074212 0.05325318400569434 0.3247353253150387
    vertex 3.20470034534998 -0.04562709711089526 0.268326076770822
  endloop
endfacet
facet normal 0.580087 -0.751857 0.313386
  outer loop
    vertex 3.325399999944 -0.1370335725544924 0.1370335725544914
    vertex 3.095183627376534 -0.3129408430535306 0.1411448259454021
    vertex 3.205061141816442 -0.2681630270709066 0.04518647023469964
  endloop
endfacet
facet normal 0.542873 -0.69962 0.464565
  outer loop
    vertex 3.188729146979628 -0.2048687002558637 0.1945842751166854
    vertex 3.095183627376534 -0.3129408430535306 0.1411448259454021
    vertex 3.325399999944 -0.1370335725544924 0.1370335725544914
  endloop
endfacet
facet normal 0.557255 -0.807361 -0.193995
  outer loop
    vertex 3.325399999944 -0.193794736807 -1.353261414255307e-15
    vertex 3.112916368288544 -0.327080596402099 -0.05566022253067849
    vertex 3.224909654946206 -0.2393344072872672 -0.09913555744091421
  endloop
endfacet
facet normal 0.557255 -0.708066 -0.433715
  outer loop
    vertex 3.224909654946206 -0.2393344072872672 -0.09913555744091421
    vertex 3.112916359820699 -0.2706386337417796 -0.1919231890374082
    vertex 3.325399999944 -0.1370335725544909 -0.1370335725544929
  endloop
endfacet
facet normal 0.580086 -0.310045 -0.753241
  outer loop
    vertex 3.205061141816442 -0.1576682353845065 -0.221571554426192
    vertex 3.095179138378668 -0.1214796463488817 -0.3210895984401825
    vertex 3.325399999944 1.083208454424028e-15 -0.193794736807
  endloop
endfacet
facet normal 0.539208 -0.154333 -0.82791
  outer loop
    vertex 3.325399999944 1.083208454424028e-15 -0.193794736807
    vertex 3.095179138378668 -0.1214796463488817 -0.3210895984401825
    vertex 3.194362535364665 -0.001340964739830337 -0.2788879320959994
  endloop
endfacet
facet normal 0.532766 -0.814404 0.230014
  outer loop
    vertex 3.095183627376534 -0.3129408430535306 0.1411448259454021
    vertex 3.00972338855557 -0.3964122400047869 0.04354555495566505
    vertex 3.205061141816442 -0.2681630270709066 0.04518647023469964
  endloop
endfacet
facet normal 0.542273 -0.83989 -0.0229035
  outer loop
    vertex 3.00972338855557 -0.3964122400047869 0.04354555495566505
    vertex 2.909335327926938 -0.4580164592472818 -0.07420927359186608
    vertex 3.112916368288544 -0.327080596402099 -0.05566022253067849
  endloop
endfacet
facet normal 0.539939 -0.804401 -0.247798
  outer loop
    vertex 3.112916368288544 -0.327080596402099 -0.05566022253067849
    vertex 2.909335327926938 -0.4580164592472818 -0.07420927359186608
    vertex 2.996417237799768 -0.3696099794084847 -0.1714470303601535
  endloop
endfacet
facet normal -0.657169 0.746979 0.100749
  outer loop
    vertex 0.5008518559869243 1.942571724149493 0.1502414279931828
    vertex 0.374309397871 1.829612274787259 0.162336576124398
    vertex 0.5060618753980595 1.931457580085625 0.2666287939469913
  endloop
endfacet
facet normal -0.671922 0.0163841 -0.740441
  outer loop
    vertex 0.374309397871 -0.04063384968297799 -1.836350492215454
    vertex 0.374309397871 0.1218220063799942 -1.832755749891827
    vertex 0.4985013103499646 0.05098638695577468 -1.947022557693942
  endloop
endfacet
facet normal -0.672918 -0.739717 -1.0108e-15
  outer loop
    vertex 0.374309397871 -1.835002188871888 0.08124781126517423
    vertex 0.374309397871 -1.835002188871887 -0.08124781126517705
    vertex 0.4980101665695879 -1.947532385821686 -0.006514189267090571
  endloop
endfacet
facet normal -0.628276 0.732032 0.263436
  outer loop
    vertex 0.374309397871 1.829612274787259 0.162336576124398
    vertex 0.5008518559869243 1.942571724149493 0.1502414279931828
    vertex 0.4046987217085576 1.884445340087443 0.0824435613897798
  endloop
endfacet
facet normal 0.14881 0.984996 0.0873985
  outer loop
    vertex 0.6608000000000001 1.917451559767896 0.1610129061400405
    vertex 0.5008518559869243 1.942571724149493 0.1502414279931828
    vertex 0.5060618753980595 1.931457580085625 0.2666287939469913
  endloop
endfacet
facet normal -0.00764092 -0.995519 -0.0942487
  outer loop
    vertex 0.4710346174001267 -1.929636251133561 0.1712114345160721
    vertex 0.6608000000000001 -1.922512149676223 0.0805771329057331
    vertex 0.5493916607326474 -1.938534635794145 0.2588497533791665
  endloop
endfacet
facet normal 0.0946471 0.0610733 0.993636
  outer loop
    vertex 0.5061200219752573 -0.1408700753567128 1.944693425568607
    vertex 0.6608000000000001 -0.0402974043395507 1.923777991142298
    vertex 0.4710346174001078 0.04285528166370191 1.936742843495574
  endloop
endfacet
facet normal -0.00647758 0.117247 -0.993082
  outer loop
    vertex 0.4710346174001261 -0.1284819537647731 -1.932951578429894
    vertex 0.6608000000000001 -0.04029740433955416 -1.923777991142298
    vertex 0.5492404214927681 -0.2159015550978859 -1.943782750734652
  endloop
endfacet
facet normal 0.103527 0.229389 -0.967814
  outer loop
    vertex 0.6608000000000001 0.4393927442669257 -1.873360524908535
    vertex 0.4866316590347357 0.3756789043606357 -1.907092561305567
    vertex 0.4881909744811215 0.5368435000099993 -1.868726957093611
  endloop
endfacet
facet normal 0.101982 -0.97327 -0.205778
  outer loop
    vertex 0.6608000000000001 -1.88215161333199 -0.400063675471527
    vertex 0.4858564008447022 -1.914952801068809 -0.3316245009567131
    vertex 0.4879336367612214 -1.880376289688679 -0.4941320777138124
  endloop
endfacet
facet normal 0.0971473 -0.987617 -0.123184
  outer loop
    vertex 0.6608000000000001 -1.909027108269319 -0.2411662080244275
    vertex 0.4843308029741241 -1.935803343999392 -0.1656595884018536
    vertex 0.4858564008447022 -1.914952801068809 -0.3316245009567131
  endloop
endfacet
facet normal 0.0913431 -0.989332 0.113485
  outer loop
    vertex 0.4980101665695879 -1.947532385821686 -0.006514189267090571
    vertex 0.6608000000000001 -1.922512149676223 0.0805771329057331
    vertex 0.4710346174001267 -1.929636251133561 0.1712114345160721
  endloop
endfacet
facet normal 0.118782 -0.979016 -0.165588
  outer loop
    vertex 0.6608000000000001 -1.88215161333199 -0.400063675471527
    vertex 0.6608000000000001 -1.909027108269319 -0.2411662080244275
    vertex 0.4858564008447022 -1.914952801068809 -0.3316245009567131
  endloop
endfacet
facet normal 0.100717 0.148695 -0.983741
  outer loop
    vertex 0.6608000000000001 0.2810929635597958 -1.903557823087382
    vertex 0.4862877585175913 0.2084338539749447 -1.932407305907754
    vertex 0.4866316590347357 0.3756789043606357 -1.907092561305567
  endloop
endfacet
facet normal 0.120806 0.186009 -0.975093
  outer loop
    vertex 0.6608000000000001 0.4393927442669257 -1.873360524908535
    vertex 0.6608000000000001 0.2810929635597958 -1.903557823087382
    vertex 0.4866316590347357 0.3756789043606357 -1.907092561305567
  endloop
endfacet
facet normal 0.104716 0.318362 -0.942168
  outer loop
    vertex 0.6608000000000001 0.5946105005762775 -1.830022948655133
    vertex 0.4881909744811215 0.5368435000099993 -1.868726957093611
    vertex 0.48693518491624 0.6936248412637386 -1.815889569700925
  endloop
endfacet
facet normal -0.671845 0.0166217 -0.740505
  outer loop
    vertex 0.4985013103499646 0.05098638695577468 -1.947022557693942
    vertex 0.374309397871 0.1218220063799942 -1.832755749891827
    vertex 0.4862877585175913 0.2084338539749447 -1.932407305907754
  endloop
endfacet
facet normal 0.104224 -0.94952 -0.295886
  outer loop
    vertex 0.6608000000000001 -1.842074177151205 -0.5561549836805478
    vertex 0.4879336367612214 -1.880376289688679 -0.4941320777138124
    vertex 0.4871187592018329 -1.830943357561334 -0.6530528286219993
  endloop
endfacet
facet normal -0.656783 0.747446 0.0998054
  outer loop
    vertex 0.374309397871 1.829612274787259 0.162336576124398
    vertex 0.374309397871 1.808105352844303 0.3234026484365587
    vertex 0.5060618753980595 1.931457580085625 0.2666287939469913
  endloop
endfacet
facet normal 0.0905072 -0.0916026 -0.991674
  outer loop
    vertex 0.4985013103499646 0.05098638695577468 -1.947022557693942
    vertex 0.6608000000000001 -0.04029740433955416 -1.923777991142298
    vertex 0.4710346174001261 -0.1284819537647731 -1.932951578429894
  endloop
endfacet
facet normal 0.124982 0.266811 -0.95561
  outer loop
    vertex 0.6608000000000001 0.5946105005762775 -1.830022948655133
    vertex 0.6608000000000001 0.4393927442669257 -1.873360524908535
    vertex 0.4881909744811215 0.5368435000099993 -1.868726957093611
  endloop
endfacet
facet normal -0.684366 -0.7285 -0.0305179
  outer loop
    vertex 0.374309397871 -1.835002188871888 0.08124781126517423
    vertex 0.4980101665695879 -1.947532385821686 -0.006514189267090571
    vertex 0.4710346174001267 -1.929636251133561 0.1712114345160721
  endloop
endfacet
facet normal -0.00407098 -0.163117 0.986598
  outer loop
    vertex 0.4710346174001078 0.04285528166370191 1.936742843495574
    vertex 0.6608000000000001 -0.0402974043395507 1.923777991142298
    vertex 0.5490204644326409 0.1297098395621917 1.951424552420353
  endloop
endfacet
facet normal 0.124408 -0.961058 -0.246758
  outer loop
    vertex 0.6608000000000001 -1.842074177151205 -0.5561549836805478
    vertex 0.6608000000000001 -1.88215161333199 -0.400063675471527
    vertex 0.4879336367612214 -1.880376289688679 -0.4941320777138124
  endloop
endfacet
facet normal -0.656617 -0.0500224 0.752564
  outer loop
    vertex 0.374309397871 -0.04063384968297509 1.836350492215454
    vertex 0.374309397871 -0.2027716907787688 1.825573302121479
    vertex 0.5061200219752573 -0.1408700753567128 1.944693425568607
  endloop
endfacet
facet normal -0.67407 -0.738659 0.00350054
  outer loop
    vertex 0.4980101665695879 -1.947532385821686 -0.006514189267090571
    vertex 0.374309397871 -1.835002188871887 -0.08124781126517705
    vertex 0.4843308029741241 -1.935803343999392 -0.1656595884018536
  endloop
endfacet
facet normal 0.114637 -0.989923 -0.0831262
  outer loop
    vertex 0.6608000000000001 -1.909027108269319 -0.2411662080244275
    vertex 0.6608000000000001 -1.922512149676223 -0.08057713290571897
    vertex 0.4843308029741241 -1.935803343999392 -0.1656595884018536
  endloop
endfacet
facet normal -0.683885 0.0475843 -0.728036
  outer loop
    vertex 0.374309397871 -0.04063384968297799 -1.836350492215454
    vertex 0.4985013103499646 0.05098638695577468 -1.947022557693942
    vertex 0.4710346174001261 -0.1284819537647731 -1.932951578429894
  endloop
endfacet
facet normal 0.132832 0.956756 0.258793
  outer loop
    vertex 0.5008518559869243 1.942571724149493 0.1502414279931828
    vertex 0.6608000000000001 1.917451559767896 0.1610129061400405
    vertex 0.6098277170322586 1.94601892431942 0.08156235867136129
  endloop
endfacet
facet normal 0.121412 0.345993 -0.930348
  outer loop
    vertex 0.6608000000000001 0.7456574914511404 -1.773849076286591
    vertex 0.6608000000000001 0.5946105005762775 -1.830022948655133
    vertex 0.48693518491624 0.6936248412637386 -1.815889569700925
  endloop
endfacet
facet normal 0.122035 -0.937318 -0.326409
  outer loop
    vertex 0.6608000000000001 -1.789075914146175 -0.7083452642758532
    vertex 0.6608000000000001 -1.842074177151205 -0.5561549836805478
    vertex 0.4871187592018329 -1.830943357561334 -0.6530528286219993
  endloop
endfacet
facet normal 0.120015 0.103773 -0.987334
  outer loop
    vertex 0.6608000000000001 0.2810929635597958 -1.903557823087382
    vertex 0.6608000000000001 0.120821517678308 -1.92040303084168
    vertex 0.4862877585175913 0.2084338539749447 -1.932407305907754
  endloop
endfacet
facet normal 0.267138 -0.960279 0.0806368
  outer loop
    vertex 0.6608000000000001 -1.922512149676223 0.0805771329057331
    vertex 0.6608000000000001 -1.909027108269317 0.2411662080244416
    vertex 0.5493916607326474 -1.938534635794145 0.2588497533791665
  endloop
endfacet
facet normal -0.65213 -0.0648907 0.755325
  outer loop
    vertex 0.374309397871 -0.2027716907787688 1.825573302121479
    vertex 0.4988062251585654 -0.2975572219705112 1.924917739799573
    vertex 0.5061200219752573 -0.1408700753567128 1.944693425568607
  endloop
endfacet
facet normal -0.505838 0.861101 -0.0513184
  outer loop
    vertex 0.495046875842958 1.941779983823786 -0.1372985809333897
    vertex 0.467174763111515 1.918323853309857 -0.2561510365416163
    vertex 0.4201810659236667 1.898987576257688 -0.1173956725178653
  endloop
endfacet
facet normal 0.267666 -0.0604994 -0.96161
  outer loop
    vertex 0.6608000000000001 -0.04029740433955416 -1.923777991142298
    vertex 0.6608000000000001 -0.2011336690196177 -1.913659031067632
    vertex 0.5492404214927681 -0.2159015550978859 -1.943782750734652
  endloop
endfacet
facet normal -0.696743 -0.67471 -0.243549
  outer loop
    vertex 0.374309397871 -1.693068196039987 -0.7122880902822274
    vertex 0.471034617399979 -1.750650300471939 -0.8294775117235381
    vertex 0.4871187592018329 -1.830943357561334 -0.6530528286219993
  endloop
endfacet
facet normal -0.696929 0.258711 -0.668849
  outer loop
    vertex 0.374309397871 0.7495679789687902 -1.676896563567545
    vertex 0.4710346173999788 0.8680025577591371 -1.731872101721475
    vertex 0.48693518491624 0.6936248412637386 -1.815889569700925
  endloop
endfacet
facet normal -0.675075 -0.09727 0.731308
  outer loop
    vertex 0.374309397871 -0.04063384968297509 1.836350492215454
    vertex 0.5061200219752573 -0.1408700753567128 1.944693425568607
    vertex 0.4710346174001078 0.04285528166370191 1.936742843495574
  endloop
endfacet
facet normal -0.671359 -0.114319 0.732263
  outer loop
    vertex 0.374309397871 -0.2027716907787688 1.825573302121479
    vertex 0.374309397871 -0.3633225684661998 1.800508525734639
    vertex 0.4988062251585654 -0.2975572219705112 1.924917739799573
  endloop
endfacet
facet normal 0.118602 0.100894 -0.987803
  outer loop
    vertex 0.6608000000000001 0.120821517678308 -1.92040303084168
    vertex 0.4985013103499646 0.05098638695577468 -1.947022557693942
    vertex 0.4862877585175913 0.2084338539749447 -1.932407305907754
  endloop
endfacet
facet normal 0.268852 0.0201714 0.96297
  outer loop
    vertex 0.6608000000000001 -0.0402974043395507 1.923777991142298
    vertex 0.6608000000000001 0.1208215176783089 1.92040303084168
    vertex 0.5490204644326409 0.1297098395621917 1.951424552420353
  endloop
endfacet
facet normal 0.114483 -0.989968 -0.0828013
  outer loop
    vertex 0.6608000000000001 -1.922512149676223 -0.08057713290571897
    vertex 0.4980101665695879 -1.947532385821686 -0.006514189267090571
    vertex 0.4843308029741241 -1.935803343999392 -0.1656595884018536
  endloop
endfacet
facet normal 0.0365789 -0.322669 -0.945805
  outer loop
    vertex 0.6608000000000001 -0.3605591255258505 -1.890117127852143
    vertex 0.4774779339698538 -0.305990621313537 -1.915823568516357
    vertex 0.5492404214927681 -0.2159015550978859 -1.943782750734652
  endloop
endfacet
facet normal -0.672452 0.738793 0.0446424
  outer loop
    vertex 0.374309397871 1.808105352844303 0.3234026484365587
    vertex 0.4710346173999802 1.889999842586467 0.4251000023767273
    vertex 0.5060618753980595 1.931457580085625 0.2666287939469913
  endloop
endfacet
facet normal 0.172711 0.977206 0.12345
  outer loop
    vertex 0.6608000000000001 1.897253574531066 0.3208964224311229
    vertex 0.6608000000000001 1.917451559767896 0.1610129061400405
    vertex 0.5060618753980595 1.931457580085625 0.2666287939469913
  endloop
endfacet
facet normal 0.153854 -0.144344 0.977494
  outer loop
    vertex 0.6608000000000001 -0.3605591255258462 1.890117127852144
    vertex 0.6608000000000001 -0.2011336690196139 1.913659031067632
    vertex 0.4988062251585654 -0.2975572219705112 1.924917739799573
  endloop
endfacet
facet normal 0.135773 -0.0105688 -0.990684
  outer loop
    vertex 0.4774779339698538 -0.305990621313537 -1.915823568516357
    vertex 0.6608000000000001 -0.3605591255258505 -1.890117127852143
    vertex 0.5789585682016227 -0.4558608191100104 -1.900316800542248
  endloop
endfacet
facet normal 0.14588 -0.130578 0.980647
  outer loop
    vertex 0.4988062251585654 -0.2975572219705112 1.924917739799573
    vertex 0.6608000000000001 -0.2011336690196139 1.913659031067632
    vertex 0.5061200219752573 -0.1408700753567128 1.944693425568607
  endloop
endfacet
facet normal -0.683136 -0.0799838 0.725898
  outer loop
    vertex 0.374309397871 -0.3633225684661998 1.800508525734639
    vertex 0.4710346173999798 -0.4668067117322515 1.880133216258701
    vertex 0.4988062251585654 -0.2975572219705112 1.924917739799573
  endloop
endfacet
facet normal -0.826387 0.562551 -0.0249079
  outer loop
    vertex 0.374309397871 1.829612274787259 -0.1623365761244011
    vertex 0.374309397871 1.8368 -8.157030606526e-16
    vertex 0.4201810659236667 1.898987576257688 -0.1173956725178653
  endloop
endfacet
facet normal 0.443399 0.895538 0.0375342
  outer loop
    vertex 0.6608000000000001 1.917451559767896 0.1610129061400405
    vertex 0.6608000000000001 1.9242 -8.545164575935e-16
    vertex 0.6098277170322586 1.94601892431942 0.08156235867136129
  endloop
endfacet
facet normal 0.394878 0.917927 -0.0384726
  outer loop
    vertex 0.6608000000000001 1.9242 -8.545164575935e-16
    vertex 0.6608000000000001 1.917451559767896 -0.1610129061400413
    vertex 0.592318620280079 1.949375827635381 -0.1022089303818057
  endloop
endfacet
facet normal -0.241672 -0.891311 -0.383614
  outer loop
    vertex 0.4871187592018329 -1.830943357561334 -0.6530528286219993
    vertex 0.471034617399979 -1.750650300471939 -0.8294775117235381
    vertex 0.5500809382536375 -1.804565946190728 -0.7540049234577773
  endloop
endfacet
facet normal -0.240142 0.403498 -0.882905
  outer loop
    vertex 0.48693518491624 0.6936248412637386 -1.815889569700925
    vertex 0.4710346173999788 0.8680025577591371 -1.731872101721475
    vertex 0.550621829960977 0.7938609082132484 -1.787402721865338
  endloop
endfacet
facet normal -0.860132 0.509572 0.0225622
  outer loop
    vertex 0.374309397871 1.8368 -8.157030606526e-16
    vertex 0.374309397871 1.829612274787259 0.162336576124398
    vertex 0.4046987217085576 1.884445340087443 0.0824435613897798
  endloop
endfacet
facet normal -0.766177 0.618835 -0.173251
  outer loop
    vertex 0.467174763111515 1.918323853309857 -0.2561510365416163
    vertex 0.374309397871 1.829612274787259 -0.1623365761244011
    vertex 0.4201810659236667 1.898987576257688 -0.1173956725178653
  endloop
endfacet
facet normal -0.69418 -0.675174 -0.249509
  outer loop
    vertex 0.374309397871 -1.749395014872215 -0.559867235994607
    vertex 0.374309397871 -1.693068196039987 -0.7122880902822274
    vertex 0.4871187592018329 -1.830943357561334 -0.6530528286219993
  endloop
endfacet
facet normal -0.694553 0.264252 -0.669154
  outer loop
    vertex 0.374309397871 0.5984304924131381 -1.736581465336472
    vertex 0.374309397871 0.7495679789687902 -1.676896563567545
    vertex 0.48693518491624 0.6936248412637386 -1.815889569700925
  endloop
endfacet
facet normal -0.682181 -0.699172 -0.213982
  outer loop
    vertex 0.4879336367612214 -1.880376289688679 -0.4941320777138124
    vertex 0.374309397871 -1.749395014872215 -0.559867235994607
    vertex 0.4871187592018329 -1.830943357561334 -0.6530528286219993
  endloop
endfacet
facet normal -0.682238 0.228584 -0.694478
  outer loop
    vertex 0.4881909744811215 0.5368435000099993 -1.868726957093611
    vertex 0.374309397871 0.5984304924131381 -1.736581465336472
    vertex 0.48693518491624 0.6936248412637386 -1.815889569700925
  endloop
endfacet
facet normal -0.696208 0.0792452 -0.713453
  outer loop
    vertex 0.374309397871 0.1218220063799942 -1.832755749891827
    vertex 0.374309397871 0.2833244400706621 -1.81481720888321
    vertex 0.4862877585175913 0.2084338539749447 -1.932407305907754
  endloop
endfacet
facet normal -0.683606 0.110602 -0.721422
  outer loop
    vertex 0.4862877585175913 0.2084338539749447 -1.932407305907754
    vertex 0.374309397871 0.2833244400706621 -1.81481720888321
    vertex 0.4866316590347357 0.3756789043606357 -1.907092561305567
  endloop
endfacet
facet normal -0.692748 -0.695913 -0.189222
  outer loop
    vertex 0.374309397871 -1.792030445795644 -0.4030646614892758
    vertex 0.374309397871 -1.749395014872215 -0.559867235994607
    vertex 0.4879336367612214 -1.880376289688679 -0.4941320777138124
  endloop
endfacet
facet normal -0.692272 0.204701 -0.691995
  outer loop
    vertex 0.374309397871 0.4426094758723038 -1.78267526259497
    vertex 0.374309397871 0.5984304924131381 -1.736581465336472
    vertex 0.4881909744811215 0.5368435000099993 -1.868726957093611
  endloop
endfacet
facet normal 0.267342 0.105454 0.957814
  outer loop
    vertex 0.6608000000000001 0.2810929635597955 1.903557823087381
    vertex 0.5495704176255143 0.3016715085604624 1.932338223376475
    vertex 0.5490204644326409 0.1297098395621917 1.951424552420353
  endloop
endfacet
facet normal -0.700081 -0.711269 -0.063109
  outer loop
    vertex 0.374309397871 -1.835002188871887 -0.08124781126517705
    vertex 0.374309397871 -1.820640808756044 -0.2431075595125253
    vertex 0.4843308029741241 -1.935803343999392 -0.1656595884018536
  endloop
endfacet
facet normal -0.681876 0.175631 -0.71007
  outer loop
    vertex 0.4866316590347357 0.3756789043606357 -1.907092561305567
    vertex 0.374309397871 0.4426094758723038 -1.78267526259497
    vertex 0.4881909744811215 0.5368435000099993 -1.868726957093611
  endloop
endfacet
facet normal -0.682775 -0.712806 -0.16039
  outer loop
    vertex 0.4858564008447022 -1.914952801068809 -0.3316245009567131
    vertex 0.374309397871 -1.792030445795644 -0.4030646614892758
    vertex 0.4879336367612214 -1.880376289688679 -0.4941320777138124
  endloop
endfacet
facet normal -0.686317 -0.720823 -0.0968674
  outer loop
    vertex 0.4843308029741241 -1.935803343999392 -0.1656595884018536
    vertex 0.374309397871 -1.820640808756044 -0.2431075595125253
    vertex 0.4858564008447022 -1.914952801068809 -0.3316245009567131
  endloop
endfacet
facet normal 0.173123 -0.0618424 0.982957
  outer loop
    vertex 0.6608000000000001 -0.2011336690196139 1.913659031067632
    vertex 0.6608000000000001 -0.0402974043395507 1.923777991142298
    vertex 0.5061200219752573 -0.1408700753567128 1.944693425568607
  endloop
endfacet
facet normal 0.273477 0.100544 0.956609
  outer loop
    vertex 0.6608000000000001 0.1208215176783089 1.92040303084168
    vertex 0.6608000000000001 0.2810929635597955 1.903557823087381
    vertex 0.5490204644326409 0.1297098395621917 1.951424552420353
  endloop
endfacet
facet normal -0.695491 0.142128 -0.704338
  outer loop
    vertex 0.374309397871 0.2833244400706621 -1.81481720888321
    vertex 0.374309397871 0.4426094758723038 -1.78267526259497
    vertex 0.4866316590347357 0.3756789043606357 -1.907092561305567
  endloop
endfacet
facet normal -0.696996 -0.705872 -0.126254
  outer loop
    vertex 0.374309397871 -1.820640808756044 -0.2431075595125253
    vertex 0.374309397871 -1.792030445795644 -0.4030646614892758
    vertex 0.4858564008447022 -1.914952801068809 -0.3316245009567131
  endloop
endfacet
facet normal 0.269967 0.93846 -0.21543
  outer loop
    vertex 0.5521602129122944 1.923067327836581 -0.3562625357984098
    vertex 0.6608000000000001 1.863747718643712 -0.4785290808826138
    vertex 0.552048980991133 1.886114441708681 -0.517376584394592
  endloop
endfacet
facet normal -0.720563 0.682341 -0.123288
  outer loop
    vertex 0.374309397871 1.808105352844302 -0.3234026484365628
    vertex 0.467174763111515 1.918323853309857 -0.2561510365416163
    vertex 0.4676281036806555 1.888113540136526 -0.4260009683514233
  endloop
endfacet
facet normal 0.266994 -0.948901 0.168231
  outer loop
    vertex 0.6608000000000001 -1.882151613331987 0.40006367547154
    vertex 0.5502718978630166 -1.908090949533272 0.4291690659992717
    vertex 0.5493916607326474 -1.938534635794145 0.2588497533791665
  endloop
endfacet
facet normal -0.720061 0.66938 -0.182874
  outer loop
    vertex 0.374309397871 1.772447554995496 -0.4819376565391918
    vertex 0.4676281036806555 1.888113540136526 -0.4260009683514233
    vertex 0.4677798424521655 1.843082144967991 -0.5914284972856674
  endloop
endfacet
facet normal 0.275388 -0.140434 -0.95102
  outer loop
    vertex 0.6608000000000001 -0.2011336690196177 -1.913659031067632
    vertex 0.6608000000000001 -0.3605591255258505 -1.890117127852143
    vertex 0.5492404214927681 -0.2159015550978859 -1.943782750734652
  endloop
endfacet
facet normal 0.267034 0.189005 0.944971
  outer loop
    vertex 0.6608000000000001 0.4393927442669269 1.873360524908534
    vertex 0.5505608357704717 0.4712763500552143 1.898135347043164
    vertex 0.5495704176255143 0.3016715085604624 1.932338223376475
  endloop
endfacet
facet normal -0.719831 0.650847 -0.241331
  outer loop
    vertex 0.374309397871 1.722917951855637 -0.6367008490441769
    vertex 0.4677798424521655 1.843082144967991 -0.5914284972856674
    vertex 0.4678838556693973 1.783663132780247 -0.7519864670570886
  endloop
endfacet
facet normal -0.719628 0.627168 -0.297985
  outer loop
    vertex 0.374309397871 1.659904179724013 -0.7864809941344747
    vertex 0.4678838556693973 1.783663132780247 -0.7519864670570886
    vertex 0.4679910261172407 1.71030756783453 -0.9066365946951181
  endloop
endfacet
facet normal -0.719402 0.598575 -0.352375
  outer loop
    vertex 0.374309397871 1.583899406804783 -0.9301058590953274
    vertex 0.4679910261172407 1.71030756783453 -0.9066365946951181
    vertex 0.4681166241917553 1.62358783190766 -1.054202643484873
  endloop
endfacet
facet normal -0.719135 0.565304 -0.404074
  outer loop
    vertex 0.374309397871 1.49549847349712 -1.066451384624627
    vertex 0.4681166241917553 1.62358783190766 -1.054202643484873
    vertex 0.468265951940475 1.524184273726288 -1.193535207272638
  endloop
endfacet
facet normal -0.718159 0.527145 -0.454274
  outer loop
    vertex 0.374309397871 1.395393236962572 -1.194450482121011
    vertex 0.468265951940475 1.524184273726288 -1.193535207272638
    vertex 0.4691492283220428 1.413357757732568 -1.323535990399125
  endloop
endfacet
facet normal -0.718608 0.4883 -0.495142
  outer loop
    vertex 0.374309397871 1.284367156404717 -1.313101385098981
    vertex 0.4691492283220428 1.413357757732568 -1.323535990399125
    vertex 0.4677354376361352 1.290341331163583 -1.442800727411067
  endloop
endfacet
facet normal -0.720654 0.439994 -0.535782
  outer loop
    vertex 0.374309397871 1.163289161438645 -1.421475489369892
    vertex 0.4677354376361352 1.290341331163583 -1.442800727411067
    vertex 0.466970872104172 1.15663907318253 -1.551571075841438
  endloop
endfacet
facet normal -0.721839 0.389313 -0.572175
  outer loop
    vertex 0.374309397871 1.033106851538578 -1.518724620628785
    vertex 0.466970872104172 1.15663907318253 -1.551571075841438
    vertex 0.4665173334456219 1.013825634394439 -1.648170520714777
  endloop
endfacet
facet normal -0.718213 0.329523 -0.612849
  outer loop
    vertex 0.374309397871 0.8948390797871835 -1.604087672568313
    vertex 0.4665173334456219 1.013825634394439 -1.648170520714777
    vertex 0.4710346173999788 0.8680025577591371 -1.731872101721475
  endloop
endfacet
facet normal -0.716732 -0.692144 0.0850464
  outer loop
    vertex 0.374309397871 -1.820640808756045 0.2431075595125233
    vertex 0.4710346174001267 -1.929636251133561 0.1712114345160721
    vertex 0.4677525326598904 -1.905402373162121 0.3407772405168856
  endloop
endfacet
facet normal -0.706795 -0.0933187 -0.701236
  outer loop
    vertex 0.374309397871 -0.2027716907787713 -1.825573302121478
    vertex 0.4710346174001261 -0.1284819537647731 -1.932951578429894
    vertex 0.4774779339698538 -0.305990621313537 -1.915823568516357
  endloop
endfacet
facet normal -0.716755 0.0388985 0.69624
  outer loop
    vertex 0.374309397871 0.1218220063799975 1.832755749891827
    vertex 0.4710346174001078 0.04285528166370191 1.936742843495574
    vertex 0.4677269827004792 0.2136636981681372 1.923794783020212
  endloop
endfacet
facet normal -0.722402 -0.362703 0.588712
  outer loop
    vertex 0.374309397871 -0.9649174012256256 1.562935906815115
    vertex 0.4666324582573579 -1.085643682472997 1.601845730083655
    vertex 0.4663185759520516 -0.9390502089399607 1.691776147906851
  endloop
endfacet
facet normal -0.721835 -0.545479 -0.425918
  outer loop
    vertex 0.374309397871 -1.446862005389986 -1.131558472797084
    vertex 0.4669400434789979 -1.472282081797148 -1.255990723974998
    vertex 0.4666166128062044 -1.577682460018814 -1.120454937876614
  endloop
endfacet
facet normal -0.723377 -0.252281 0.642714
  outer loop
    vertex 0.374309397871 -0.6746595745906268 1.708411161990343
    vertex 0.4660822712662278 -0.78516751539786 1.768324830248398
    vertex 0.4659001638681896 -0.6252311210540176 1.830898794096769
  endloop
endfacet
facet normal -0.721135 0.104373 0.684887
  outer loop
    vertex 0.374309397871 0.2833244400706662 1.81481720888321
    vertex 0.4677269827004792 0.2136636981681372 1.923794783020212
    vertex 0.4664502811972943 0.3842068008263491 1.896460729030856
  endloop
endfacet
facet normal -0.723128 0.624751 0.294573
  outer loop
    vertex 0.374309397871 1.659904179724016 0.786480994134468
    vertex 0.4662203276359946 1.712325346785171 0.9009285272670627
    vertex 0.4660193712773314 1.785359820838371 0.7455387649729946
  endloop
endfacet
facet normal -0.719531 -0.547987 0.426598
  outer loop
    vertex 0.374309397871 -1.446862005389986 1.131558472797084
    vertex 0.4684024482005694 -1.575695094779437 1.124769940685856
    vertex 0.4674987774014338 -1.46939381297425 1.259795150487113
  endloop
endfacet
facet normal -0.718372 -0.583946 0.378086
  outer loop
    vertex 0.374309397871 -1.541207433113708 0.9992566677861369
    vertex 0.4688009498688193 -1.668766421129813 0.9817804238034957
    vertex 0.4684024482005694 -1.575695094779437 1.124769940685856
  endloop
endfacet
facet normal -0.71956 0.438441 0.538519
  outer loop
    vertex 0.374309397871 1.163289161438652 1.421475489369886
    vertex 0.4684348404323282 1.159389495461766 1.550419205020574
    vertex 0.4674497982987638 1.291867153596796 1.44124507930137
  endloop
endfacet
facet normal -0.7214 -0.461008 0.516771
  outer loop
    vertex 0.374309397871 -1.225027183040761 1.36862801403859
    vertex 0.4669240459799691 -1.351796971292397 1.384825360253663
    vertex 0.4670791400037181 -1.223680247622788 1.499333929779304
  endloop
endfacet
facet normal -0.719429 -0.612063 0.32833
  outer loop
    vertex 0.374309397871 -1.623490823027048 0.8591343245075005
    vertex 0.4674439061202416 -1.747651867716284 0.831751028004143
    vertex 0.4688009498688193 -1.668766421129813 0.9817804238034957
  endloop
endfacet
facet normal -0.719036 -0.184893 0.669926
  outer loop
    vertex 0.374309397871 -0.5210299544444373 1.761352328914243
    vertex 0.4659001638681896 -0.6252311210540176 1.830898794096769
    vertex 0.4710346173999798 -0.4668067117322515 1.880133216258701
  endloop
endfacet
facet normal -0.722786 0.166447 0.670728
  outer loop
    vertex 0.374309397871 0.4426094758723085 1.782675262594969
    vertex 0.4664502811972943 0.3842068008263491 1.896460729030856
    vertex 0.4660060236170569 0.5521163810197735 1.854313654231141
  endloop
endfacet
facet normal -0.722244 0.286698 0.629419
  outer loop
    vertex 0.374309397871 0.749567978968796 1.676896563567543
    vertex 0.4659133164253813 0.715095203279019 1.797712148565516
    vertex 0.4674169399071225 0.8707380349337612 1.728542848778139
  endloop
endfacet
facet normal -0.718337 0.390995 0.575426
  outer loop
    vertex 0.374309397871 1.033106851538586 1.51872462062878
    vertex 0.4688128750161326 1.018578483309673 1.64657051832133
    vertex 0.4684348404323282 1.159389495461766 1.550419205020574
  endloop
endfacet
facet normal -0.719487 0.341959 0.604485
  outer loop
    vertex 0.374309397871 0.8948390797871905 1.604087672568309
    vertex 0.4674169399071225 0.8707380349337612 1.728542848778139
    vertex 0.4688128750161326 1.018578483309673 1.64657051832133
  endloop
endfacet
facet normal -0.723492 0.648072 0.237827
  outer loop
    vertex 0.374309397871 1.722917951855639 0.6367008490441708
    vertex 0.4660193712773314 1.785359820838371 0.7455387649729946
    vertex 0.4658567780196758 1.844327073549734 0.5843602955265732
  endloop
endfacet
facet normal -0.720906 -0.46201 -0.516567
  outer loop
    vertex 0.374309397871 -1.225027183040761 -1.368628014038592
    vertex 0.4674824565563356 -1.227213128637058 -1.496702596020968
    vertex 0.4669891984765707 -1.355157210998865 -1.381582807373193
  endloop
endfacet
facet normal -0.720886 0.484444 0.495618
  outer loop
    vertex 0.374309397871 1.284367156404724 1.313101385098974
    vertex 0.4674497982987638 1.291867153596796 1.44124507930137
    vertex 0.4670241767830767 1.414813706761322 1.320451354858969
  endloop
endfacet
facet normal -0.72218 0.563596 0.401018
  outer loop
    vertex 0.374309397871 1.495498473497125 1.06645138462462
    vertex 0.4667321928601517 1.526380896772867 1.189490061837828
    vertex 0.4664593575435143 1.625781852134949 1.049299375474987
  endloop
endfacet
facet normal -0.721614 0.526196 0.44988
  outer loop
    vertex 0.374309397871 1.395393236962578 1.194450482121004
    vertex 0.4670241767830767 1.414813706761322 1.320451354858969
    vertex 0.4667321928601517 1.526380896772867 1.189490061837828
  endloop
endfacet
facet normal -0.723373 0.226152 0.65237
  outer loop
    vertex 0.374309397871 0.5984304924131435 1.73658146533647
    vertex 0.4660060236170569 0.5521163810197735 1.854313654231141
    vertex 0.4659133164253813 0.715095203279019 1.797712148565516
  endloop
endfacet
facet normal -0.722665 -0.658321 0.210638
  outer loop
    vertex 0.374309397871 -1.749395014872216 0.5598672359946043
    vertex 0.4665014267219582 -1.866837460436521 0.5091124375811749
    vertex 0.4660832961081396 -1.813677716672613 0.6738218426270844
  endloop
endfacet
facet normal -0.721957 -0.636157 0.27218
  outer loop
    vertex 0.374309397871 -1.693068196039989 0.7122880902822242
    vertex 0.4660832961081396 -1.813677716672613 0.6738218426270844
    vertex 0.4674439061202416 -1.747651867716284 0.831751028004143
  endloop
endfacet
facet normal -0.719721 -0.414626 -0.556855
  outer loop
    vertex 0.374309397871 -1.099273946674909 -1.471540359678174
    vertex 0.4682051041640433 -1.089618165595395 -1.600087768257383
    vertex 0.4674824565563356 -1.227213128637058 -1.496702596020968
  endloop
endfacet
facet normal -0.719101 0.673825 0.169861
  outer loop
    vertex 0.374309397871 1.772447554995497 0.4819376565391868
    vertex 0.4658567780196758 1.844327073549734 0.5843602955265732
    vertex 0.4710346173999802 1.889999842586467 0.4251000023767273
  endloop
endfacet
facet normal -0.706882 -0.127399 -0.695764
  outer loop
    vertex 0.374309397871 -0.3633225684662014 -1.800508525734639
    vertex 0.4774779339698538 -0.305990621313537 -1.915823568516357
    vertex 0.4700813295738735 -0.4785590400793642 -1.876710417693965
  endloop
endfacet
facet normal -0.722414 -0.580645 -0.375459
  outer loop
    vertex 0.374309397871 -1.541207433113708 -0.9992566677861381
    vertex 0.4666166128062044 -1.577682460018814 -1.120454937876614
    vertex 0.4663447564909255 -1.670702751133645 -0.976076400058889
  endloop
endfacet
facet normal -0.719074 -0.365315 -0.591167
  outer loop
    vertex 0.374309397871 -0.9649174012256253 -1.562935906815115
    vertex 0.4682078452024291 -0.9437074846654687 -1.69025737565341
    vertex 0.4682051041640433 -1.089618165595395 -1.600087768257383
  endloop
endfacet
facet normal -0.72166 -0.414231 0.554635
  outer loop
    vertex 0.374309397871 -1.09927394667491 1.471540359678173
    vertex 0.4670791400037181 -1.223680247622788 1.499333929779304
    vertex 0.4666324582573579 -1.085643682472997 1.601845730083655
  endloop
endfacet
facet normal -0.72099 -0.506413 0.472991
  outer loop
    vertex 0.374309397871 -1.341192920746078 1.255004298534712
    vertex 0.4674987774014338 -1.46939381297425 1.259795150487113
    vertex 0.4669240459799691 -1.351796971292397 1.384825360253663
  endloop
endfacet
facet normal -0.718718 -0.311013 -0.621865
  outer loop
    vertex 0.374309397871 -0.823009068828386 -1.642099361374406
    vertex 0.4685661312742637 -0.7904478946373856 -1.767321096195239
    vertex 0.4682078452024291 -0.9437074846654687 -1.69025737565341
  endloop
endfacet
facet normal -0.722953 -0.308605 0.618144
  outer loop
    vertex 0.374309397871 -0.8230090688283854 1.642099361374407
    vertex 0.4663185759520516 -0.9390502089399607 1.691776147906851
    vertex 0.4660822712662278 -0.78516751539786 1.768324830248398
  endloop
endfacet
facet normal -0.721063 -0.67652 0.149629
  outer loop
    vertex 0.374309397871 -1.792030445795645 0.4030646614892738
    vertex 0.4677525326598904 -1.905402373162121 0.3407772405168856
    vertex 0.4665014267219582 -1.866837460436521 0.5091124375811749
  endloop
endfacet
facet normal -0.716289 -0.200332 -0.668429
  outer loop
    vertex 0.374309397871 -0.521029954444439 -1.761352328914243
    vertex 0.4700813295738735 -0.4785590400793642 -1.876710417693965
    vertex 0.4701064530477953 -0.6322230071694032 -1.830683262991355
  endloop
endfacet
facet normal -0.722689 0.596524 0.349112
  outer loop
    vertex 0.374309397871 1.583899406804787 0.9301058590953201
    vertex 0.4664593575435143 1.625781852134949 1.049299375474987
    vertex 0.4662203276359946 1.712325346785171 0.9009285272670627
  endloop
endfacet
facet normal -0.721478 -0.506259 -0.47241
  outer loop
    vertex 0.374309397871 -1.341192920746077 -1.255004298534713
    vertex 0.4669891984765707 -1.355157210998865 -1.381582807373193
    vertex 0.4669400434789979 -1.472282081797148 -1.255990723974998
  endloop
endfacet
facet normal -0.716935 -0.25314 -0.649557
  outer loop
    vertex 0.374309397871 -0.6746595745906275 -1.708411161990343
    vertex 0.4701064530477953 -0.6322230071694032 -1.830683262991355
    vertex 0.4685661312742637 -0.7904478946373856 -1.767321096195239
  endloop
endfacet
facet normal -0.718498 -0.620034 -0.315149
  outer loop
    vertex 0.374309397871 -1.623490823027047 -0.8591343245075023
    vertex 0.4663447564909255 -1.670702751133645 -0.976076400058889
    vertex 0.471034617399979 -1.750650300471939 -0.8294775117235381
  endloop
endfacet
facet normal 0.191517 -0.972219 -0.134581
  outer loop
    vertex 0.6608000000000001 -1.789075914146175 -0.7083452642758532
    vertex 0.4871187592018329 -1.830943357561334 -0.6530528286219993
    vertex 0.5500809382536375 -1.804565946190728 -0.7540049234577773
  endloop
endfacet
facet normal -0.164836 -0.211297 -0.963422
  outer loop
    vertex 0.4700813295738735 -0.4785590400793642 -1.876710417693965
    vertex 0.4774779339698538 -0.305990621313537 -1.915823568516357
    vertex 0.5789585682016227 -0.4558608191100104 -1.900316800542248
  endloop
endfacet
facet normal 0.276415 -0.94758 0.160271
  outer loop
    vertex 0.6608000000000001 -1.909027108269317 0.2411662080244416
    vertex 0.6608000000000001 -1.882151613331987 0.40006367547154
    vertex 0.5493916607326474 -1.938534635794145 0.2588497533791665
  endloop
endfacet
facet normal 0.287435 0.93687 -0.199138
  outer loop
    vertex 0.6608000000000001 1.897253574531065 -0.320896422431124
    vertex 0.6608000000000001 1.863747718643712 -0.4785290808826138
    vertex 0.5521602129122944 1.923067327836581 -0.3562625357984098
  endloop
endfacet
facet normal 0.187688 0.156338 -0.969707
  outer loop
    vertex 0.6608000000000001 0.7456574914511404 -1.773849076286591
    vertex 0.48693518491624 0.6936248412637386 -1.815889569700925
    vertex 0.550621829960977 0.7938609082132484 -1.787402721865338
  endloop
endfacet
facet normal 0.277489 0.180023 0.943712
  outer loop
    vertex 0.6608000000000001 0.2810929635597955 1.903557823087381
    vertex 0.6608000000000001 0.4393927442669269 1.873360524908534
    vertex 0.5495704176255143 0.3016715085604624 1.932338223376475
  endloop
endfacet
facet normal 0.267626 -0.930332 0.250716
  outer loop
    vertex 0.6608000000000001 -1.842074177151201 0.5561549836805597
    vertex 0.5515931917733393 -1.862715454253423 0.5961337170573072
    vertex 0.5502718978630166 -1.908090949533272 0.4291690659992717
  endloop
endfacet
facet normal -0.733047 0.6636 -0.149257
  outer loop
    vertex 0.374309397871 1.772447554995496 -0.4819376565391918
    vertex 0.374309397871 1.808105352844302 -0.3234026484365628
    vertex 0.4676281036806555 1.888113540136526 -0.4260009683514233
  endloop
endfacet
facet normal 0.267978 0.271044 0.924512
  outer loop
    vertex 0.6608000000000001 0.5946105005762763 1.830022948655134
    vertex 0.551992548590086 0.6371966031767665 1.849076584299782
    vertex 0.5505608357704717 0.4712763500552143 1.898135347043164
  endloop
endfacet
facet normal -0.732748 0.648119 -0.207421
  outer loop
    vertex 0.374309397871 1.722917951855637 -0.6367008490441769
    vertex 0.374309397871 1.772447554995496 -0.4819376565391918
    vertex 0.4677798424521655 1.843082144967991 -0.5914284972856674
  endloop
endfacet
facet normal -0.732543 0.627454 -0.263975
  outer loop
    vertex 0.374309397871 1.659904179724013 -0.7864809941344747
    vertex 0.374309397871 1.722917951855637 -0.6367008490441769
    vertex 0.4678838556693973 1.783663132780247 -0.7519864670570886
  endloop
endfacet
facet normal -0.73394 0.673238 -0.0898966
  outer loop
    vertex 0.374309397871 1.808105352844302 -0.3234026484365628
    vertex 0.374309397871 1.829612274787259 -0.1623365761244011
    vertex 0.467174763111515 1.918323853309857 -0.2561510365416163
  endloop
endfacet
facet normal -0.732332 0.601869 -0.318503
  outer loop
    vertex 0.374309397871 1.583899406804783 -0.9301058590953274
    vertex 0.374309397871 1.659904179724013 -0.7864809941344747
    vertex 0.4679910261172407 1.71030756783453 -0.9066365946951181
  endloop
endfacet
facet normal -0.732085 0.571587 -0.370594
  outer loop
    vertex 0.374309397871 1.49549847349712 -1.066451384624627
    vertex 0.374309397871 1.583899406804783 -0.9301058590953274
    vertex 0.4681166241917553 1.62358783190766 -1.054202643484873
  endloop
endfacet
facet normal -0.731791 0.536846 -0.419855
  outer loop
    vertex 0.374309397871 1.395393236962572 -1.194450482121011
    vertex 0.374309397871 1.49549847349712 -1.066451384624627
    vertex 0.468265951940475 1.524184273726288 -1.193535207272638
  endloop
endfacet
facet normal -0.730054 0.498997 -0.46693
  outer loop
    vertex 0.374309397871 1.284367156404717 -1.313101385098981
    vertex 0.374309397871 1.395393236962572 -1.194450482121011
    vertex 0.4691492283220428 1.413357757732568 -1.323535990399125
  endloop
endfacet
facet normal -0.732836 0.453786 -0.50698
  outer loop
    vertex 0.374309397871 1.163289161438645 -1.421475489369892
    vertex 0.374309397871 1.284367156404717 -1.313101385098981
    vertex 0.4677354376361352 1.290341331163583 -1.442800727411067
  endloop
endfacet
facet normal -0.734338 0.406233 -0.543803
  outer loop
    vertex 0.374309397871 1.033106851538578 -1.518724620628785
    vertex 0.374309397871 1.163289161438645 -1.421475489369892
    vertex 0.466970872104172 1.15663907318253 -1.551571075841438
  endloop
endfacet
facet normal -0.735226 0.356077 -0.57676
  outer loop
    vertex 0.374309397871 0.8948390797871835 -1.604087672568313
    vertex 0.374309397871 1.033106851538578 -1.518724620628785
    vertex 0.4665173334456219 1.013825634394439 -1.648170520714777
  endloop
endfacet
facet normal -0.726342 0.307971 -0.614476
  outer loop
    vertex 0.374309397871 0.7495679789687902 -1.676896563567545
    vertex 0.374309397871 0.8948390797871835 -1.604087672568313
    vertex 0.4710346173999788 0.8680025577591371 -1.731872101721475
  endloop
endfacet
facet normal -0.726342 -0.684644 0.0607466
  outer loop
    vertex 0.374309397871 -1.820640808756045 0.2431075595125233
    vertex 0.374309397871 -1.835002188871888 0.08124781126517423
    vertex 0.4710346174001267 -1.929636251133561 0.1712114345160721
  endloop
endfacet
facet normal -0.726342 -0.045586 -0.68582
  outer loop
    vertex 0.374309397871 -0.2027716907787713 -1.825573302121478
    vertex 0.374309397871 -0.04063384968297799 -1.836350492215454
    vertex 0.4710346174001261 -0.1284819537647731 -1.932951578429894
  endloop
endfacet
facet normal -0.726342 0.0152052 0.687165
  outer loop
    vertex 0.374309397871 0.1218220063799975 1.832755749891827
    vertex 0.374309397871 -0.04063384968297509 1.836350492215454
    vertex 0.4710346174001078 0.04285528166370191 1.936742843495574
  endloop
endfacet
facet normal -0.734998 -0.381379 0.560649
  outer loop
    vertex 0.374309397871 -0.9649174012256256 1.562935906815115
    vertex 0.374309397871 -1.09927394667491 1.471540359678173
    vertex 0.4666324582573579 -1.085643682472997 1.601845730083655
  endloop
endfacet
facet normal -0.733401 -0.614327 0.291075
  outer loop
    vertex 0.374309397871 -1.623490823027048 0.8591343245075005
    vertex 0.374309397871 -1.693068196039989 0.7122880902822242
    vertex 0.4674439061202416 -1.747651867716284 0.831751028004143
  endloop
endfacet
facet normal -0.731459 0.408089 0.546288
  outer loop
    vertex 0.374309397871 1.163289161438652 1.421475489369886
    vertex 0.374309397871 1.033106851538586 1.51872462062878
    vertex 0.4684348404323282 1.159389495461766 1.550419205020574
  endloop
endfacet
facet normal -0.733397 0.453383 0.50653
  outer loop
    vertex 0.374309397871 1.284367156404724 1.313101385098974
    vertex 0.374309397871 1.163289161438652 1.421475489369886
    vertex 0.4674497982987638 1.291867153596796 1.44124507930137
  endloop
endfacet
facet normal -0.736424 -0.220411 0.639609
  outer loop
    vertex 0.374309397871 -0.5210299544444373 1.761352328914243
    vertex 0.374309397871 -0.6746595745906268 1.708411161990343
    vertex 0.4659001638681896 -0.6252311210540176 1.830898794096769
  endloop
endfacet
facet normal -0.732854 0.0751106 0.676228
  outer loop
    vertex 0.374309397871 0.2833244400706662 1.81481720888321
    vertex 0.374309397871 0.1218220063799975 1.832755749891827
    vertex 0.4677269827004792 0.2136636981681372 1.923794783020212
  endloop
endfacet
facet normal -0.731523 -0.555126 0.395865
  outer loop
    vertex 0.374309397871 -1.446862005389986 1.131558472797084
    vertex 0.374309397871 -1.541207433113708 0.9992566677861369
    vertex 0.4684024482005694 -1.575695094779437 1.124769940685856
  endloop
endfacet
facet normal -0.735611 -0.330013 0.591581
  outer loop
    vertex 0.374309397871 -0.8230090688283854 1.642099361374407
    vertex 0.374309397871 -0.9649174012256256 1.562935906815115
    vertex 0.4663185759520516 -0.9390502089399607 1.691776147906851
  endloop
endfacet
facet normal -0.734431 -0.474564 0.485181
  outer loop
    vertex 0.374309397871 -1.225027183040761 1.36862801403859
    vertex 0.374309397871 -1.341192920746078 1.255004298534712
    vertex 0.4669240459799691 -1.351796971292397 1.384825360253663
  endloop
endfacet
facet normal -0.734123 -0.430037 0.525482
  outer loop
    vertex 0.374309397871 -1.09927394667491 1.471540359678173
    vertex 0.374309397871 -1.225027183040761 1.36862801403859
    vertex 0.4670791400037181 -1.223680247622788 1.499333929779304
  endloop
endfacet
facet normal -0.733332 -0.430578 -0.526143
  outer loop
    vertex 0.374309397871 -1.225027183040761 -1.368628014038592
    vertex 0.374309397871 -1.099273946674909 -1.471540359678174
    vertex 0.4674824565563356 -1.227213128637058 -1.496702596020968
  endloop
endfacet
facet normal -0.736191 0.623815 0.262444
  outer loop
    vertex 0.374309397871 1.722917951855639 0.6367008490441708
    vertex 0.374309397871 1.659904179724016 0.786480994134468
    vertex 0.4660193712773314 1.785359820838371 0.7455387649729946
  endloop
endfacet
facet normal -0.73623 0.191963 0.648934
  outer loop
    vertex 0.374309397871 0.5984304924131435 1.73658146533647
    vertex 0.374309397871 0.4426094758723085 1.782675262594969
    vertex 0.4660060236170569 0.5521163810197735 1.854313654231141
  endloop
endfacet
facet normal -0.735364 0.134045 0.664283
  outer loop
    vertex 0.374309397871 0.4426094758723085 1.782675262594969
    vertex 0.374309397871 0.2833244400706662 1.81481720888321
    vertex 0.4664502811972943 0.3842068008263491 1.896460729030856
  endloop
endfacet
facet normal -0.736079 -0.634928 0.234636
  outer loop
    vertex 0.374309397871 -1.693068196039989 0.7122880902822242
    vertex 0.374309397871 -1.749395014872216 0.5598672359946043
    vertex 0.4660832961081396 -1.813677716672613 0.6738218426270844
  endloop
endfacet
facet normal -0.732803 -0.669811 0.119804
  outer loop
    vertex 0.374309397871 -1.792030445795645 0.4030646614892738
    vertex 0.374309397871 -1.820640808756045 0.2431075595125233
    vertex 0.4677525326598904 -1.905402373162121 0.3407772405168856
  endloop
endfacet
facet normal -0.735558 -0.584185 -0.343048
  outer loop
    vertex 0.374309397871 -1.623490823027047 -0.8591343245075023
    vertex 0.374309397871 -1.541207433113708 -0.9992566677861381
    vertex 0.4663447564909255 -1.670702751133645 -0.976076400058889
  endloop
endfacet
facet normal -0.7358 0.598555 0.316749
  outer loop
    vertex 0.374309397871 1.659904179724016 0.786480994134468
    vertex 0.374309397871 1.583899406804787 0.9301058590953201
    vertex 0.4662203276359946 1.712325346785171 0.9009285272670627
  endloop
endfacet
facet normal -0.736403 0.248495 0.629254
  outer loop
    vertex 0.374309397871 0.749567978968796 1.676896563567543
    vertex 0.374309397871 0.5984304924131435 1.73658146533647
    vertex 0.4659133164253813 0.715095203279019 1.797712148565516
  endloop
endfacet
facet normal -0.73607 -0.276234 0.617977
  outer loop
    vertex 0.374309397871 -0.6746595745906268 1.708411161990343
    vertex 0.374309397871 -0.8230090688283854 1.642099361374407
    vertex 0.4660822712662278 -0.78516751539786 1.768324830248398
  endloop
endfacet
facet normal -0.733301 -0.516515 0.442134
  outer loop
    vertex 0.374309397871 -1.341192920746078 1.255004298534712
    vertex 0.374309397871 -1.446862005389986 1.131558472797084
    vertex 0.4674987774014338 -1.46939381297425 1.259795150487113
  endloop
endfacet
facet normal -0.730737 -0.588666 0.34568
  outer loop
    vertex 0.374309397871 -1.541207433113708 0.9992566677861369
    vertex 0.374309397871 -1.623490823027048 0.8591343245075005
    vertex 0.4688009498688193 -1.668766421129813 0.9817804238034957
  endloop
endfacet
facet normal -0.735027 -0.55205 -0.393671
  outer loop
    vertex 0.374309397871 -1.541207433113708 -0.9992566677861381
    vertex 0.374309397871 -1.446862005389986 -1.131558472797084
    vertex 0.4666166128062044 -1.577682460018814 -1.120454937876614
  endloop
endfacet
facet normal -0.734299 -0.474663 -0.485283
  outer loop
    vertex 0.374309397871 -1.341192920746077 -1.255004298534713
    vertex 0.374309397871 -1.225027183040761 -1.368628014038592
    vertex 0.4669891984765707 -1.355157210998865 -1.381582807373193
  endloop
endfacet
facet normal -0.731202 -0.278379 -0.622775
  outer loop
    vertex 0.374309397871 -0.823009068828386 -1.642099361374406
    vertex 0.374309397871 -0.6746595745906275 -1.708411161990343
    vertex 0.4685661312742637 -0.7904478946373856 -1.767321096195239
  endloop
endfacet
facet normal -0.726342 0.670581 0.150827
  outer loop
    vertex 0.374309397871 1.808105352844303 0.3234026484365587
    vertex 0.374309397871 1.772447554995497 0.4819376565391868
    vertex 0.4710346173999802 1.889999842586467 0.4251000023767273
  endloop
endfacet
facet normal -0.736507 0.644242 0.20618
  outer loop
    vertex 0.374309397871 1.772447554995497 0.4819376565391868
    vertex 0.374309397871 1.722917951855639 0.6367008490441708
    vertex 0.4658567780196758 1.844327073549734 0.5843602955265732
  endloop
endfacet
facet normal -0.735334 0.568643 0.368685
  outer loop
    vertex 0.374309397871 1.583899406804787 0.9301058590953201
    vertex 0.374309397871 1.495498473497125 1.06645138462462
    vertex 0.4664593575435143 1.625781852134949 1.049299375474987
  endloop
endfacet
facet normal -0.73345 0.30457 0.60769
  outer loop
    vertex 0.374309397871 0.8948390797871905 1.604087672568309
    vertex 0.374309397871 0.749567978968796 1.676896563567543
    vertex 0.4674169399071225 0.8707380349337612 1.728542848778139
  endloop
endfacet
facet normal -0.734393 -0.515618 -0.441367
  outer loop
    vertex 0.374309397871 -1.446862005389986 -1.131558472797084
    vertex 0.374309397871 -1.341192920746077 -1.255004298534713
    vertex 0.4669400434789979 -1.472282081797148 -1.255990723974998
  endloop
endfacet
facet normal -0.731912 -0.383253 -0.563403
  outer loop
    vertex 0.374309397871 -1.099273946674909 -1.471540359678174
    vertex 0.374309397871 -0.9649174012256253 -1.562935906815115
    vertex 0.4682051041640433 -1.089618165595395 -1.600087768257383
  endloop
endfacet
facet normal -0.728168 -0.223303 -0.648002
  outer loop
    vertex 0.374309397871 -0.6746595745906275 -1.708411161990343
    vertex 0.374309397871 -0.521029954444439 -1.761352328914243
    vertex 0.4701064530477953 -0.6322230071694032 -1.830683262991355
  endloop
endfacet
facet normal -0.713606 -0.108059 -0.692164
  outer loop
    vertex 0.374309397871 -0.3633225684662014 -1.800508525734639
    vertex 0.374309397871 -0.2027716907787713 -1.825573302121478
    vertex 0.4774779339698538 -0.305990621313537 -1.915823568516357
  endloop
endfacet
facet normal -0.734802 0.534288 0.417855
  outer loop
    vertex 0.374309397871 1.495498473497125 1.06645138462462
    vertex 0.374309397871 1.395393236962578 1.194450482121004
    vertex 0.4667321928601517 1.526380896772867 1.189490061837828
  endloop
endfacet
facet normal -0.726342 -0.621139 -0.294302
  outer loop
    vertex 0.374309397871 -1.693068196039987 -0.7122880902822274
    vertex 0.374309397871 -1.623490823027047 -0.8591343245075023
    vertex 0.471034617399979 -1.750650300471939 -0.8294775117235381
  endloop
endfacet
facet normal -0.731907 -0.331962 -0.595075
  outer loop
    vertex 0.374309397871 -0.9649174012256253 -1.562935906815115
    vertex 0.374309397871 -0.823009068828386 -1.642099361374406
    vertex 0.4682078452024291 -0.9437074846654687 -1.69025737565341
  endloop
endfacet
facet normal -0.726342 -0.165625 0.66708
  outer loop
    vertex 0.374309397871 -0.3633225684661998 1.800508525734639
    vertex 0.374309397871 -0.5210299544444373 1.761352328914243
    vertex 0.4710346173999798 -0.4668067117322515 1.880133216258701
  endloop
endfacet
facet normal -0.728089 -0.165179 -0.665283
  outer loop
    vertex 0.374309397871 -0.521029954444439 -1.761352328914243
    vertex 0.374309397871 -0.3633225684662014 -1.800508525734639
    vertex 0.4700813295738735 -0.4785590400793642 -1.876710417693965
  endloop
endfacet
facet normal -0.730714 0.358631 0.580897
  outer loop
    vertex 0.374309397871 1.033106851538586 1.51872462062878
    vertex 0.374309397871 0.8948390797871905 1.604087672568309
    vertex 0.4688128750161326 1.018578483309673 1.64657051832133
  endloop
endfacet
facet normal -0.735264 -0.654035 0.177835
  outer loop
    vertex 0.374309397871 -1.749395014872216 0.5598672359946043
    vertex 0.374309397871 -1.792030445795645 0.4030646614892738
    vertex 0.4665014267219582 -1.866837460436521 0.5091124375811749
  endloop
endfacet
facet normal -0.734231 0.495718 0.463862
  outer loop
    vertex 0.374309397871 1.395393236962578 1.194450482121004
    vertex 0.374309397871 1.284367156404724 1.313101385098974
    vertex 0.4670241767830767 1.414813706761322 1.320451354858969
  endloop
endfacet
facet normal 0.269367 0.91707 -0.293981
  outer loop
    vertex 0.6608000000000001 1.817169011610962 -0.6328052016543807
    vertex 0.5524195557363557 1.834532094714827 -0.6779476300921355
    vertex 0.552048980991133 1.886114441708681 -0.517376584394592
  endloop
endfacet
facet normal 0.15314 0.0206954 -0.987988
  outer loop
    vertex 0.6608000000000001 0.120821517678308 -1.92040303084168
    vertex 0.6608000000000001 -0.04029740433955416 -1.923777991142298
    vertex 0.4985013103499646 0.05098638695577468 -1.947022557693942
  endloop
endfacet
facet normal 0.151913 -0.988394 4.08554e-15
  outer loop
    vertex 0.6608000000000001 -1.922512149676223 -0.08057713290571897
    vertex 0.6608000000000001 -1.922512149676223 0.0805771329057331
    vertex 0.4980101665695879 -1.947532385821686 -0.006514189267090571
  endloop
endfacet
facet normal 0.271554 0.914385 0.300263
  outer loop
    vertex 0.552419555736353 1.834532094714829 0.6779476300921276
    vertex 0.6608000000000001 1.817169011610961 0.6328052016543805
    vertex 0.5534515321717676 1.881434800444965 0.5341823300387636
  endloop
endfacet
facet normal 0.26978 -0.8743 -0.403508
  outer loop
    vertex 0.6608000000000001 -1.72352856905268 -0.8555670117876329
    vertex 0.5500809382536375 -1.804565946190728 -0.7540049234577773
    vertex 0.5555634317215119 -1.72866722716793 -0.9147925750156422
  endloop
endfacet
facet normal 0.194329 -0.041685 0.98005
  outer loop
    vertex 0.6608000000000001 -0.3605591255258462 1.890117127852144
    vertex 0.4988062251585654 -0.2975572219705112 1.924917739799573
    vertex 0.5831983551637074 -0.4469425306117493 1.901830172506662
  endloop
endfacet
facet normal -0.145245 -0.230748 0.962112
  outer loop
    vertex 0.4988062251585654 -0.2975572219705112 1.924917739799573
    vertex 0.4710346173999798 -0.4668067117322515 1.880133216258701
    vertex 0.5831983551637074 -0.4469425306117493 1.901830172506662
  endloop
endfacet
facet normal 0.270663 0.422606 -0.864954
  outer loop
    vertex 0.6608000000000001 0.8914742307776418 -1.705232927156701
    vertex 0.550621829960977 0.7938609082132484 -1.787402721865338
    vertex 0.5561845914547837 0.9528078823488736 -1.70800249220814
  endloop
endfacet
facet normal 0.272144 -0.319873 0.907535
  outer loop
    vertex 0.5528742333319866 -0.7183667495285286 1.819088944290084
    vertex 0.6608000000000001 -0.6707223334566305 1.8035180041803
    vertex 0.5537513181747513 -0.5748259146674564 1.869418784725527
  endloop
endfacet
facet normal 0.272282 -0.320242 -0.907363
  outer loop
    vertex 0.6608000000000001 -0.6707223334566365 -1.803518004180298
    vertex 0.5528742333320131 -0.7183667495285299 -1.819088944290084
    vertex 0.553868750734492 -0.5755409125067231 -1.869199043332995
  endloop
endfacet
facet normal 0.269501 -0.904273 0.33115
  outer loop
    vertex 0.6608000000000001 -1.78907591414617 0.7083452642758655
    vertex 0.5533566022837529 -1.802754527953649 0.7584340565649647
    vertex 0.5515931917733393 -1.862715454253423 0.5961337170573072
  endloop
endfacet
facet normal 0.281002 -0.929556 0.238669
  outer loop
    vertex 0.6608000000000001 -1.882151613331987 0.40006367547154
    vertex 0.6608000000000001 -1.842074177151201 0.5561549836805597
    vertex 0.5502718978630166 -1.908090949533272 0.4291690659992717
  endloop
endfacet
facet normal 0.270163 0.350856 0.896612
  outer loop
    vertex 0.6608000000000001 0.7456574914511391 1.773849076286591
    vertex 0.5538666841883462 0.798129798489883 1.785536674351796
    vertex 0.551992548590086 0.6371966031767665 1.849076584299782
  endloop
endfacet
facet normal 0.285609 -0.604792 0.743408
  outer loop
    vertex 0.5631584386530172 -1.307170213666577 1.454531347415731
    vertex 0.6608000000000001 -1.226531241074423 1.482621581749178
    vertex 0.5604967342245235 -1.170431988471265 1.566795896967794
  endloop
endfacet
facet normal 0.282271 0.257984 0.923995
  outer loop
    vertex 0.6608000000000001 0.4393927442669269 1.873360524908534
    vertex 0.6608000000000001 0.5946105005762763 1.830022948655134
    vertex 0.5505608357704717 0.4712763500552143 1.898135347043164
  endloop
endfacet
facet normal 0.270902 0.8885 -0.370378
  outer loop
    vertex 0.6608000000000001 1.757844169595893 -0.7826426486064538
    vertex 0.5544045012290789 1.767443643279542 -0.8374343836366948
    vertex 0.5524195557363557 1.834532094714827 -0.6779476300921355
  endloop
endfacet
facet normal 0.270902 0.8885 0.370378
  outer loop
    vertex 0.5544045012290694 1.767443643279546 0.8374343836366875
    vertex 0.6608000000000001 1.757844169595893 0.7826426486064532
    vertex 0.552419555736353 1.834532094714829 0.6779476300921276
  endloop
endfacet
facet normal -0.190282 -0.625166 0.756941
  outer loop
    vertex 0.4670791400037181 -1.223680247622788 1.499333929779304
    vertex 0.5631584386530172 -1.307170213666577 1.454531347415731
    vertex 0.5604967342245235 -1.170431988471265 1.566795896967794
  endloop
endfacet
facet normal 0.271718 -0.389706 0.879942
  outer loop
    vertex 0.5549700760663008 -0.8763283901978071 1.748484122959459
    vertex 0.6608000000000001 -0.8192845128295068 1.741068214355117
    vertex 0.5528742333319866 -0.7183667495285286 1.819088944290084
  endloop
endfacet
facet normal 0.271718 -0.389706 -0.879942
  outer loop
    vertex 0.6608000000000001 -0.8192845128295125 -1.741068214355115
    vertex 0.5549700760662983 -0.8763283901978077 -1.748484122959459
    vertex 0.5528742333320131 -0.7183667495285299 -1.819088944290084
  endloop
endfacet
facet normal 0.287469 0.916911 -0.276832
  outer loop
    vertex 0.6608000000000001 1.863747718643712 -0.4785290808826138
    vertex 0.6608000000000001 1.817169011610962 -0.6328052016543807
    vertex 0.552048980991133 1.886114441708681 -0.517376584394592
  endloop
endfacet
facet normal 0.293984 0.915016 0.27626
  outer loop
    vertex 0.6608000000000001 1.817169011610961 0.6328052016543805
    vertex 0.6608000000000001 1.863747718643712 0.4785290808826123
    vertex 0.5534515321717676 1.881434800444965 0.5341823300387636
  endloop
endfacet
facet normal 0.272612 -0.870942 0.408831
  outer loop
    vertex 0.6608000000000001 -1.723528569052674 0.8555670117876448
    vertex 0.5555634317214938 -1.728667227167931 0.9147925750156404
    vertex 0.5533566022837529 -1.802754527953649 0.7584340565649647
  endloop
endfacet
facet normal 0.273582 0.42774 0.861505
  outer loop
    vertex 0.6608000000000001 0.8914742307776403 1.705232927156702
    vertex 0.5561845914547905 0.9528078823488808 1.708002492208135
    vertex 0.5538666841883462 0.798129798489883 1.785536674351796
  endloop
endfacet
facet normal 0.294931 -0.295271 0.908752
  outer loop
    vertex 0.6608000000000001 -0.6707223334566305 1.8035180041803
    vertex 0.6608000000000001 -0.5174555188278883 1.853317411032055
    vertex 0.5537513181747513 -0.5748259146674564 1.869418784725527
  endloop
endfacet
facet normal 0.295324 -0.295234 -0.908637
  outer loop
    vertex 0.6608000000000001 -0.5174555188278936 -1.853317411032054
    vertex 0.6608000000000001 -0.6707223334566365 -1.803518004180298
    vertex 0.553868750734492 -0.5755409125067231 -1.869199043332995
  endloop
endfacet
facet normal 0.285389 -0.605026 -0.743302
  outer loop
    vertex 0.6608000000000001 -1.22653124107443 -1.482621581749172
    vertex 0.5630725533466625 -1.307530390575674 -1.454212836052912
    vertex 0.5604967342245355 -1.170431988471264 -1.566795896967795
  endloop
endfacet
facet normal 0.274628 0.851637 -0.446424
  outer loop
    vertex 0.6608000000000001 1.686189313740404 -0.9269904197065169
    vertex 0.5568335786359733 1.686499873728871 -0.9903554526124572
    vertex 0.5544045012290789 1.767443643279542 -0.8374343836366948
  endloop
endfacet
facet normal 0.274628 0.851637 0.446424
  outer loop
    vertex 0.5568335786359718 1.686499873728876 0.9903554526124493
    vertex 0.6608000000000001 1.686189313740403 0.9269904197065189
    vertex 0.5544045012290694 1.767443643279546 0.8374343836366875
  endloop
endfacet
facet normal -0.13748 0.965274 0.222138
  outer loop
    vertex 0.5060618753980595 1.931457580085625 0.2666287939469913
    vertex 0.4710346173999802 1.889999842586467 0.4251000023767273
    vertex 0.5853053832022181 1.910458006930842 0.4069231451598272
  endloop
endfacet
facet normal 0.205597 0.978168 0.0302853
  outer loop
    vertex 0.6608000000000001 1.897253574531066 0.3208964224311229
    vertex 0.5060618753980595 1.931457580085625 0.2666287939469913
    vertex 0.5853053832022181 1.910458006930842 0.4069231451598272
  endloop
endfacet
facet normal 0.286372 -0.904825 0.315093
  outer loop
    vertex 0.6608000000000001 -1.842074177151201 0.5561549836805597
    vertex 0.6608000000000001 -1.78907591414617 0.7083452642758655
    vertex 0.5515931917733393 -1.862715454253423 0.5961337170573072
  endloop
endfacet
facet normal 0.275752 -0.464872 -0.841341
  outer loop
    vertex 0.6608000000000001 -0.9621 -1.666406081962017
    vertex 0.5575104166089023 -1.027416631089426 -1.664169743388433
    vertex 0.5549700760662983 -0.8763283901978077 -1.748484122959459
  endloop
endfacet
facet normal 0.275752 -0.464872 0.841341
  outer loop
    vertex 0.5575104166089081 -1.027416631089426 1.664169743388432
    vertex 0.6608000000000001 -0.9620999999999944 1.66640608196202
    vertex 0.5549700760663008 -0.8763283901978071 1.748484122959459
  endloop
endfacet
facet normal 0.312495 0.942429 -0.119056
  outer loop
    vertex 0.6608000000000001 1.917451559767896 -0.1610129061400413
    vertex 0.6608000000000001 1.897253574531065 -0.320896422431124
    vertex 0.5602150330373445 1.942741078880118 -0.2248378930291215
  endloop
endfacet
facet normal -0.188852 -0.625324 -0.757169
  outer loop
    vertex 0.5630725533466625 -1.307530390575674 -1.454212836052912
    vertex 0.4674824565563356 -1.227213128637058 -1.496702596020968
    vertex 0.5604967342245355 -1.170431988471264 -1.566795896967795
  endloop
endfacet
facet normal 0.276953 -0.830624 0.483074
  outer loop
    vertex 0.6608000000000001 -1.645891909400842 0.9967875714357844
    vertex 0.5582151285491891 -1.641022885362609 1.063972976613103
    vertex 0.5555634317214938 -1.728667227167931 0.9147925750156404
  endloop
endfacet
facet normal 0.276953 -0.830624 -0.483074
  outer loop
    vertex 0.5582151285491848 -1.641022885362608 -1.063972976613103
    vertex 0.6608000000000001 -1.645891909400849 -0.9967875714357737
    vertex 0.5555634317215119 -1.72866722716793 -0.9147925750156422
  endloop
endfacet
facet normal 0.283425 -0.876085 -0.390058
  outer loop
    vertex 0.6608000000000001 -1.72352856905268 -0.8555670117876329
    vertex 0.6608000000000001 -1.789075914146175 -0.7083452642758532
    vertex 0.5500809382536375 -1.804565946190728 -0.7540049234577773
  endloop
endfacet
facet normal 0.287838 0.33382 0.897615
  outer loop
    vertex 0.6608000000000001 0.5946105005762763 1.830022948655134
    vertex 0.6608000000000001 0.7456574914511391 1.773849076286591
    vertex 0.551992548590086 0.6371966031767665 1.849076584299782
  endloop
endfacet
facet normal 0.27823 0.50102 -0.819492
  outer loop
    vertex 0.5589477373149553 1.100006270217374 -1.617070492696061
    vertex 0.6608000000000001 1.031037918898589 -1.624655794250975
    vertex 0.5561845914547837 0.9528078823488736 -1.70800249220814
  endloop
endfacet
facet normal 0.27823 0.50102 0.819492
  outer loop
    vertex 0.6608000000000001 1.031037918898587 1.624655794250976
    vertex 0.5589477373149548 1.100006270217381 1.617070492696056
    vertex 0.5561845914547905 0.9528078823488808 1.708002492208135
  endloop
endfacet
facet normal 0.289293 -0.730443 0.618678
  outer loop
    vertex 0.6608000000000001 -1.456609886085105 1.257311926197766
    vertex 0.5646936482323935 -1.428340816774918 1.335627078672537
    vertex 0.5613131650569414 -1.540498089290272 1.204789163562474
  endloop
endfacet
facet normal 0.288853 -0.730217 -0.61915
  outer loop
    vertex 0.5645058861116329 -1.42774934376958 -1.336273926780507
    vertex 0.6608000000000001 -1.456609886085112 -1.257311926197758
    vertex 0.5613131650569375 -1.540498089290272 -1.204789163562475
  endloop
endfacet
facet normal 0.276884 0.947685 -0.158835
  outer loop
    vertex 0.6608000000000001 1.897253574531065 -0.320896422431124
    vertex 0.5521602129122944 1.923067327836581 -0.3562625357984098
    vertex 0.5602150330373445 1.942741078880118 -0.2248378930291215
  endloop
endfacet
facet normal -0.198036 -0.883777 -0.423934
  outer loop
    vertex 0.5500809382536375 -1.804565946190728 -0.7540049234577773
    vertex 0.471034617399979 -1.750650300471939 -0.8294775117235381
    vertex 0.5555634317215119 -1.72866722716793 -0.9147925750156422
  endloop
endfacet
facet normal 0.279585 0.80795 -0.518699
  outer loop
    vertex 0.6608000000000001 1.602707051374376 -1.064836019054038
    vertex 0.5597082652907842 1.592324163496051 -1.135498523753516
    vertex 0.5568335786359733 1.686499873728871 -0.9903554526124572
  endloop
endfacet
facet normal 0.279585 0.80795 0.518699
  outer loop
    vertex 0.5597082652907867 1.592324163496057 1.135498523753507
    vertex 0.6608000000000001 1.602707051374375 1.064836019054041
    vertex 0.5568335786359718 1.686499873728876 0.9903554526124493
  endloop
endfacet
facet normal -0.196757 0.44365 -0.874335
  outer loop
    vertex 0.550621829960977 0.7938609082132484 -1.787402721865338
    vertex 0.4710346173999788 0.8680025577591371 -1.731872101721475
    vertex 0.5561845914547837 0.9528078823488736 -1.70800249220814
  endloop
endfacet
facet normal 0.285226 0.408092 -0.867241
  outer loop
    vertex 0.6608000000000001 0.8914742307776418 -1.705232927156701
    vertex 0.6608000000000001 0.7456574914511404 -1.773849076286591
    vertex 0.550621829960977 0.7938609082132484 -1.787402721865338
  endloop
endfacet
facet normal 0.289354 0.890003 -0.352377
  outer loop
    vertex 0.6608000000000001 1.817169011610962 -0.6328052016543807
    vertex 0.6608000000000001 1.757844169595893 -0.7826426486064538
    vertex 0.5524195557363557 1.834532094714827 -0.6779476300921355
  endloop
endfacet
facet normal 0.281016 -0.536102 0.796005
  outer loop
    vertex 0.5604967342245235 -1.170431988471265 1.566795896967794
    vertex 0.6608000000000001 -1.098167046938378 1.580055308215077
    vertex 0.5575104166089081 -1.027416631089426 1.664169743388432
  endloop
endfacet
facet normal 0.281016 -0.536102 -0.796005
  outer loop
    vertex 0.6608000000000001 -1.098167046938385 -1.580055308215072
    vertex 0.5604967342245355 -1.170431988471264 -1.566795896967795
    vertex 0.5575104166089023 -1.027416631089426 -1.664169743388433
  endloop
endfacet
facet normal 0.289354 0.890003 0.352377
  outer loop
    vertex 0.6608000000000001 1.757844169595893 0.7826426486064532
    vertex 0.6608000000000001 1.817169011610961 0.6328052016543805
    vertex 0.552419555736353 1.834532094714829 0.6779476300921276
  endloop
endfacet
facet normal -0.213682 0.952212 -0.21825
  outer loop
    vertex 0.4676281036806555 1.888113540136526 -0.4260009683514233
    vertex 0.5521602129122944 1.923067327836581 -0.3562625357984098
    vertex 0.552048980991133 1.886114441708681 -0.517376584394592
  endloop
endfacet
facet normal 0.282525 -0.783663 -0.55322
  outer loop
    vertex 0.5613131650569375 -1.540498089290272 -1.204789163562475
    vertex 0.6608000000000001 -1.556710500576275 -1.131016382461174
    vertex 0.5582151285491848 -1.641022885362608 -1.063972976613103
  endloop
endfacet
facet normal 0.282525 -0.783663 0.55322
  outer loop
    vertex 0.6608000000000001 -1.556710500576269 1.131016382461183
    vertex 0.5613131650569414 -1.540498089290272 1.204789163562474
    vertex 0.5582151285491891 -1.641022885362609 1.063972976613103
  endloop
endfacet
facet normal -0.186977 -0.743445 0.642129
  outer loop
    vertex 0.5646936482323935 -1.428340816774918 1.335627078672537
    vertex 0.4674987774014338 -1.46939381297425 1.259795150487113
    vertex 0.5613131650569414 -1.540498089290272 1.204789163562474
  endloop
endfacet
facet normal -0.188952 -0.743175 -0.641863
  outer loop
    vertex 0.4669400434789979 -1.472282081797148 -1.255990723974998
    vertex 0.5645058861116329 -1.42774934376958 -1.336273926780507
    vertex 0.5613131650569375 -1.540498089290272 -1.204789163562475
  endloop
endfacet
facet normal 0.282503 0.571738 -0.770265
  outer loop
    vertex 0.5614090103865557 1.240508968488156 -1.511878005415392
    vertex 0.6608000000000001 1.163369616818187 -1.532682868262154
    vertex 0.5589477373149553 1.100006270217374 -1.617070492696061
  endloop
endfacet
facet normal 0.282395 0.571852 0.77022
  outer loop
    vertex 0.6608000000000001 1.163369616818183 1.532682868262157
    vertex 0.5614233043063837 1.2409070936204 1.511550572121771
    vertex 0.5589477373149548 1.100006270217381 1.617070492696056
  endloop
endfacet
facet normal -0.20602 0.968081 -0.142742
  outer loop
    vertex 0.467174763111515 1.918323853309857 -0.2561510365416163
    vertex 0.495046875842958 1.941779983823786 -0.1372985809333897
    vertex 0.5602150330373445 1.942741078880118 -0.2248378930291215
  endloop
endfacet
facet normal 0.29092 -0.370754 0.88199
  outer loop
    vertex 0.6608000000000001 -0.8192845128295068 1.741068214355117
    vertex 0.6608000000000001 -0.6707223334566305 1.8035180041803
    vertex 0.5528742333319866 -0.7183667495285286 1.819088944290084
  endloop
endfacet
facet normal 0.29092 -0.370754 -0.88199
  outer loop
    vertex 0.6608000000000001 -0.6707223334566365 -1.803518004180298
    vertex 0.6608000000000001 -0.8192845128295125 -1.741068214355115
    vertex 0.5528742333320131 -0.7183667495285299 -1.819088944290084
  endloop
endfacet
facet normal 0.287395 0.637595 -0.714757
  outer loop
    vertex 0.5630332160692016 1.367814864178423 -1.397662385690048
    vertex 0.6608000000000001 1.287541112755719 -1.429959273183599
    vertex 0.5614090103865557 1.240508968488156 -1.511878005415392
  endloop
endfacet
facet normal 0.287293 0.637909 0.714518
  outer loop
    vertex 0.6608000000000001 1.287541112755717 1.4299592731836
    vertex 0.562923758659436 1.36808148526074 1.397408271824568
    vertex 0.5614233043063837 1.2409070936204 1.511550572121771
  endloop
endfacet
facet normal 0.28377 0.756919 -0.588684
  outer loop
    vertex 0.6608000000000001 1.507982950586384 -1.19521255881152
    vertex 0.5619051990827383 1.484185234831953 -1.273482621940363
    vertex 0.5597082652907842 1.592324163496051 -1.135498523753516
  endloop
endfacet
facet normal 0.284285 0.75715 0.588137
  outer loop
    vertex 0.5620832370065879 1.484957133697102 1.272571579779618
    vertex 0.6608000000000001 1.507982950586382 1.195212558811523
    vertex 0.5597082652907867 1.592324163496057 1.135498523753507
  endloop
endfacet
facet normal 0.292536 -0.873582 0.388944
  outer loop
    vertex 0.6608000000000001 -1.78907591414617 0.7083452642758655
    vertex 0.6608000000000001 -1.723528569052674 0.8555670117876448
    vertex 0.5533566022837529 -1.802754527953649 0.7584340565649647
  endloop
endfacet
facet normal -0.253472 0.952278 -0.170053
  outer loop
    vertex 0.4676281036806555 1.888113540136526 -0.4260009683514233
    vertex 0.467174763111515 1.918323853309857 -0.2561510365416163
    vertex 0.5521602129122944 1.923067327836581 -0.3562625357984098
  endloop
endfacet
facet normal 0.294203 0.406936 0.864782
  outer loop
    vertex 0.6608000000000001 0.7456574914511391 1.773849076286591
    vertex 0.6608000000000001 0.8914742307776403 1.705232927156702
    vertex 0.5538666841883462 0.798129798489883 1.785536674351796
  endloop
endfacet
facet normal -0.188573 0.657153 -0.729788
  outer loop
    vertex 0.4677354376361352 1.290341331163583 -1.442800727411067
    vertex 0.5630332160692016 1.367814864178423 -1.397662385690048
    vertex 0.5614090103865557 1.240508968488156 -1.511878005415392
  endloop
endfacet
facet normal -0.189529 0.657078 0.729608
  outer loop
    vertex 0.562923758659436 1.36808148526074 1.397408271824568
    vertex 0.4674497982987638 1.291867153596796 1.44124507930137
    vertex 0.5614233043063837 1.2409070936204 1.511550572121771
  endloop
endfacet
facet normal 0.288063 0.700053 -0.653411
  outer loop
    vertex 0.6608000000000001 1.402681432884285 -1.317205541227978
    vertex 0.5630332160692016 1.367814864178423 -1.397662385690048
    vertex 0.5619051990827383 1.484185234831953 -1.273482621940363
  endloop
endfacet
facet normal 0.287994 0.700038 0.653457
  outer loop
    vertex 0.562923758659436 1.36808148526074 1.397408271824568
    vertex 0.6608000000000001 1.402681432884282 1.317205541227981
    vertex 0.5620832370065879 1.484957133697102 1.272571579779618
  endloop
endfacet
facet normal 0.295919 0.855595 -0.424721
  outer loop
    vertex 0.6608000000000001 1.757844169595893 -0.7826426486064538
    vertex 0.6608000000000001 1.686189313740404 -0.9269904197065169
    vertex 0.5544045012290789 1.767443643279542 -0.8374343836366948
  endloop
endfacet
facet normal 0.295919 0.855595 0.424721
  outer loop
    vertex 0.6608000000000001 1.686189313740403 0.9269904197065189
    vertex 0.6608000000000001 1.757844169595893 0.7826426486064532
    vertex 0.5544045012290694 1.767443643279546 0.8374343836366875
  endloop
endfacet
facet normal -0.212011 0.930294 -0.29934
  outer loop
    vertex 0.5524195557363557 1.834532094714827 -0.6779476300921355
    vertex 0.4677798424521655 1.843082144967991 -0.5914284972856674
    vertex 0.552048980991133 1.886114441708681 -0.517376584394592
  endloop
endfacet
facet normal -0.217769 0.108355 0.969967
  outer loop
    vertex 0.5495704176255143 0.3016715085604624 1.932338223376475
    vertex 0.4677269827004792 0.2136636981681372 1.923794783020212
    vertex 0.5490204644326409 0.1297098395621917 1.951424552420353
  endloop
endfacet
facet normal -0.216476 -0.960862 0.172868
  outer loop
    vertex 0.5502718978630166 -1.908090949533272 0.4291690659992717
    vertex 0.4677525326598904 -1.905402373162121 0.3407772405168856
    vertex 0.5493916607326474 -1.938534635794145 0.2588497533791665
  endloop
endfacet
facet normal -0.219938 0.194076 0.956014
  outer loop
    vertex 0.5505608357704717 0.4712763500552143 1.898135347043164
    vertex 0.4664502811972943 0.3842068008263491 1.896460729030856
    vertex 0.5495704176255143 0.3016715085604624 1.932338223376475
  endloop
endfacet
facet normal -0.189215 0.771403 -0.607565
  outer loop
    vertex 0.5619051990827383 1.484185234831953 -1.273482621940363
    vertex 0.468265951940475 1.524184273726288 -1.193535207272638
    vertex 0.5597082652907842 1.592324163496051 -1.135498523753516
  endloop
endfacet
facet normal -0.194094 0.770641 0.606993
  outer loop
    vertex 0.4667321928601517 1.526380896772867 1.189490061837828
    vertex 0.5620832370065879 1.484957133697102 1.272571579779618
    vertex 0.5597082652907867 1.592324163496057 1.135498523753507
  endloop
endfacet
facet normal -0.217801 -0.941395 0.257564
  outer loop
    vertex 0.5515931917733393 -1.862715454253423 0.5961337170573072
    vertex 0.4665014267219582 -1.866837460436521 0.5091124375811749
    vertex 0.5502718978630166 -1.908090949533272 0.4291690659992717
  endloop
endfacet
facet normal -0.194682 0.590043 -0.783549
  outer loop
    vertex 0.466970872104172 1.15663907318253 -1.551571075841438
    vertex 0.5614090103865557 1.240508968488156 -1.511878005415392
    vertex 0.5589477373149553 1.100006270217374 -1.617070492696061
  endloop
endfacet
facet normal -0.189983 0.590653 0.784242
  outer loop
    vertex 0.5614233043063837 1.2409070936204 1.511550572121771
    vertex 0.4684348404323282 1.159389495461766 1.550419205020574
    vertex 0.5589477373149548 1.100006270217381 1.617070492696056
  endloop
endfacet
facet normal -0.218525 0.278423 0.935269
  outer loop
    vertex 0.551992548590086 0.6371966031767665 1.849076584299782
    vertex 0.4660060236170569 0.5521163810197735 1.854313654231141
    vertex 0.5505608357704717 0.4712763500552143 1.898135347043164
  endloop
endfacet
facet normal -0.207891 0.900701 -0.381469
  outer loop
    vertex 0.5544045012290789 1.767443643279542 -0.8374343836366948
    vertex 0.4678838556693973 1.783663132780247 -0.7519864670570886
    vertex 0.5524195557363557 1.834532094714827 -0.6779476300921355
  endloop
endfacet
facet normal 0.297686 -0.442292 -0.846026
  outer loop
    vertex 0.6608000000000001 -0.8192845128295125 -1.741068214355115
    vertex 0.6608000000000001 -0.9621 -1.666406081962017
    vertex 0.5549700760662983 -0.8763283901978077 -1.748484122959459
  endloop
endfacet
facet normal 0.297686 -0.442292 0.846026
  outer loop
    vertex 0.6608000000000001 -0.9620999999999944 1.66640608196202
    vertex 0.6608000000000001 -0.8192845128295068 1.741068214355117
    vertex 0.5549700760663008 -0.8763283901978071 1.748484122959459
  endloop
endfacet
facet normal -0.220543 0.927743 0.301088
  outer loop
    vertex 0.4658567780196758 1.844327073549734 0.5843602955265732
    vertex 0.552419555736353 1.834532094714829 0.6779476300921276
    vertex 0.5534515321717676 1.881434800444965 0.5341823300387636
  endloop
endfacet
facet normal -0.191674 -0.796803 0.573033
  outer loop
    vertex 0.5613131650569414 -1.540498089290272 1.204789163562474
    vertex 0.4684024482005694 -1.575695094779437 1.124769940685856
    vertex 0.5582151285491891 -1.641022885362609 1.063972976613103
  endloop
endfacet
facet normal -0.197323 -0.795832 -0.572464
  outer loop
    vertex 0.4666166128062044 -1.577682460018814 -1.120454937876614
    vertex 0.5613131650569375 -1.540498089290272 -1.204789163562475
    vertex 0.5582151285491848 -1.641022885362608 -1.063972976613103
  endloop
endfacet
facet normal -0.219341 -0.321629 0.92111
  outer loop
    vertex 0.4659001638681896 -0.6252311210540176 1.830898794096769
    vertex 0.5528742333319866 -0.7183667495285286 1.819088944290084
    vertex 0.5537513181747513 -0.5748259146674564 1.869418784725527
  endloop
endfacet
facet normal -0.206414 -0.322653 -0.923736
  outer loop
    vertex 0.5528742333320131 -0.7183667495285299 -1.819088944290084
    vertex 0.4701064530477953 -0.6322230071694032 -1.830683262991355
    vertex 0.553868750734492 -0.5755409125067231 -1.869199043332995
  endloop
endfacet
facet normal -0.225262 -0.649121 0.726567
  outer loop
    vertex 0.4670791400037181 -1.223680247622788 1.499333929779304
    vertex 0.4669240459799691 -1.351796971292397 1.384825360253663
    vertex 0.5631584386530172 -1.307170213666577 1.454531347415731
  endloop
endfacet
facet normal -0.215534 -0.915221 0.340465
  outer loop
    vertex 0.5533566022837529 -1.802754527953649 0.7584340565649647
    vertex 0.4660832961081396 -1.813677716672613 0.6738218426270844
    vertex 0.5515931917733393 -1.862715454253423 0.5961337170573072
  endloop
endfacet
facet normal -0.199011 -0.554376 0.808122
  outer loop
    vertex 0.4666324582573579 -1.085643682472997 1.601845730083655
    vertex 0.5604967342245235 -1.170431988471265 1.566795896967794
    vertex 0.5575104166089081 -1.027416631089426 1.664169743388432
  endloop
endfacet
facet normal -0.194036 -0.554866 -0.808995
  outer loop
    vertex 0.5604967342245355 -1.170431988471264 -1.566795896967795
    vertex 0.4682051041640433 -1.089618165595395 -1.600087768257383
    vertex 0.5575104166089023 -1.027416631089426 -1.664169743388433
  endloop
endfacet
facet normal -0.215005 0.360811 0.907518
  outer loop
    vertex 0.5538666841883462 0.798129798489883 1.785536674351796
    vertex 0.4659133164253813 0.715095203279019 1.797712148565516
    vertex 0.551992548590086 0.6371966031767665 1.849076584299782
  endloop
endfacet
facet normal -0.195992 0.820838 -0.536481
  outer loop
    vertex 0.5597082652907842 1.592324163496051 -1.135498523753516
    vertex 0.4681166241917553 1.62358783190766 -1.054202643484873
    vertex 0.5568335786359733 1.686499873728871 -0.9903554526124572
  endloop
endfacet
facet normal -0.201274 0.819892 0.535971
  outer loop
    vertex 0.4664593575435143 1.625781852134949 1.049299375474987
    vertex 0.5597082652907867 1.592324163496057 1.135498523753507
    vertex 0.5568335786359718 1.686499873728876 0.9903554526124493
  endloop
endfacet
facet normal -0.213836 0.899492 0.381035
  outer loop
    vertex 0.4660193712773314 1.785359820838371 0.7455387649729946
    vertex 0.5544045012290694 1.767443643279546 0.8374343836366875
    vertex 0.552419555736353 1.834532094714829 0.6779476300921276
  endloop
endfacet
facet normal -0.202496 0.864179 -0.460641
  outer loop
    vertex 0.5568335786359733 1.686499873728871 -0.9903554526124572
    vertex 0.4679910261172407 1.71030756783453 -0.9066365946951181
    vertex 0.5544045012290789 1.767443643279542 -0.8374343836366948
  endloop
endfacet
facet normal -0.212462 -0.401098 0.891056
  outer loop
    vertex 0.4660822712662278 -0.78516751539786 1.768324830248398
    vertex 0.5549700760663008 -0.8763283901978071 1.748484122959459
    vertex 0.5528742333319866 -0.7183667495285286 1.819088944290084
  endloop
endfacet
facet normal -0.204658 -0.401691 -0.892614
  outer loop
    vertex 0.5549700760662983 -0.8763283901978077 -1.748484122959459
    vertex 0.4685661312742637 -0.7904478946373856 -1.767321096195239
    vertex 0.5528742333320131 -0.7183667495285299 -1.819088944290084
  endloop
endfacet
facet normal -0.202676 0.5174 -0.831396
  outer loop
    vertex 0.4665173334456219 1.013825634394439 -1.648170520714777
    vertex 0.5589477373149553 1.100006270217374 -1.617070492696061
    vertex 0.5561845914547837 0.9528078823488736 -1.70800249220814
  endloop
endfacet
facet normal -0.195492 0.51807 0.832698
  outer loop
    vertex 0.5589477373149548 1.100006270217381 1.617070492696056
    vertex 0.4688128750161326 1.018578483309673 1.64657051832133
    vertex 0.5561845914547905 0.9528078823488808 1.708002492208135
  endloop
endfacet
facet normal -0.206801 -0.883019 0.42132
  outer loop
    vertex 0.5555634317214938 -1.728667227167931 0.9147925750156404
    vertex 0.4674439061202416 -1.747651867716284 0.831751028004143
    vertex 0.5533566022837529 -1.802754527953649 0.7584340565649647
  endloop
endfacet
facet normal -0.197095 -0.843762 0.499218
  outer loop
    vertex 0.5582151285491891 -1.641022885362609 1.063972976613103
    vertex 0.4688009498688193 -1.668766421129813 0.9817804238034957
    vertex 0.5555634317214938 -1.728667227167931 0.9147925750156404
  endloop
endfacet
facet normal -0.204827 -0.842334 -0.498517
  outer loop
    vertex 0.4663447564909255 -1.670702751133645 -0.976076400058889
    vertex 0.5582151285491848 -1.641022885362608 -1.063972976613103
    vertex 0.5555634317215119 -1.72866722716793 -0.9147925750156422
  endloop
endfacet
facet normal -0.205573 0.441005 0.873644
  outer loop
    vertex 0.5561845914547905 0.9528078823488808 1.708002492208135
    vertex 0.4674169399071225 0.8707380349337612 1.728542848778139
    vertex 0.5538666841883462 0.798129798489883 1.785536674351796
  endloop
endfacet
facet normal -0.206389 -0.479457 0.852951
  outer loop
    vertex 0.4663185759520516 -0.9390502089399607 1.691776147906851
    vertex 0.5575104166089081 -1.027416631089426 1.664169743388432
    vertex 0.5549700760663008 -0.8763283901978071 1.748484122959459
  endloop
endfacet
facet normal -0.200423 -0.479985 -0.854076
  outer loop
    vertex 0.5575104166089023 -1.027416631089426 -1.664169743388433
    vertex 0.4682078452024291 -0.9437074846654687 -1.69025737565341
    vertex 0.5549700760662983 -0.8763283901978077 -1.748484122959459
  endloop
endfacet
facet normal -0.208144 0.863094 0.460157
  outer loop
    vertex 0.4662203276359946 1.712325346785171 0.9009285272670627
    vertex 0.5568335786359718 1.686499873728876 0.9903554526124493
    vertex 0.5544045012290694 1.767443643279546 0.8374343836366875
  endloop
endfacet
facet normal -0.225034 -0.651233 -0.724745
  outer loop
    vertex 0.4669891984765707 -1.355157210998865 -1.381582807373193
    vertex 0.4674824565563356 -1.227213128637058 -1.496702596020968
    vertex 0.5630725533466625 -1.307530390575674 -1.454212836052912
  endloop
endfacet
facet normal -0.221799 -0.71307 -0.665083
  outer loop
    vertex 0.4669400434789979 -1.472282081797148 -1.255990723974998
    vertex 0.4669891984765707 -1.355157210998865 -1.381582807373193
    vertex 0.5645058861116329 -1.42774934376958 -1.336273926780507
  endloop
endfacet
facet normal -0.220638 -0.710983 0.667699
  outer loop
    vertex 0.4669240459799691 -1.351796971292397 1.384825360253663
    vertex 0.4674987774014338 -1.46939381297425 1.259795150487113
    vertex 0.5646936482323935 -1.428340816774918 1.335627078672537
  endloop
endfacet
facet normal -0.18386 0.716405 -0.673022
  outer loop
    vertex 0.5630332160692016 1.367814864178423 -1.397662385690048
    vertex 0.4691492283220428 1.413357757732568 -1.323535990399125
    vertex 0.5619051990827383 1.484185234831953 -1.273482621940363
  endloop
endfacet
facet normal -0.190062 0.716055 0.671671
  outer loop
    vertex 0.4670241767830767 1.414813706761322 1.320451354858969
    vertex 0.562923758659436 1.36808148526074 1.397408271824568
    vertex 0.5620832370065879 1.484957133697102 1.272571579779618
  endloop
endfacet
facet normal -0.253163 0.933398 -0.254315
  outer loop
    vertex 0.4677798424521655 1.843082144967991 -0.5914284972856674
    vertex 0.4676281036806555 1.888113540136526 -0.4260009683514233
    vertex 0.552048980991133 1.886114441708681 -0.517376584394592
  endloop
endfacet
facet normal -0.221856 0.680041 -0.698803
  outer loop
    vertex 0.4677354376361352 1.290341331163583 -1.442800727411067
    vertex 0.4691492283220428 1.413357757732568 -1.323535990399125
    vertex 0.5630332160692016 1.367814864178423 -1.397662385690048
  endloop
endfacet
facet normal -0.225466 0.682391 0.695347
  outer loop
    vertex 0.4670241767830767 1.414813706761322 1.320451354858969
    vertex 0.4674497982987638 1.291867153596796 1.44124507930137
    vertex 0.562923758659436 1.36808148526074 1.397408271824568
  endloop
endfacet
facet normal 0.299503 -0.83608 0.459639
  outer loop
    vertex 0.6608000000000001 -1.723528569052674 0.8555670117876448
    vertex 0.6608000000000001 -1.645891909400842 0.9967875714357844
    vertex 0.5555634317214938 -1.728667227167931 0.9147925750156404
  endloop
endfacet
facet normal 0.299503 -0.83608 -0.459639
  outer loop
    vertex 0.6608000000000001 -1.645891909400849 -0.9967875714357737
    vertex 0.6608000000000001 -1.72352856905268 -0.8555670117876329
    vertex 0.5555634317215119 -1.72866722716793 -0.9147925750156422
  endloop
endfacet
facet normal -0.224081 0.740893 -0.633139
  outer loop
    vertex 0.4691492283220428 1.413357757732568 -1.323535990399125
    vertex 0.468265951940475 1.524184273726288 -1.193535207272638
    vertex 0.5619051990827383 1.484185234831953 -1.273482621940363
  endloop
endfacet
facet normal -0.228511 0.740829 0.631629
  outer loop
    vertex 0.4667321928601517 1.526380896772867 1.189490061837828
    vertex 0.4670241767830767 1.414813706761322 1.320451354858969
    vertex 0.5620832370065879 1.484957133697102 1.272571579779618
  endloop
endfacet
facet normal -0.29175 0.956335 -0.0174768
  outer loop
    vertex 0.5532043904270388 1.955797336744264 -8.685484939017131e-16
    vertex 0.4459453503556878 1.923075704577158 -8.540171701276173e-16
    vertex 0.5008518559869243 1.942571724149493 0.1502414279931828
  endloop
endfacet
facet normal -0.291697 0.956159 0.02594
  outer loop
    vertex 0.4459453503556878 1.923075704577158 -8.540171701276173e-16
    vertex 0.5532043904270388 1.955797336744264 -8.685484939017131e-16
    vertex 0.495046875842958 1.941779983823786 -0.1372985809333897
  endloop
endfacet
facet normal -0.229141 0.61507 -0.754443
  outer loop
    vertex 0.466970872104172 1.15663907318253 -1.551571075841438
    vertex 0.4677354376361352 1.290341331163583 -1.442800727411067
    vertex 0.5614090103865557 1.240508968488156 -1.511878005415392
  endloop
endfacet
facet normal -0.227549 0.618275 0.752301
  outer loop
    vertex 0.4674497982987638 1.291867153596796 1.44124507930137
    vertex 0.4684348404323282 1.159389495461766 1.550419205020574
    vertex 0.5614233043063837 1.2409070936204 1.511550572121771
  endloop
endfacet
facet normal -0.227822 -0.765802 0.601368
  outer loop
    vertex 0.4674987774014338 -1.46939381297425 1.259795150487113
    vertex 0.4684024482005694 -1.575695094779437 1.124769940685856
    vertex 0.5613131650569414 -1.540498089290272 1.204789163562474
  endloop
endfacet
facet normal -0.230756 -0.767827 -0.597657
  outer loop
    vertex 0.4666166128062044 -1.577682460018814 -1.120454937876614
    vertex 0.4669400434789979 -1.472282081797148 -1.255990723974998
    vertex 0.5613131650569375 -1.540498089290272 -1.204789163562475
  endloop
endfacet
facet normal 0.301371 0.476754 -0.825761
  outer loop
    vertex 0.6608000000000001 1.031037918898589 -1.624655794250975
    vertex 0.6608000000000001 0.8914742307776418 -1.705232927156701
    vertex 0.5561845914547837 0.9528078823488736 -1.70800249220814
  endloop
endfacet
facet normal 0.301371 0.476754 0.825761
  outer loop
    vertex 0.6608000000000001 0.8914742307776403 1.705232927156702
    vertex 0.6608000000000001 1.031037918898587 1.624655794250976
    vertex 0.5561845914547905 0.9528078823488808 1.708002492208135
  endloop
endfacet
facet normal -0.230331 -0.583777 -0.778557
  outer loop
    vertex 0.4674824565563356 -1.227213128637058 -1.496702596020968
    vertex 0.4682051041640433 -1.089618165595395 -1.600087768257383
    vertex 0.5604967342245355 -1.170431988471264 -1.566795896967795
  endloop
endfacet
facet normal -0.232793 -0.580318 0.780409
  outer loop
    vertex 0.4666324582573579 -1.085643682472997 1.601845730083655
    vertex 0.4670791400037181 -1.223680247622788 1.499333929779304
    vertex 0.5604967342245235 -1.170431988471265 1.566795896967794
  endloop
endfacet
facet normal -0.251815 0.907563 -0.336033
  outer loop
    vertex 0.4678838556693973 1.783663132780247 -0.7519864670570886
    vertex 0.4677798424521655 1.843082144967991 -0.5914284972856674
    vertex 0.5524195557363557 1.834532094714827 -0.6779476300921355
  endloop
endfacet
facet normal -0.231359 0.79186 -0.565182
  outer loop
    vertex 0.468265951940475 1.524184273726288 -1.193535207272638
    vertex 0.4681166241917553 1.62358783190766 -1.054202643484873
    vertex 0.5597082652907842 1.592324163496051 -1.135498523753516
  endloop
endfacet
facet normal -0.235534 0.792586 0.562434
  outer loop
    vertex 0.4664593575435143 1.625781852134949 1.049299375474987
    vertex 0.4667321928601517 1.526380896772867 1.189490061837828
    vertex 0.5597082652907867 1.592324163496057 1.135498523753507
  endloop
endfacet
facet normal -0.257301 0.0680877 0.96393
  outer loop
    vertex 0.4677269827004792 0.2136636981681372 1.923794783020212
    vertex 0.4710346174001078 0.04285528166370191 1.936742843495574
    vertex 0.5490204644326409 0.1297098395621917 1.951424552420353
  endloop
endfacet
facet normal -0.24741 -0.101953 -0.963532
  outer loop
    vertex 0.4774779339698538 -0.305990621313537 -1.915823568516357
    vertex 0.4710346174001261 -0.1284819537647731 -1.932951578429894
    vertex 0.5492404214927681 -0.2159015550978859 -1.943782750734652
  endloop
endfacet
facet normal -0.256259 -0.957568 0.131893
  outer loop
    vertex 0.4677525326598904 -1.905402373162121 0.3407772405168856
    vertex 0.4710346174001267 -1.929636251133561 0.1712114345160721
    vertex 0.5493916607326474 -1.938534635794145 0.2588497533791665
  endloop
endfacet
facet normal -0.261703 0.150831 0.95329
  outer loop
    vertex 0.4664502811972943 0.3842068008263491 1.896460729030856
    vertex 0.4677269827004792 0.2136636981681372 1.923794783020212
    vertex 0.5495704176255143 0.3016715085604624 1.932338223376475
  endloop
endfacet
facet normal -0.237324 0.544781 -0.804295
  outer loop
    vertex 0.4665173334456219 1.013825634394439 -1.648170520714777
    vertex 0.466970872104172 1.15663907318253 -1.551571075841438
    vertex 0.5589477373149553 1.100006270217374 -1.617070492696061
  endloop
endfacet
facet normal -0.232141 0.548082 0.803565
  outer loop
    vertex 0.4684348404323282 1.159389495461766 1.550419205020574
    vertex 0.4688128750161326 1.018578483309673 1.64657051832133
    vertex 0.5589477373149548 1.100006270217381 1.617070492696056
  endloop
endfacet
facet normal -0.259712 -0.941718 0.213814
  outer loop
    vertex 0.4665014267219582 -1.866837460436521 0.5091124375811749
    vertex 0.4677525326598904 -1.905402373162121 0.3407772405168856
    vertex 0.5502718978630166 -1.908090949533272 0.4291690659992717
  endloop
endfacet
facet normal -0.234183 -0.815093 0.529888
  outer loop
    vertex 0.4684024482005694 -1.575695094779437 1.124769940685856
    vertex 0.4688009498688193 -1.668766421129813 0.9817804238034957
    vertex 0.5582151285491891 -1.641022885362609 1.063972976613103
  endloop
endfacet
facet normal -0.239778 -0.815905 -0.526123
  outer loop
    vertex 0.4663447564909255 -1.670702751133645 -0.976076400058889
    vertex 0.4666166128062044 -1.577682460018814 -1.120454937876614
    vertex 0.5582151285491848 -1.641022885362608 -1.063972976613103
  endloop
endfacet
facet normal -0.261241 0.234353 0.936393
  outer loop
    vertex 0.4660060236170569 0.5521163810197735 1.854313654231141
    vertex 0.4664502811972943 0.3842068008263491 1.896460729030856
    vertex 0.5505608357704717 0.4712763500552143 1.898135347043164
  endloop
endfacet
facet normal -0.246732 0.933631 0.259725
  outer loop
    vertex 0.4710346173999802 1.889999842586467 0.4251000023767273
    vertex 0.4658567780196758 1.844327073549734 0.5843602955265732
    vertex 0.5534515321717676 1.881434800444965 0.5341823300387636
  endloop
endfacet
facet normal -0.241728 -0.507781 0.826878
  outer loop
    vertex 0.4663185759520516 -0.9390502089399607 1.691776147906851
    vertex 0.4666324582573579 -1.085643682472997 1.601845730083655
    vertex 0.5575104166089081 -1.027416631089426 1.664169743388432
  endloop
endfacet
facet normal -0.237286 -0.510679 -0.826379
  outer loop
    vertex 0.4682051041640433 -1.089618165595395 -1.600087768257383
    vertex 0.4682078452024291 -0.9437074846654687 -1.69025737565341
    vertex 0.5575104166089023 -1.027416631089426 -1.664169743388433
  endloop
endfacet
facet normal -0.24596 -0.280379 0.927842
  outer loop
    vertex 0.4710346173999798 -0.4668067117322515 1.880133216258701
    vertex 0.4659001638681896 -0.6252311210540176 1.830898794096769
    vertex 0.5537513181747513 -0.5748259146674564 1.869418784725527
  endloop
endfacet
facet normal -0.239141 -0.278646 -0.930144
  outer loop
    vertex 0.4701064530477953 -0.6322230071694032 -1.830683262991355
    vertex 0.4700813295738735 -0.4785590400793642 -1.876710417693965
    vertex 0.553868750734492 -0.5755409125067231 -1.869199043332995
  endloop
endfacet
facet normal -0.239403 0.836988 -0.492074
  outer loop
    vertex 0.4681166241917553 1.62358783190766 -1.054202643484873
    vertex 0.4679910261172407 1.71030756783453 -0.9066365946951181
    vertex 0.5568335786359733 1.686499873728871 -0.9903554526124572
  endloop
endfacet
facet normal -0.24621 0.875632 -0.415511
  outer loop
    vertex 0.4679910261172407 1.71030756783453 -0.9066365946951181
    vertex 0.4678838556693973 1.783663132780247 -0.7519864670570886
    vertex 0.5544045012290789 1.767443643279542 -0.8374343836366948
  endloop
endfacet
facet normal -0.2583 -0.919558 0.296131
  outer loop
    vertex 0.4660832961081396 -1.813677716672613 0.6738218426270844
    vertex 0.4665014267219582 -1.866837460436521 0.5091124375811749
    vertex 0.5515931917733393 -1.862715454253423 0.5961337170573072
  endloop
endfacet
facet normal -0.243821 0.837554 0.488931
  outer loop
    vertex 0.4662203276359946 1.712325346785171 0.9009285272670627
    vertex 0.4664593575435143 1.625781852134949 1.049299375474987
    vertex 0.5568335786359718 1.686499873728876 0.9903554526124493
  endloop
endfacet
facet normal -0.257911 0.316842 0.912739
  outer loop
    vertex 0.4659133164253813 0.715095203279019 1.797712148565516
    vertex 0.4660060236170569 0.5521163810197735 1.854313654231141
    vertex 0.551992548590086 0.6371966031767665 1.849076584299782
  endloop
endfacet
facet normal -0.238917 0.477821 -0.845344
  outer loop
    vertex 0.4710346173999788 0.8680025577591371 -1.731872101721475
    vertex 0.4665173334456219 1.013825634394439 -1.648170520714777
    vertex 0.5561845914547837 0.9528078823488736 -1.70800249220814
  endloop
endfacet
facet normal -0.240562 0.47241 0.847914
  outer loop
    vertex 0.4688128750161326 1.018578483309673 1.64657051832133
    vertex 0.4674169399071225 0.8707380349337612 1.728542848778139
    vertex 0.5561845914547905 0.9528078823488808 1.708002492208135
  endloop
endfacet
facet normal -0.256573 0.907603 0.332306
  outer loop
    vertex 0.4658567780196758 1.844327073549734 0.5843602955265732
    vertex 0.4660193712773314 1.785359820838371 0.7455387649729946
    vertex 0.552419555736353 1.834532094714829 0.6779476300921276
  endloop
endfacet
facet normal -0.242306 -0.857825 0.453236
  outer loop
    vertex 0.4688009498688193 -1.668766421129813 0.9817804238034957
    vertex 0.4674439061202416 -1.747651867716284 0.831751028004143
    vertex 0.5555634317214938 -1.728667227167931 0.9147925750156404
  endloop
endfacet
facet normal -0.240591 -0.855361 -0.458774
  outer loop
    vertex 0.471034617399979 -1.750650300471939 -0.8294775117235381
    vertex 0.4663447564909255 -1.670702751133645 -0.976076400058889
    vertex 0.5555634317215119 -1.72866722716793 -0.9147925750156422
  endloop
endfacet
facet normal -0.255257 -0.352532 0.900314
  outer loop
    vertex 0.4659001638681896 -0.6252311210540176 1.830898794096769
    vertex 0.4660822712662278 -0.78516751539786 1.768324830248398
    vertex 0.5528742333319866 -0.7183667495285286 1.819088944290084
  endloop
endfacet
facet normal -0.246668 -0.358198 -0.900471
  outer loop
    vertex 0.4685661312742637 -0.7904478946373856 -1.767321096195239
    vertex 0.4701064530477953 -0.6322230071694032 -1.830683262991355
    vertex 0.5528742333320131 -0.7183667495285299 -1.819088944290084
  endloop
endfacet
facet normal -0.252028 -0.892059 0.375117
  outer loop
    vertex 0.4674439061202416 -1.747651867716284 0.831751028004143
    vertex 0.4660832961081396 -1.813677716672613 0.6738218426270844
    vertex 0.5533566022837529 -1.802754527953649 0.7584340565649647
  endloop
endfacet
facet normal -0.24917 -0.431644 0.866947
  outer loop
    vertex 0.4660822712662278 -0.78516751539786 1.768324830248398
    vertex 0.4663185759520516 -0.9390502089399607 1.691776147906851
    vertex 0.5549700760663008 -0.8763283901978071 1.748484122959459
  endloop
endfacet
facet normal -0.243652 -0.435243 -0.866716
  outer loop
    vertex 0.4682078452024291 -0.9437074846654687 -1.69025737565341
    vertex 0.4685661312742637 -0.7904478946373856 -1.767321096195239
    vertex 0.5549700760662983 -0.8763283901978077 -1.748484122959459
  endloop
endfacet
facet normal -0.250727 0.395162 0.883732
  outer loop
    vertex 0.4674169399071225 0.8707380349337612 1.728542848778139
    vertex 0.4659133164253813 0.715095203279019 1.797712148565516
    vertex 0.5538666841883462 0.798129798489883 1.785536674351796
  endloop
endfacet
facet normal -0.250836 0.875962 0.412034
  outer loop
    vertex 0.4660193712773314 1.785359820838371 0.7455387649729946
    vertex 0.4662203276359946 1.712325346785171 0.9009285272670627
    vertex 0.5544045012290694 1.767443643279546 0.8374343836366875
  endloop
endfacet
facet normal 0.303289 0.815076 -0.493627
  outer loop
    vertex 0.6608000000000001 1.686189313740404 -0.9269904197065169
    vertex 0.6608000000000001 1.602707051374376 -1.064836019054038
    vertex 0.5568335786359733 1.686499873728871 -0.9903554526124572
  endloop
endfacet
facet normal 0.303289 0.815076 0.493627
  outer loop
    vertex 0.6608000000000001 1.602707051374375 1.064836019054041
    vertex 0.6608000000000001 1.686189313740403 0.9269904197065189
    vertex 0.5568335786359718 1.686499873728876 0.9903554526124493
  endloop
endfacet
facet normal 0.305257 -0.510252 -0.804028
  outer loop
    vertex 0.6608000000000001 -0.9621 -1.666406081962017
    vertex 0.6608000000000001 -1.098167046938385 -1.580055308215072
    vertex 0.5575104166089023 -1.027416631089426 -1.664169743388433
  endloop
endfacet
facet normal 0.305257 -0.510252 0.804028
  outer loop
    vertex 0.6608000000000001 -1.098167046938378 1.580055308215077
    vertex 0.6608000000000001 -0.9620999999999944 1.66640608196202
    vertex 0.5575104166089081 -1.027416631089426 1.664169743388432
  endloop
endfacet
facet normal 0.307275 -0.792625 -0.526619
  outer loop
    vertex 0.6608000000000001 -1.556710500576275 -1.131016382461174
    vertex 0.6608000000000001 -1.645891909400849 -0.9967875714357737
    vertex 0.5582151285491848 -1.641022885362608 -1.063972976613103
  endloop
endfacet
facet normal 0.307275 -0.792625 0.526619
  outer loop
    vertex 0.6608000000000001 -1.645891909400842 0.9967875714357844
    vertex 0.6608000000000001 -1.556710500576269 1.131016382461183
    vertex 0.5582151285491891 -1.641022885362609 1.063972976613103
  endloop
endfacet
facet normal 0.309344 0.54272 -0.780872
  outer loop
    vertex 0.6608000000000001 1.163369616818187 -1.532682868262154
    vertex 0.6608000000000001 1.031037918898589 -1.624655794250975
    vertex 0.5589477373149553 1.100006270217374 -1.617070492696061
  endloop
endfacet
facet normal 0.309344 0.54272 0.780872
  outer loop
    vertex 0.6608000000000001 1.031037918898587 1.624655794250976
    vertex 0.6608000000000001 1.163369616818183 1.532682868262157
    vertex 0.5589477373149548 1.100006270217381 1.617070492696056
  endloop
endfacet
facet normal 0.311463 0.768775 -0.558548
  outer loop
    vertex 0.6608000000000001 1.602707051374376 -1.064836019054038
    vertex 0.6608000000000001 1.507982950586384 -1.19521255881152
    vertex 0.5597082652907842 1.592324163496051 -1.135498523753516
  endloop
endfacet
facet normal 0.311463 0.768775 0.558548
  outer loop
    vertex 0.6608000000000001 1.507982950586382 1.195212558811523
    vertex 0.6608000000000001 1.602707051374375 1.064836019054041
    vertex 0.5597082652907867 1.592324163496057 1.135498523753507
  endloop
endfacet
facet normal 0.313631 -0.574094 0.756341
  outer loop
    vertex 0.6608000000000001 -1.226531241074423 1.482621581749178
    vertex 0.6608000000000001 -1.098167046938378 1.580055308215077
    vertex 0.5604967342245235 -1.170431988471265 1.566795896967794
  endloop
endfacet
facet normal 0.313631 -0.574094 -0.756341
  outer loop
    vertex 0.6608000000000001 -1.098167046938385 -1.580055308215072
    vertex 0.6608000000000001 -1.22653124107443 -1.482621581749172
    vertex 0.5604967342245355 -1.170431988471264 -1.566795896967795
  endloop
endfacet
facet normal 0.31585 -0.743576 -0.589351
  outer loop
    vertex 0.6608000000000001 -1.456609886085112 -1.257311926197758
    vertex 0.6608000000000001 -1.556710500576275 -1.131016382461174
    vertex 0.5613131650569375 -1.540498089290272 -1.204789163562475
  endloop
endfacet
facet normal 0.31585 -0.743576 0.589351
  outer loop
    vertex 0.6608000000000001 -1.556710500576269 1.131016382461183
    vertex 0.6608000000000001 -1.456609886085105 1.257311926197766
    vertex 0.5613131650569414 -1.540498089290272 1.204789163562474
  endloop
endfacet
facet normal 0.316311 0.604696 -0.730952
  outer loop
    vertex 0.6608000000000001 1.287541112755719 -1.429959273183599
    vertex 0.6608000000000001 1.163369616818187 -1.532682868262154
    vertex 0.5614090103865557 1.240508968488156 -1.511878005415392
  endloop
endfacet
facet normal 0.316365 0.604684 0.730938
  outer loop
    vertex 0.6608000000000001 1.163369616818183 1.532682868262157
    vertex 0.6608000000000001 1.287541112755717 1.4299592731836
    vertex 0.5614233043063837 1.2409070936204 1.511550572121771
  endloop
endfacet
facet normal 0.291379 -0.668145 -0.684603
  outer loop
    vertex 0.6608000000000001 -1.346292199815819 -1.374788330149438
    vertex 0.5645058861116329 -1.42774934376958 -1.336273926780507
    vertex 0.5630725533466625 -1.307530390575674 -1.454212836052912
  endloop
endfacet
facet normal 0.317639 0.717792 -0.619581
  outer loop
    vertex 0.6608000000000001 1.507982950586384 -1.19521255881152
    vertex 0.6608000000000001 1.402681432884285 -1.317205541227978
    vertex 0.5619051990827383 1.484185234831953 -1.273482621940363
  endloop
endfacet
facet normal 0.318059 0.717685 0.619489
  outer loop
    vertex 0.6608000000000001 1.402681432884282 1.317205541227981
    vertex 0.6608000000000001 1.507982950586382 1.195212558811523
    vertex 0.5620832370065879 1.484957133697102 1.272571579779618
  endloop
endfacet
facet normal -0.187641 -0.689005 -0.700045
  outer loop
    vertex 0.5645058861116329 -1.42774934376958 -1.336273926780507
    vertex 0.4669891984765707 -1.355157210998865 -1.381582807373193
    vertex 0.5630725533466625 -1.307530390575674 -1.454212836052912
  endloop
endfacet
facet normal 0.320588 0.662734 -0.676762
  outer loop
    vertex 0.6608000000000001 1.402681432884285 -1.317205541227978
    vertex 0.6608000000000001 1.287541112755719 -1.429959273183599
    vertex 0.5630332160692016 1.367814864178423 -1.397662385690048
  endloop
endfacet
facet normal 0.32031 0.6628 0.676829
  outer loop
    vertex 0.6608000000000001 1.287541112755717 1.4299592731836
    vertex 0.6608000000000001 1.402681432884282 1.317205541227981
    vertex 0.562923758659436 1.36808148526074 1.397408271824568
  endloop
endfacet
facet normal 0.324786 -0.68945 0.647436
  outer loop
    vertex 0.6608000000000001 -1.456609886085105 1.257311926197766
    vertex 0.6608000000000001 -1.346292199815812 1.374788330149445
    vertex 0.5646936482323935 -1.428340816774918 1.335627078672537
  endloop
endfacet
facet normal 0.324321 -0.689566 -0.647545
  outer loop
    vertex 0.6608000000000001 -1.346292199815819 -1.374788330149438
    vertex 0.6608000000000001 -1.456609886085112 -1.257311926197758
    vertex 0.5645058861116329 -1.42774934376958 -1.336273926780507
  endloop
endfacet
facet normal 0.320685 -0.633791 -0.703896
  outer loop
    vertex 0.6608000000000001 -1.22653124107443 -1.482621581749172
    vertex 0.6608000000000001 -1.346292199815819 -1.374788330149438
    vertex 0.5630725533466625 -1.307530390575674 -1.454212836052912
  endloop
endfacet
facet normal 0.320901 -0.633742 0.703842
  outer loop
    vertex 0.6608000000000001 -1.346292199815812 1.374788330149445
    vertex 0.6608000000000001 -1.226531241074423 1.482621581749178
    vertex 0.5631584386530172 -1.307170213666577 1.454531347415731
  endloop
endfacet
facet normal 0.291424 -0.668115 0.684612
  outer loop
    vertex 0.5646936482323935 -1.428340816774918 1.335627078672537
    vertex 0.6608000000000001 -1.346292199815812 1.374788330149445
    vertex 0.5631584386530172 -1.307170213666577 1.454531347415731
  endloop
endfacet
facet normal -0.187373 -0.689204 0.699921
  outer loop
    vertex 0.4669240459799691 -1.351796971292397 1.384825360253663
    vertex 0.5646936482323935 -1.428340816774918 1.335627078672537
    vertex 0.5631584386530172 -1.307170213666577 1.454531347415731
  endloop
endfacet
facet normal -0.768814 0.638357 0.0377451
  outer loop
    vertex 0.374309397871 1.8368 -8.157030606526e-16
    vertex 0.4459453503556878 1.923075704577158 -8.540171701276173e-16
    vertex 0.4201810659236667 1.898987576257688 -0.1173956725178653
  endloop
endfacet
facet normal -0.76656 0.636486 -0.0852746
  outer loop
    vertex 0.4459453503556878 1.923075704577158 -8.540171701276173e-16
    vertex 0.374309397871 1.8368 -8.157030606526e-16
    vertex 0.4046987217085576 1.884445340087443 0.0824435613897798
  endloop
endfacet
facet normal 0.372304 -0.211935 0.903589
  outer loop
    vertex 0.6608000000000001 -0.5174555188278883 1.853317411032055
    vertex 0.6608000000000001 -0.3605591255258462 1.890117127852144
    vertex 0.5831983551637074 -0.4469425306117493 1.901830172506662
  endloop
endfacet
facet normal 0.361112 -0.212942 -0.907884
  outer loop
    vertex 0.6608000000000001 -0.3605591255258505 -1.890117127852143
    vertex 0.6608000000000001 -0.5174555188278936 -1.853317411032054
    vertex 0.5789585682016227 -0.4558608191100104 -1.900316800542248
  endloop
endfacet
facet normal 0.280858 0.956382 -0.0803218
  outer loop
    vertex 0.6608000000000001 1.9242 -8.545164575935e-16
    vertex 0.5532043904270388 1.955797336744264 -8.685484939017131e-16
    vertex 0.6098277170322586 1.94601892431942 0.08156235867136129
  endloop
endfacet
facet normal 0.281451 0.9584 0.0474945
  outer loop
    vertex 0.5532043904270388 1.955797336744264 -8.685484939017131e-16
    vertex 0.6608000000000001 1.9242 -8.545164575935e-16
    vertex 0.592318620280079 1.949375827635381 -0.1022089303818057
  endloop
endfacet
facet normal 0.377768 0.905667 0.192506
  outer loop
    vertex 0.6608000000000001 1.863747718643712 0.4785290808826123
    vertex 0.6608000000000001 1.897253574531066 0.3208964224311229
    vertex 0.5853053832022181 1.910458006930842 0.4069231451598272
  endloop
endfacet
facet normal -0.508115 0.858855 -0.0647127
  outer loop
    vertex 0.4459453503556878 1.923075704577158 -8.540171701276173e-16
    vertex 0.495046875842958 1.941779983823786 -0.1372985809333897
    vertex 0.4201810659236667 1.898987576257688 -0.1173956725178653
  endloop
endfacet
facet normal -0.209762 0.968779 -0.132166
  outer loop
    vertex 0.5521602129122944 1.923067327836581 -0.3562625357984098
    vertex 0.467174763111515 1.918323853309857 -0.2561510365416163
    vertex 0.5602150330373445 1.942741078880118 -0.2248378930291215
  endloop
endfacet
facet normal 0.0303936 0.994707 0.098154
  outer loop
    vertex 0.5532043904270388 1.955797336744264 -8.685484939017131e-16
    vertex 0.5008518559869243 1.942571724149493 0.1502414279931828
    vertex 0.6098277170322586 1.94601892431942 0.08156235867136129
  endloop
endfacet
facet normal -0.0484835 0.995526 -0.0811003
  outer loop
    vertex 0.495046875842958 1.941779983823786 -0.1372985809333897
    vertex 0.5532043904270388 1.955797336744264 -8.685484939017131e-16
    vertex 0.592318620280079 1.949375827635381 -0.1022089303818057
  endloop
endfacet
facet normal -0.565664 0.818487 0.100514
  outer loop
    vertex 0.5008518559869243 1.942571724149493 0.1502414279931828
    vertex 0.4459453503556878 1.923075704577158 -8.540171701276173e-16
    vertex 0.4046987217085576 1.884445340087443 0.0824435613897798
  endloop
endfacet
facet normal -0.0645005 0.997229 -0.0370685
  outer loop
    vertex 0.495046875842958 1.941779983823786 -0.1372985809333897
    vertex 0.592318620280079 1.949375827635381 -0.1022089303818057
    vertex 0.5602150330373445 1.942741078880118 -0.2248378930291215
  endloop
endfacet
facet normal 0.321216 0.937362 -0.134808
  outer loop
    vertex 0.592318620280079 1.949375827635381 -0.1022089303818057
    vertex 0.6608000000000001 1.917451559767896 -0.1610129061400413
    vertex 0.5602150330373445 1.942741078880118 -0.2248378930291215
  endloop
endfacet
facet normal -0.163681 -0.215965 -0.962584
  outer loop
    vertex 0.553868750734492 -0.5755409125067231 -1.869199043332995
    vertex 0.4700813295738735 -0.4785590400793642 -1.876710417693965
    vertex 0.5789585682016227 -0.4558608191100104 -1.900316800542248
  endloop
endfacet
facet normal -0.14962 -0.2104 0.966098
  outer loop
    vertex 0.4710346173999798 -0.4668067117322515 1.880133216258701
    vertex 0.5537513181747513 -0.5748259146674564 1.869418784725527
    vertex 0.5831983551637074 -0.4469425306117493 1.901830172506662
  endloop
endfacet
facet normal -0.144506 0.971961 0.185498
  outer loop
    vertex 0.4710346173999802 1.889999842586467 0.4251000023767273
    vertex 0.5534515321717676 1.881434800444965 0.5341823300387636
    vertex 0.5853053832022181 1.910458006930842 0.4069231451598272
  endloop
endfacet
facet normal 0.296672 -0.29809 -0.907264
  outer loop
    vertex 0.6608000000000001 -0.5174555188278936 -1.853317411032054
    vertex 0.553868750734492 -0.5755409125067231 -1.869199043332995
    vertex 0.5789585682016227 -0.4558608191100104 -1.900316800542248
  endloop
endfacet
facet normal 0.296285 -0.298189 0.907358
  outer loop
    vertex 0.5537513181747513 -0.5748259146674564 1.869418784725527
    vertex 0.6608000000000001 -0.5174555188278883 1.853317411032055
    vertex 0.5831983551637074 -0.4469425306117493 1.901830172506662
  endloop
endfacet
facet normal 0.296678 0.912292 0.282321
  outer loop
    vertex 0.5534515321717676 1.881434800444965 0.5341823300387636
    vertex 0.6608000000000001 1.863747718643712 0.4785290808826123
    vertex 0.5853053832022181 1.910458006930842 0.4069231451598272
  endloop
endfacet
endsolid Created by Gmsh
